task_type_id,arrival_time,est_m1,est_m2,ext_m1-1,ext_m2-1
2,1.585,3.067,5.979,3.034,5.969
1,2.503,1.936,1.064,1.978,1.063
1,3.859,1.901,1.056,1.914,1.043
2,4.618,3.078,5.92,3.048,5.977
1,5.023,1.938,1.011,1.902,1.028
2,5.135,3.066,5.965,3.096,5.959
1,5.689,1.905,1.042,1.93,1.07
1,7.261,1.993,1.093,1.914,1.042
2,7.701,3.022,5.98,3.039,5.965
2,7.984,3.092,5.906,3.013,5.979
2,8.735,3.039,5.913,3.079,5.951
1,8.772,1.911,1.048,1.911,1.056
2,8.844,3.012,5.998,3.039,5.939
2,8.883,3.084,5.922,3.039,5.947
1,11.563,1.97,1.08,1.903,1.035
1,13.945,1.954,1.019,1.913,1.054
1,15.359,1.963,1.057,1.991,1.063
1,16.207,1.909,1.006,1.953,1.029
1,16.329,1.926,1.064,1.974,1.024
1,16.429,1.922,1.021,1.931,1.015
1,17.433,1.975,1.011,1.917,1.078
2,17.622,3.002,5.941,3.005,5.954
2,19.019,3.011,5.924,3.053,5.999
2,19.03,3.037,5.947,3.079,5.987
1,19.437,1.928,1.037,1.95,1.09
1,20.462,1.996,1.052,1.9,1.023
1,20.6,1.914,1.061,1.907,1.087
2,21.21,3.079,5.912,3.029,5.912
1,22.366,1.955,1.011,1.986,1.088
1,23.635,1.925,1.005,1.939,1.068
2,23.758,3.076,5.949,3.066,5.982
1,23.867,1.903,1.034,1.958,1.059
1,24.249,1.979,1.013,1.945,1.059
1,24.941,1.978,1.015,1.976,1.073
2,25.052,3.05,5.957,3.076,5.98
1,25.476,1.919,1.051,1.993,1.036
2,27.853,3.003,5.911,3.013,5.94
1,27.889,1.954,1.041,1.98,1.005
1,28.28,1.976,1.05,1.943,1.059
2,28.603,3.022,5.972,3.042,5.95
1,28.808,1.993,1.043,1.938,1.086
1,29.031,1.907,1.035,1.963,1.031
1,29.628,1.934,1.044,1.952,1.059
1,30.565,1.933,1.044,1.955,1.001
1,31.862,1.99,1.003,1.975,1.085
1,32.454,1.903,1.077,1.942,1.07
1,33.008,1.984,1.041,1.996,1.032
2,33.135,3.099,5.912,3.095,5.92
1,33.37,1.938,1.008,1.901,1.052
2,33.518,3.086,5.913,3.08,5.968
2,34.306,3.023,5.968,3.03,5.991
2,34.501,3.056,5.994,3.033,5.908
2,36.089,3.003,5.996,3.063,5.979
1,36.68,1.976,1.052,1.941,1.028
1,37.021,1.954,1.083,1.902,1.035
2,37.081,3.031,5.951,3.093,5.902
2,38.777,3.008,5.926,3.003,5.978
1,39.117,1.996,1.06,1.906,1.057
1,39.398,1.998,1.028,1.905,1.06
1,39.56,1.942,1.001,1.965,1.003
2,39.729,3.006,5.923,3.059,5.911
2,40.887,3.03,5.975,3.041,5.941
2,41.235,3.051,5.957,3.078,5.971
1,41.255,1.907,1.001,1.902,1.058
2,42.903,3.077,5.974,3.023,5.936
2,43.388,3.074,5.987,3.045,5.934
1,43.463,1.904,1.018,1.971,1.032
1,43.949,1.923,1.059,1.954,1.083
1,44.432,1.997,1.056,1.995,1.017
2,44.645,3.018,5.981,3.014,5.956
1,44.747,1.902,1.076,1.941,1.088
1,44.775,1.979,1.06,1.901,1.065
1,44.888,1.942,1.043,1.928,1.058
1,45.811,1.965,1.09,1.914,1.008
1,45.843,1.926,1.088,1.965,1.095
2,46.423,3.008,5.966,3.052,5.987
1,46.457,1.99,1.02,1.968,1.01
1,46.84,1.965,1.043,1.997,1.024
1,47.787,1.917,1.076,1.982,1.026
1,49.17,1.98,1.083,1.929,1.051
2,49.227,3.076,5.958,3.076,5.962
2,49.959,3.049,5.966,3.054,5.984
1,50.115,1.948,1.097,1.975,1.064
2,51.053,3.044,5.993,3.008,5.954
1,51.179,1.918,1.04,1.926,1.046
2,51.308,3.001,5.906,3.02,5.957
1,52.257,1.98,1.013,1.938,1.001
1,52.403,1.995,1.085,1.951,1.001
1,52.479,1.954,1.002,1.949,1.03
2,52.639,3.06,5.973,3.04,5.946
2,52.733,3.005,5.972,3.005,5.977
1,53.211,1.936,1.044,1.993,1.05
2,53.701,3.002,5.927,3.042,5.962
2,53.885,3.063,5.951,3.069,5.972
2,54.126,3.027,5.998,3.006,5.991
1,54.555,1.966,1.008,1.946,1.083
1,55.385,1.926,1.051,1.977,1.036
1,55.677,1.963,1.09,1.974,1.067
2,56.272,3.014,5.902,3.074,5.925
2,56.544,3.047,5.973,3.097,5.928
1,56.67,1.98,1.001,1.967,1.037
2,57.131,3.041,5.909,3.027,5.987
2,57.403,3.083,5.926,3.067,5.909
2,57.919,3.059,5.941,3.044,5.911
1,58.213,1.947,1.068,1.981,1.057
2,58.404,3.011,5.968,3.045,5.965
2,59.026,3.032,5.937,3.079,5.958
2,59.75,3.08,5.95,3.063,5.968
1,60.167,1.907,1.009,1.984,1.021
2,61.357,3.001,5.995,3.022,5.911
2,61.632,3.018,5.946,3.066,5.914
1,62.099,1.936,1.088,1.987,1.055
1,62.796,1.964,1.052,1.91,1.085
1,65.355,1.903,1.05,1.996,1.073
2,66.742,3.045,5.957,3.042,5.956
2,67.046,3.077,5.937,3.083,5.927
1,67.735,1.908,1.086,1.967,1.044
1,68.197,1.901,1.091,1.968,1.031
2,68.442,3.063,5.951,3.053,5.996
2,68.48,3.074,5.915,3.071,5.964
1,69.007,1.946,1.042,1.922,1.031
1,69.083,1.996,1.066,1.967,1.034
1,69.305,1.949,1.062,1.953,1.025
1,69.767,1.905,1.011,1.993,1.095
1,70.069,1.903,1.018,1.933,1.055
1,70.073,1.951,1.048,1.986,1.049
1,71.638,1.948,1.034,1.935,1.066
2,72.554,3.094,5.999,3.017,5.939
1,73.992,1.964,1.071,1.956,1.042
2,74.636,3.037,5.961,3.038,5.939
2,76.993,3.055,5.978,3.079,5.901
1,77.02,1.997,1.062,1.929,1.001
1,77.496,1.942,1.044,1.91,1.056
2,80.749,3.079,5.985,3.031,5.909
1,82.969,1.992,1.027,1.914,1.022
2,83.17,3.047,5.934,3.041,5.929
2,83.609,3.089,5.946,3.037,5.961
1,84.195,1.979,1.049,1.948,1.018
1,84.629,1.943,1.041,1.931,1.046
1,84.748,1.935,1.094,1.992,1.001
1,85.135,1.964,1.011,1.937,1.073
2,85.38,3.033,5.983,3.05,5.97
1,85.443,1.996,1.063,1.985,1.047
1,85.561,1.924,1.0,1.913,1.014
2,85.751,3.097,5.914,3.022,5.993
2,85.881,3.03,5.905,3.02,5.97
1,86.126,1.925,1.096,1.995,1.009
2,86.343,3.013,5.946,3.076,5.913
1,87.201,1.986,1.023,1.907,1.071
1,87.292,1.968,1.065,1.975,1.076
1,88.957,1.991,1.097,1.974,1.078
2,90.369,3.039,5.961,3.047,5.97
1,91.948,1.978,1.04,1.945,1.074
2,91.98,3.017,5.966,3.003,5.959
2,94.476,3.073,5.953,3.031,5.91
2,94.977,3.01,5.934,3.014,5.993
1,95.925,1.989,1.09,1.936,1.052
2,95.945,3.009,5.967,3.071,5.969
1,95.972,1.931,1.055,1.922,1.05
2,96.913,3.007,5.979,3.028,5.962
1,96.938,1.934,1.046,1.976,1.069
1,98.088,1.991,1.017,1.983,1.055
2,98.454,3.023,5.983,3.046,5.954
1,98.47,1.901,1.026,1.974,1.043
1,98.615,1.916,1.049,1.97,1.087
1,98.71,1.986,1.03,1.938,1.032
1,99.656,1.974,1.027,1.99,1.055
2,100.216,3.038,5.947,3.011,5.941
2,100.951,3.081,5.931,3.058,5.913
1,101.41,1.979,1.095,1.914,1.017
2,101.977,3.073,5.966,3.023,5.954
1,103.38,1.914,1.09,1.954,1.007
2,104.059,3.042,5.997,3.071,5.947
2,104.624,3.001,5.999,3.006,5.947
2,105.103,3.051,5.995,3.098,5.913
1,105.229,1.936,1.041,1.943,1.055
2,105.233,3.073,5.97,3.078,5.91
1,105.519,1.99,1.054,1.963,1.05
2,105.633,3.041,5.965,3.028,5.995
1,105.882,1.97,1.072,1.903,1.001
2,106.135,3.063,5.928,3.095,5.934
2,106.262,3.072,5.974,3.09,5.969
1,106.593,1.936,1.003,1.942,1.042
2,106.794,3.061,5.929,3.016,5.911
1,106.871,1.932,1.086,1.941,1.048
2,106.989,3.037,5.918,3.072,5.917
2,108.789,3.099,5.962,3.003,5.927
1,109.369,1.92,1.064,1.908,1.067
2,109.477,3.079,5.967,3.081,5.908
2,110.054,3.099,5.936,3.059,5.978
1,110.817,1.936,1.002,1.957,1.025
1,110.973,1.968,1.016,1.944,1.039
1,111.166,1.929,1.073,1.946,1.086
2,111.545,3.023,5.914,3.055,5.92
2,111.628,3.04,5.902,3.001,5.939
2,111.942,3.042,5.942,3.048,5.978
1,112.331,1.926,1.007,1.948,1.033
2,112.513,3.082,5.999,3.083,5.94
1,112.91,1.908,1.036,1.922,1.006
1,113.688,1.929,1.06,1.954,1.074
2,114.768,3.066,5.924,3.037,5.921
2,115.15,3.006,5.925,3.086,5.953
1,116.618,1.992,1.024,1.991,1.013
1,117.04,1.917,1.042,1.996,1.085
2,117.239,3.013,5.951,3.093,5.956
2,117.548,3.052,5.97,3.05,5.967
2,117.872,3.037,5.943,3.072,5.925
2,117.878,3.032,5.949,3.025,5.944
1,118.136,1.973,1.02,1.984,1.008
1,118.194,1.955,1.072,1.915,1.033
1,118.753,1.975,1.002,1.908,1.068
1,119.282,1.954,1.037,1.907,1.016
2,119.521,3.072,5.937,3.076,5.914
2,119.522,3.078,5.914,3.035,5.914
2,119.575,3.056,5.974,3.095,5.958
2,120.214,3.022,5.961,3.088,5.934
1,120.232,1.978,1.085,1.934,1.074
2,120.382,3.096,5.995,3.041,5.987
2,120.686,3.079,5.994,3.094,5.929
2,120.957,3.003,5.983,3.042,5.98
2,121.474,3.073,5.959,3.089,5.927
2,121.671,3.012,5.979,3.021,5.976
1,121.744,1.927,1.078,1.969,1.081
1,121.94,1.926,1.048,1.907,1.084
2,122.38,3.013,5.966,3.079,5.941
2,122.631,3.04,5.996,3.053,5.996
1,122.679,1.915,1.06,1.996,1.039
1,122.708,1.925,1.075,1.959,1.04
2,122.773,3.06,5.933,3.064,5.925
1,122.995,1.997,1.062,1.992,1.098
1,123.322,1.91,1.049,1.993,1.077
2,124.332,3.033,5.944,3.075,5.94
2,124.684,3.099,5.998,3.022,5.956
1,125.4,1.972,1.086,1.933,1.088
1,125.832,1.925,1.011,1.976,1.026
2,126.88,3.031,5.916,3.061,5.964
1,127.179,1.926,1.094,1.951,1.031
2,128.483,3.042,5.978,3.021,5.998
2,129.047,3.08,5.994,3.04,5.906
1,129.95,1.956,1.017,1.92,1.057
1,130.127,1.968,1.033,1.989,1.099
1,130.925,1.989,1.075,1.939,1.037
2,132.903,3.064,5.923,3.074,5.913
2,133.516,3.013,5.959,3.021,5.923
2,133.559,3.05,5.909,3.008,5.946
2,133.619,3.08,5.995,3.097,5.999
1,133.622,1.979,1.076,1.978,1.037
1,133.656,1.929,1.024,1.952,1.03
1,134.68,1.952,1.088,1.988,1.094
2,135.227,3.088,5.975,3.093,5.973
2,135.349,3.06,5.944,3.09,5.948
1,136.32,1.934,1.097,1.981,1.027
2,136.684,3.018,5.991,3.084,5.993
2,137.597,3.058,5.957,3.052,5.965
1,138.095,1.926,1.045,1.928,1.026
2,138.179,3.016,5.922,3.039,5.91
2,138.49,3.077,5.967,3.052,5.968
2,140.525,3.022,5.909,3.075,5.922
2,141.643,3.037,5.978,3.04,5.961
2,142.619,3.047,5.919,3.002,5.94
2,144.005,3.025,5.964,3.076,5.926
1,144.475,1.972,1.021,1.93,1.022
2,144.805,3.069,5.935,3.025,5.968
2,145.216,3.074,5.984,3.055,5.971
1,145.391,1.972,1.085,1.942,1.039
1,145.746,1.95,1.06,1.904,1.01
1,146.93,1.989,1.038,1.917,1.044
2,147.628,3.057,5.992,3.079,5.999
1,147.896,1.922,1.076,1.956,1.063
2,148.173,3.065,5.929,3.04,5.936
2,148.571,3.001,5.969,3.057,5.941
2,148.644,3.017,5.963,3.015,5.993
2,149.544,3.034,5.909,3.047,5.988
1,150.529,1.987,1.042,1.956,1.097
2,150.553,3.081,5.914,3.025,5.98
1,150.69,1.905,1.071,1.938,1.047
1,150.865,1.986,1.088,1.946,1.028
2,151.538,3.039,5.943,3.059,5.911
1,151.868,1.95,1.036,1.94,1.092
1,152.624,1.963,1.097,1.959,1.011
2,152.693,3.064,5.923,3.023,5.911
1,153.017,1.998,1.026,1.999,1.014
2,153.71,3.086,5.969,3.087,5.907
2,153.844,3.1,5.962,3.008,5.96
1,154.256,1.944,1.0,1.994,1.027
2,154.629,3.056,5.959,3.043,5.957
1,155.537,1.948,1.001,1.928,1.073
2,155.572,3.049,5.953,3.096,5.917
1,156.185,1.956,1.095,1.94,1.077
1,156.827,1.99,1.099,1.948,1.075
2,157.566,3.084,5.929,3.007,5.994
2,158.14,3.052,5.967,3.088,5.927
1,158.666,1.989,1.083,1.998,1.058
1,158.951,1.956,1.063,1.913,1.051
2,159.219,3.084,5.969,3.05,5.935
2,159.551,3.068,5.947,3.028,5.941
2,159.948,3.081,5.919,3.051,5.962
1,160.367,1.937,1.042,1.977,1.04
2,160.761,3.037,5.93,3.07,5.937
2,160.85,3.073,5.909,3.061,5.953
2,160.909,3.027,5.996,3.013,5.908
2,161.407,3.02,5.981,3.062,5.963
2,161.965,3.005,5.988,3.075,5.922
2,162.0,3.013,5.999,3.068,5.982
1,163.033,1.918,1.003,1.902,1.046
1,163.193,1.97,1.079,1.967,1.061
2,163.463,3.054,5.941,3.028,5.915
2,164.41,3.021,5.989,3.055,5.955
1,164.47,1.934,1.029,1.94,1.039
2,164.988,3.041,5.979,3.033,5.995
2,165.661,3.013,5.964,3.043,5.946
2,166.538,3.045,5.976,3.045,5.977
1,166.586,1.998,1.061,1.932,1.055
2,167.435,3.005,5.944,3.012,5.95
2,167.685,3.099,5.93,3.016,5.938
2,167.961,3.087,5.942,3.073,5.922
2,167.963,3.043,5.934,3.09,5.938
2,167.984,3.063,5.996,3.091,5.971
2,168.354,3.037,5.937,3.023,5.976
2,168.939,3.041,5.941,3.047,5.935
2,169.456,3.064,5.947,3.022,5.972
2,170.16,3.036,5.984,3.001,5.937
1,170.316,1.931,1.048,1.919,1.046
1,171.136,1.931,1.068,1.996,1.086
1,173.277,1.92,1.004,1.932,1.022
1,173.903,1.901,1.031,1.911,1.023
1,174.199,1.964,1.033,1.943,1.059
2,174.589,3.05,5.915,3.076,5.992
1,174.735,1.904,1.056,1.958,1.02
2,175.127,3.086,5.997,3.058,5.908
2,175.903,3.065,5.974,3.064,5.922
1,176.238,1.983,1.039,1.938,1.044
2,176.891,3.045,5.971,3.033,5.955
2,177.538,3.086,5.98,3.089,5.946
1,178.254,1.948,1.068,1.963,1.079
1,178.755,1.929,1.042,1.978,1.093
2,179.221,3.062,5.985,3.076,5.947
2,179.478,3.096,5.928,3.005,5.927
2,179.639,3.085,5.985,3.023,5.982
1,180.516,1.901,1.025,1.995,1.024
2,180.604,3.045,5.996,3.003,5.901
1,180.963,1.909,1.006,1.979,1.09
2,181.243,3.093,5.991,3.011,5.922
1,181.496,1.946,1.038,1.924,1.04
2,181.544,3.058,5.934,3.084,5.959
1,181.557,1.986,1.067,1.994,1.007
1,181.747,1.979,1.074,1.948,1.066
1,182.345,1.969,1.065,1.968,1.058
2,182.623,3.013,5.939,3.048,5.994
1,183.152,1.931,1.056,1.964,1.09
1,183.178,1.932,1.085,1.946,1.009
1,183.719,1.993,1.073,1.967,1.044
2,184.543,3.033,5.957,3.002,5.955
1,184.635,1.956,1.055,1.936,1.084
2,184.751,3.015,5.907,3.056,5.936
1,184.971,1.918,1.002,1.989,1.006
1,185.353,1.917,1.08,1.915,1.055
2,185.512,3.071,5.919,3.053,5.973
1,185.606,1.957,1.043,1.942,1.036
1,186.436,1.919,1.055,1.916,1.026
2,187.216,3.078,5.928,3.029,5.998
2,187.845,3.03,5.936,3.026,5.938
1,188.446,1.942,1.001,1.999,1.091
2,188.523,3.048,5.907,3.068,5.912
2,188.728,3.064,5.914,3.043,5.906
2,189.369,3.016,5.951,3.0,5.987
1,189.5,1.96,1.063,1.919,1.046
2,189.705,3.034,5.916,3.032,5.947
1,189.788,1.928,1.005,1.978,1.08
2,190.425,3.022,5.991,3.08,5.915
1,191.092,1.993,1.095,1.963,1.044
2,191.165,3.075,5.939,3.023,5.951
2,191.212,3.027,5.992,3.006,5.968
1,192.451,1.966,1.027,1.994,1.089
2,192.53,3.018,5.994,3.051,5.911
1,193.937,1.991,1.066,1.978,1.093
2,194.108,3.015,5.946,3.093,5.988
1,194.297,1.963,1.065,1.939,1.049
1,195.553,1.962,1.002,1.913,1.086
1,195.848,1.906,1.048,1.962,1.034
1,195.961,1.902,1.087,1.99,1.041
1,196.165,1.987,1.017,1.95,1.087
1,196.295,1.957,1.064,1.959,1.087
1,197.204,1.904,1.02,1.933,1.065
2,197.235,3.035,5.918,3.058,5.958
1,197.434,1.971,1.09,1.995,1.02
1,197.637,1.993,1.035,1.92,1.052
2,197.704,3.083,5.991,3.077,5.948
2,198.495,3.003,5.985,3.029,5.944
2,200.892,3.042,5.922,3.016,5.947
2,201.504,3.088,5.937,3.029,5.975
2,201.587,3.004,5.999,3.004,5.916
1,201.702,1.907,1.086,1.986,1.058
2,201.867,3.022,5.933,3.069,5.914
1,202.438,1.921,1.085,1.936,1.072
1,202.759,1.936,1.055,1.929,1.048
2,204.067,3.069,5.996,3.051,5.974
2,205.639,3.072,5.973,3.064,5.951
1,205.67,1.991,1.095,1.911,1.041
1,205.705,1.98,1.025,1.985,1.037
2,206.267,3.083,5.927,3.045,5.933
2,206.421,3.019,5.945,3.051,5.933
1,207.054,1.955,1.081,1.979,1.042
1,207.223,1.943,1.073,1.972,1.098
2,207.291,3.088,5.907,3.022,5.935
1,208.243,1.971,1.098,1.928,1.006
2,208.716,3.052,5.934,3.032,5.973
2,209.435,3.096,5.954,3.054,5.988
2,211.46,3.06,5.983,3.079,5.96
2,211.742,3.076,5.919,3.076,5.933
1,212.088,1.954,1.076,1.929,1.066
1,212.236,1.905,1.075,1.998,1.006
2,212.926,3.077,5.982,3.077,5.929
1,214.001,1.929,1.039,1.953,1.01
1,214.139,1.976,1.091,1.902,1.06
2,215.054,3.067,5.976,3.026,5.972
1,215.497,1.955,1.074,1.924,1.035
1,217.009,1.956,1.084,1.948,1.055
1,217.779,1.916,1.06,1.925,1.016
1,218.891,1.996,1.077,1.928,1.039
1,220.474,1.993,1.08,1.984,1.097
1,221.181,1.903,1.082,1.992,1.038
1,221.431,1.996,1.015,1.999,1.031
1,221.601,1.922,1.084,1.913,1.076
1,223.483,1.913,1.011,1.975,1.004
2,223.524,3.088,5.964,3.044,5.954
1,225.397,1.976,1.002,1.961,1.008
1,226.042,1.904,1.073,1.975,1.052
2,226.304,3.099,5.981,3.041,5.99
1,226.365,1.949,1.011,1.94,1.098
2,226.67,3.028,5.946,3.077,5.966
2,227.148,3.06,5.989,3.03,5.991
1,227.82,1.942,1.055,1.982,1.01
2,227.967,3.045,5.954,3.052,5.939
1,228.021,1.902,1.054,1.949,1.092
1,229.645,1.925,1.055,1.961,1.041
1,229.972,1.997,1.044,1.968,1.067
1,229.995,1.99,1.047,1.952,1.035
2,230.254,3.053,5.925,3.045,5.974
2,230.73,3.099,5.94,3.076,5.946
2,230.774,3.098,5.972,3.087,5.973
1,230.82,1.926,1.06,1.943,1.029
1,231.956,1.995,1.087,1.902,1.015
2,232.311,3.015,5.989,3.021,5.952
2,233.074,3.013,5.947,3.008,5.905
1,233.099,1.987,1.097,1.924,1.086
2,234.227,3.082,5.904,3.005,5.966
1,234.607,1.97,1.029,1.924,1.027
1,235.1,1.964,1.083,1.975,1.03
1,236.42,1.925,1.003,1.948,1.075
2,237.553,3.076,5.986,3.023,5.964
1,237.955,1.986,1.019,1.952,1.039
2,238.098,3.076,5.954,3.039,5.934
1,238.581,1.975,1.084,1.997,1.065
1,238.715,1.974,1.028,1.931,1.056
1,240.289,1.951,1.073,1.984,1.087
1,241.1,1.98,1.063,1.958,1.031
1,242.22,1.98,1.07,1.968,1.021
1,242.34,1.978,1.076,1.902,1.073
1,243.47,1.917,1.062,1.967,1.085
1,243.711,1.943,1.056,1.933,1.038
2,244.351,3.003,5.936,3.028,5.991
2,244.371,3.023,5.929,3.096,5.96
1,245.101,1.901,1.027,1.906,1.08
2,245.576,3.013,5.941,3.012,5.905
1,245.752,1.981,1.043,1.963,1.056
2,246.281,3.046,5.933,3.056,6.0
1,246.369,1.904,1.027,1.996,1.098
2,246.711,3.017,5.921,3.038,5.954
2,247.638,3.072,5.963,3.076,5.946
1,247.754,1.924,1.004,1.922,1.062
2,248.062,3.067,5.999,3.056,5.967
1,249.307,1.945,1.018,1.919,1.091
2,251.456,3.01,5.993,3.007,5.961
2,252.016,3.091,5.939,3.015,5.965
2,252.321,3.027,5.966,3.074,5.964
2,252.45,3.072,5.929,3.042,5.908
1,253.452,1.998,1.061,1.901,1.016
1,256.729,1.918,1.069,1.939,1.059
2,257.362,3.047,5.907,3.066,5.936
1,258.136,1.983,1.053,1.96,1.083
2,259.767,3.075,5.986,3.06,5.947
1,261.201,1.975,1.095,1.911,1.098
2,261.83,3.046,5.939,3.04,5.902
1,262.721,1.917,1.004,1.958,1.024
2,263.087,3.098,5.946,3.013,5.908
1,263.257,1.989,1.002,1.975,1.051
1,263.813,1.952,1.043,1.931,1.073
2,263.998,3.052,5.964,3.093,5.956
1,264.584,1.919,1.097,1.998,1.057
1,265.568,1.969,1.072,1.939,1.001
2,266.784,3.09,5.929,3.089,5.94
2,268.163,3.058,5.951,3.022,5.982
1,268.319,1.957,1.053,1.925,1.018
1,268.539,1.997,1.04,1.905,1.033
2,270.309,3.007,5.967,3.003,5.954
2,271.525,3.028,5.922,3.095,5.94
1,272.163,1.938,1.042,1.948,1.091
2,272.452,3.063,5.979,3.021,5.941
1,272.46,1.967,1.072,1.933,1.081
2,272.517,3.075,5.976,3.039,5.935
2,273.738,3.065,5.905,3.023,5.929
2,274.207,3.043,5.922,3.045,5.9
2,274.376,3.053,5.96,3.077,5.972
2,276.11,3.042,5.96,3.058,5.941
2,276.19,3.035,5.993,3.06,5.913
2,276.873,3.086,5.937,3.011,5.96
2,277.059,3.036,5.909,3.067,5.967
1,277.239,1.995,1.09,1.955,1.051
2,278.457,3.076,5.987,3.083,5.923
2,278.505,3.081,5.937,3.047,5.973
2,279.299,3.077,5.96,3.05,5.913
1,279.35,1.966,1.078,1.968,1.081
2,279.444,3.012,5.938,3.01,5.927
1,279.991,1.992,1.029,1.911,1.07
1,280.15,1.997,1.061,1.959,1.008
1,280.537,1.955,1.083,1.954,1.077
1,280.626,1.976,1.08,1.907,1.087
1,281.052,1.949,1.07,1.927,1.05
2,281.821,3.038,5.915,3.062,5.967
1,282.505,1.902,1.022,1.9,1.042
2,283.466,3.097,5.909,3.026,5.931
2,284.033,3.041,5.904,3.027,5.989
1,284.759,1.909,1.064,1.979,1.008
2,285.135,3.057,5.995,3.037,5.978
1,286.525,1.901,1.007,1.978,1.09
2,286.526,3.04,5.916,3.095,5.94
2,287.659,3.038,5.973,3.086,5.914
2,288.241,3.069,5.912,3.095,5.979
1,288.67,1.91,1.096,1.941,1.001
2,289.222,3.014,5.935,3.084,5.96
2,289.42,3.088,5.935,3.085,5.9
2,289.744,3.065,5.968,3.095,5.982
1,290.853,1.97,1.093,1.977,1.061
2,291.535,3.047,5.934,3.026,5.914
2,291.672,3.079,5.925,3.067,5.929
1,291.677,1.998,1.082,1.969,1.057
1,291.844,1.958,1.07,1.963,1.051
1,292.021,1.974,1.003,1.99,1.021
2,292.592,3.067,5.953,3.093,5.913
2,292.712,3.097,5.947,3.073,5.97
1,293.143,1.998,1.06,1.909,1.011
2,295.456,3.059,5.968,3.091,5.905
2,296.032,3.065,5.945,3.032,5.947
2,296.182,3.004,5.94,3.014,5.949
2,296.868,3.081,5.909,3.016,5.977
2,297.493,3.066,5.927,3.03,5.925
2,297.957,3.032,5.975,3.046,5.994
1,298.28,1.93,1.04,1.944,1.08
2,298.455,3.0,5.936,3.056,5.911
2,298.551,3.071,5.973,3.066,5.993
1,298.704,1.901,1.05,1.996,1.097
1,299.074,1.964,1.086,1.904,1.043
1,299.611,1.967,1.095,1.943,1.078
1,299.89,1.907,1.071,1.959,1.025
2,300.421,3.013,5.978,3.072,5.931
2,300.791,3.05,5.96,3.078,5.915
1,301.995,1.9,1.081,1.964,1.075
2,302.285,3.059,5.978,3.028,5.913
2,302.376,3.009,5.914,3.049,5.951
2,303.109,3.039,5.924,3.015,5.91
2,303.772,3.088,5.987,3.066,5.968
2,303.82,3.093,5.988,3.093,5.912
2,304.134,3.035,5.915,3.037,5.958
1,304.164,1.979,1.076,1.954,1.035
2,304.638,3.016,5.992,3.012,5.904
2,304.702,3.003,5.903,3.084,5.947
2,304.958,3.075,5.922,3.035,5.931
2,305.271,3.021,5.973,3.083,5.955
2,305.639,3.067,5.909,3.094,5.958
2,307.144,3.063,5.96,3.087,5.963
1,307.434,1.936,1.011,1.915,1.018
2,307.639,3.055,5.925,3.005,5.947
2,308.424,3.033,5.933,3.021,5.968
2,308.884,3.087,5.994,3.047,5.961
1,309.795,1.968,1.021,1.931,1.098
2,309.966,3.083,5.908,3.041,5.949
1,310.051,1.938,1.048,1.942,1.02
1,310.862,1.948,1.084,1.938,1.011
1,310.97,1.904,1.044,1.98,1.039
2,311.971,3.003,5.943,3.025,5.954
1,312.556,1.975,1.021,1.932,1.026
1,313.572,1.986,1.091,1.963,1.087
1,313.692,1.993,1.1,1.938,1.063
2,313.762,3.006,5.966,3.023,5.963
2,313.956,3.015,5.916,3.008,5.913
2,314.032,3.069,5.958,3.02,5.939
2,314.352,3.065,5.958,3.022,5.902
1,315.013,1.963,1.008,1.99,1.001
2,315.055,3.017,5.933,3.063,5.988
2,315.6,3.068,5.946,3.091,5.913
1,316.694,1.967,1.077,1.983,1.041
1,320.019,1.908,1.094,1.939,1.008
2,320.041,3.029,5.951,3.052,5.934
2,320.094,3.081,5.957,3.018,5.949
2,320.342,3.056,5.946,3.094,5.989
1,320.429,1.97,1.048,1.985,1.05
2,321.446,3.034,5.973,3.095,5.939
1,322.597,1.923,1.081,1.984,1.05
2,323.32,3.027,5.922,3.093,5.958
2,324.176,3.076,5.912,3.009,5.909
2,324.271,3.088,5.957,3.053,5.941
2,324.537,3.055,5.979,3.042,5.949
2,324.668,3.016,5.915,3.031,5.913
2,325.079,3.068,5.929,3.042,5.974
1,325.433,1.915,1.009,1.971,1.032
1,325.521,1.965,1.062,1.936,1.011
2,326.107,3.08,5.905,3.085,5.97
1,326.458,1.949,1.063,1.928,1.042
2,326.547,3.04,5.912,3.077,5.991
1,327.181,1.938,1.05,1.966,1.006
2,327.191,3.096,5.996,3.035,5.961
1,327.272,1.942,1.028,1.905,1.061
1,327.388,1.957,1.009,1.925,1.017
1,327.617,1.944,1.043,1.993,1.04
2,328.426,3.091,5.966,3.047,5.974
2,329.726,3.004,5.9,3.06,5.954
1,329.761,1.994,1.075,1.976,1.055
2,330.267,3.03,5.937,3.03,5.991
2,330.625,3.043,5.902,3.078,5.949
2,330.66,3.03,5.996,3.031,5.977
2,330.9,3.033,5.963,3.004,5.969
1,331.032,1.921,1.066,1.903,1.044
1,331.984,1.996,1.053,1.926,1.078
1,332.054,1.936,1.001,1.926,1.028
1,332.291,1.975,1.047,1.926,1.052
1,332.3,1.989,1.001,1.941,1.008
1,332.34,1.964,1.039,1.904,1.094
1,332.584,1.994,1.044,1.992,1.02
1,332.87,1.958,1.02,1.952,1.034
2,332.903,3.068,5.969,3.005,5.922
2,333.429,3.074,5.938,3.003,5.915
2,334.008,3.099,5.997,3.043,5.956
1,334.323,1.954,1.098,1.979,1.063
1,334.974,1.91,1.013,1.93,1.007
2,335.417,3.04,5.909,3.08,5.987
1,335.711,1.943,1.001,1.939,1.027
2,335.962,3.027,5.939,3.074,5.982
2,336.027,3.024,5.973,3.084,5.966
1,336.054,1.928,1.056,1.927,1.061
1,336.134,1.967,1.01,1.967,1.067
1,336.433,1.994,1.034,1.954,1.021
2,336.924,3.016,5.966,3.058,5.975
2,337.41,3.068,5.915,3.026,5.921
1,338.15,1.947,1.098,1.907,1.006
2,338.269,3.011,5.918,3.085,5.932
2,338.557,3.033,5.978,3.029,5.973
2,339.042,3.08,5.976,3.075,5.925
1,339.091,1.918,1.065,1.908,1.07
1,339.164,1.996,1.01,1.98,1.0
1,339.348,1.986,1.051,1.992,1.048
1,339.541,1.944,1.094,1.917,1.095
1,339.609,1.913,1.08,1.903,1.046
2,339.942,3.069,5.929,3.008,5.938
1,339.961,1.985,1.046,1.92,1.095
1,340.171,1.909,1.018,1.968,1.081
2,340.893,3.058,5.997,3.044,5.91
1,341.407,1.946,1.055,1.902,1.058
2,341.461,3.031,5.967,3.073,5.989
2,341.727,3.067,5.968,3.009,5.995
1,341.959,1.927,1.098,1.982,1.005
2,342.027,3.048,5.922,3.049,5.985
1,342.051,1.955,1.04,1.977,1.053
1,342.118,1.978,1.096,1.99,1.041
2,342.782,3.012,5.966,3.037,5.998
1,343.368,1.955,1.046,1.917,1.001
1,343.578,1.989,1.052,1.954,1.095
2,343.985,3.084,6.0,3.05,5.92
2,344.219,3.022,5.93,3.013,5.992
2,344.583,3.039,5.934,3.013,5.932
2,345.112,3.046,5.922,3.074,5.976
1,345.217,1.913,1.091,1.941,1.001
1,345.474,1.938,1.004,1.926,1.052
1,345.725,1.921,1.02,1.971,1.095
1,345.85,1.999,1.029,1.942,1.039
1,346.399,1.952,1.086,1.923,1.001
1,346.436,1.986,1.016,1.98,1.032
1,347.268,1.953,1.086,1.943,1.01
2,348.601,3.01,5.978,3.003,5.987
2,348.646,3.001,5.987,3.087,5.979
1,348.881,1.919,1.05,1.96,1.037
2,349.346,3.049,5.909,3.0,5.983
2,350.401,3.083,5.923,3.056,5.959
1,350.878,1.945,1.064,1.922,1.095
2,350.913,3.025,5.947,3.035,5.945
1,351.241,1.925,1.032,1.951,1.045
1,351.317,1.988,1.02,1.903,1.0
2,352.327,3.08,5.958,3.03,5.966
1,352.766,1.928,1.08,1.979,1.027
1,352.907,1.941,1.087,1.942,1.063
2,353.9,3.054,5.909,3.088,5.947
1,354.022,1.946,1.042,1.908,1.089
2,354.177,3.063,5.957,3.076,5.939
2,354.325,3.058,5.987,3.011,5.951
2,354.429,3.019,5.938,3.088,5.946
1,354.978,1.979,1.035,1.955,1.039
1,355.056,1.932,1.071,1.918,1.057
1,356.167,1.941,1.072,1.951,1.011
1,356.196,1.942,1.013,1.97,1.084
2,356.239,3.005,5.911,3.078,5.949
1,356.589,1.977,1.034,1.967,1.068
1,358.229,1.911,1.048,1.982,1.009
2,358.713,3.002,5.992,3.095,5.919
2,359.19,3.099,5.96,3.038,5.973
2,360.038,3.072,5.911,3.08,5.939
1,360.091,1.926,1.06,1.997,1.001
1,360.987,1.978,1.004,1.981,1.042
2,361.309,3.015,5.92,3.094,5.927
2,361.564,3.054,5.987,3.012,5.992
1,362.678,1.954,1.04,1.915,1.038
2,363.265,3.089,5.916,3.068,5.949
2,363.535,3.079,5.99,3.058,5.966
1,363.889,1.986,1.006,1.932,1.015
1,363.959,1.971,1.058,1.906,1.043
2,364.12,3.033,5.952,3.038,5.904
1,364.191,1.915,1.088,1.915,1.092
1,364.386,1.939,1.041,1.948,1.091
2,364.549,3.042,5.964,3.075,5.956
2,366.27,3.016,5.98,3.032,5.988
1,367.361,1.992,1.033,1.967,1.06
2,367.622,3.003,5.932,3.009,5.966
2,367.747,3.053,5.95,3.087,5.907
1,367.933,1.952,1.067,1.98,1.083
2,368.495,3.072,5.945,3.034,5.954
2,369.068,3.023,5.938,3.007,5.954
2,369.163,3.063,5.903,3.022,5.98
2,369.226,3.073,5.947,3.014,5.931
1,369.532,1.939,1.028,1.911,1.038
1,370.002,1.996,1.046,1.984,1.072
2,370.05,3.026,5.935,3.056,5.947
2,370.255,3.078,5.952,3.056,5.933
1,371.135,1.926,1.02,1.918,1.037
2,371.351,3.088,5.983,3.044,5.975
1,371.636,1.987,1.061,1.953,1.026
1,372.668,1.948,1.004,1.904,1.008
1,373.275,1.967,1.089,1.931,1.001
1,373.926,1.999,1.055,1.919,1.04
1,374.292,1.969,1.013,1.957,1.066
1,374.497,1.936,1.04,1.918,1.067
2,374.908,3.084,5.943,3.01,5.977
1,375.155,1.954,1.012,1.97,1.096
2,375.323,3.042,5.948,3.057,5.973
2,376.314,3.075,5.983,3.015,5.959
2,376.515,3.088,5.973,3.014,5.949
1,376.983,1.968,1.028,1.926,1.046
2,377.311,3.065,5.909,3.092,5.966
2,378.55,3.039,5.989,3.081,5.938
2,378.603,3.084,5.986,3.023,5.915
2,378.743,3.098,5.914,3.042,5.978
2,379.017,3.015,5.945,3.058,5.967
2,379.156,3.077,5.987,3.053,5.933
2,379.172,3.053,5.954,3.091,5.946
2,380.922,3.013,5.941,3.027,5.958
2,381.044,3.079,5.989,3.044,5.968
1,381.758,1.909,1.057,1.946,1.061
2,382.02,3.003,5.909,3.042,5.921
2,383.266,3.08,5.941,3.095,5.953
2,384.531,3.083,5.978,3.09,5.982
2,385.172,3.056,5.902,3.028,5.982
1,385.216,1.972,1.043,1.927,1.037
1,385.703,1.938,1.006,1.929,1.06
1,386.15,1.946,1.035,1.928,1.038
2,386.406,3.076,5.923,3.084,5.978
2,387.296,3.029,5.952,3.012,5.901
1,387.577,1.98,1.067,1.934,1.08
1,387.884,1.946,1.037,1.901,1.071
1,388.342,1.926,1.01,1.925,1.046
1,389.225,1.988,1.046,1.916,1.086
2,389.668,3.095,5.946,3.001,5.929
2,389.824,3.06,5.933,3.037,5.998
2,390.563,3.077,5.967,3.099,5.933
2,391.758,3.066,5.982,3.003,5.962
1,392.127,1.917,1.043,1.913,1.062
1,392.227,1.953,1.003,1.978,1.008
1,392.486,1.977,1.009,1.992,1.057
1,392.996,1.926,1.091,1.967,1.009
1,394.095,1.939,1.057,1.908,1.066
1,394.156,1.946,1.046,1.976,1.074
1,395.568,1.971,1.052,1.954,1.056
1,395.693,1.976,1.078,1.934,1.063
2,395.755,3.072,5.951,3.021,5.929
2,397.529,3.06,5.946,3.039,5.995
2,397.565,3.009,5.934,3.018,5.913
1,397.79,1.981,1.083,1.926,1.015
1,398.083,1.926,1.055,1.919,1.074
1,398.388,1.933,1.029,1.98,1.078
1,398.63,1.964,1.082,1.969,1.017
2,398.735,3.076,5.919,3.027,5.979
2,399.209,3.057,5.952,3.066,5.998
1,399.522,1.945,1.031,1.928,1.094
1,400.681,1.981,1.008,1.914,1.051
1,401.203,1.997,1.092,1.912,1.098
2,401.243,3.04,5.998,3.079,5.977
2,401.258,3.001,5.996,3.081,5.93
1,401.273,1.955,1.033,1.957,1.005
2,401.302,3.027,5.912,3.042,5.965
2,401.518,3.016,5.966,3.063,5.933
2,401.736,3.09,5.981,3.012,5.912
2,402.083,3.061,5.976,3.095,5.991
2,402.717,3.033,5.957,3.074,5.969
2,403.144,3.002,5.987,3.022,5.958
1,403.295,1.951,1.029,1.998,1.079
2,403.69,3.026,5.965,3.078,5.952
1,404.255,1.987,1.085,1.927,1.086
2,404.3,3.032,5.987,3.088,5.951
1,404.804,1.987,1.001,1.931,1.052
2,405.071,3.03,5.998,3.021,5.95
2,405.166,3.097,5.962,3.0,5.924
2,405.514,3.037,5.988,3.088,5.978
2,406.212,3.062,5.92,3.077,5.985
1,406.324,1.947,1.004,1.928,1.085
2,406.782,3.09,5.908,3.067,5.987
2,407.229,3.046,5.912,3.075,5.98
2,407.354,3.076,5.961,3.096,5.929
1,407.67,1.967,1.078,1.925,1.007
2,407.934,3.046,5.988,3.062,5.932
2,410.537,3.051,5.985,3.057,5.966
2,410.575,3.054,5.94,3.069,5.996
1,410.709,1.942,1.012,1.936,1.01
1,411.472,1.917,1.027,1.964,1.061
2,411.729,3.042,5.941,3.082,5.959
2,411.778,3.074,5.912,3.067,5.984
2,412.534,3.071,5.948,3.007,5.998
2,412.812,3.095,5.909,3.053,5.937
1,413.863,1.985,1.078,1.931,1.06
1,413.965,1.907,1.029,1.963,1.014
1,414.578,1.923,1.018,1.918,1.011
2,415.314,3.003,5.971,3.003,5.968
1,415.672,1.962,1.048,1.99,1.092
1,415.683,1.969,1.019,1.996,1.086
2,415.688,3.032,5.921,3.069,5.949
2,416.714,3.096,5.963,3.095,5.973
1,417.405,1.978,1.098,1.957,1.052
1,417.882,1.917,1.001,1.962,1.066
1,418.096,1.977,1.062,1.979,1.026
2,419.395,3.015,5.98,3.063,5.924
2,419.652,3.001,5.987,3.076,5.977
1,420.295,1.936,1.08,1.943,1.066
2,420.71,3.065,5.915,3.063,5.96
1,421.051,1.997,1.095,1.966,1.077
1,421.123,1.93,1.093,1.914,1.056
1,421.218,1.902,1.067,1.905,1.086
2,421.408,3.064,5.958,3.042,5.955
1,421.689,1.973,1.066,1.956,1.081
1,421.862,1.954,1.082,1.94,1.072
2,422.124,3.046,5.911,3.014,5.916
2,424.448,3.015,5.936,3.069,5.999
1,424.48,1.915,1.042,1.958,1.09
2,424.503,3.053,5.95,3.031,5.965
1,424.6,1.944,1.059,1.948,1.044
1,425.255,1.948,1.067,1.918,1.073
2,425.475,3.082,5.941,3.049,5.946
1,425.595,1.949,1.033,1.958,1.047
2,425.721,3.079,5.947,3.095,5.905
1,425.849,1.977,1.04,1.967,1.077
2,426.161,3.004,5.977,3.015,5.977
2,426.2,3.056,5.998,3.032,5.99
2,426.262,3.04,5.957,3.014,5.976
2,426.471,3.001,5.957,3.064,5.946
2,427.354,3.027,5.919,3.093,5.911
2,427.95,3.002,5.938,3.054,5.933
1,428.809,1.914,1.047,1.947,1.096
2,428.873,3.009,5.929,3.045,5.907
2,429.321,3.029,5.958,3.054,5.909
1,429.775,1.928,1.032,1.925,1.091
2,430.01,3.039,5.979,3.099,5.992
2,430.13,3.022,5.971,3.035,5.99
2,430.432,3.014,5.96,3.087,5.987
1,430.587,1.987,1.066,1.967,1.024
2,431.076,3.083,5.98,3.038,5.998
1,432.009,1.93,1.091,1.975,1.061
1,432.296,1.968,1.035,1.995,1.027
2,432.7,3.09,5.95,3.081,5.941
1,434.225,1.927,1.011,1.981,1.032
1,435.606,1.925,1.042,1.957,1.04
2,436.045,3.033,5.939,3.048,5.983
2,436.55,3.088,5.987,3.034,5.934
1,437.038,1.999,1.099,1.934,1.035
1,439.042,1.987,1.06,1.952,1.017
1,439.683,1.96,1.096,1.991,1.069
2,440.413,3.046,5.902,3.04,5.933
2,440.884,3.005,5.987,3.043,5.973
2,443.097,3.099,5.976,3.024,5.998
2,443.35,3.096,5.955,3.048,5.917
2,444.214,3.075,5.982,3.065,5.946
1,444.493,1.923,1.09,1.965,1.094
2,444.836,3.078,6.0,3.087,5.927
1,445.165,1.964,1.023,1.925,1.026
2,445.565,3.063,5.938,3.009,5.973
2,446.212,3.045,5.993,3.033,5.987
1,447.166,1.937,1.093,1.962,1.067
1,447.334,1.948,1.006,1.91,1.034
2,447.48,3.038,5.987,3.04,5.98
2,447.804,3.06,5.962,3.072,5.992
2,448.761,3.099,5.909,3.033,5.926
1,449.642,1.961,1.055,1.918,1.093
1,449.831,1.999,1.091,1.98,1.044
1,450.402,1.97,1.006,1.981,1.035
1,450.506,1.993,1.016,1.915,1.083
2,450.852,3.072,5.923,3.06,5.947
2,451.203,3.079,5.974,3.047,5.974
1,451.834,1.957,1.061,1.938,1.008
2,452.711,3.031,5.978,3.062,5.948
1,452.79,1.902,1.051,1.937,1.026
1,453.632,1.946,1.087,1.932,1.081
2,453.652,3.021,5.949,3.028,5.962
2,456.349,3.089,5.998,3.066,5.968
1,457.731,1.903,1.058,1.939,1.033
1,458.776,1.906,1.089,1.924,1.098
2,459.357,3.072,5.947,3.049,5.964
1,459.735,1.932,1.096,1.91,1.016
1,460.501,1.942,1.051,1.936,1.068
1,460.705,1.905,1.075,1.994,1.038
2,461.771,3.056,5.931,3.053,5.958
2,463.096,3.076,5.996,3.076,5.935
1,463.179,1.954,1.057,1.955,1.033
2,464.362,3.056,5.954,3.062,5.987
1,466.157,1.958,1.094,1.979,1.03
2,466.342,3.072,5.981,3.083,5.975
2,467.563,3.067,5.964,3.046,5.933
1,467.871,1.918,1.051,1.912,1.085
1,469.803,1.993,1.022,1.944,1.086
2,470.185,3.014,5.931,3.042,5.993
1,471.648,1.969,1.043,1.971,1.031
1,472.313,1.918,1.031,1.916,1.098
2,472.456,3.096,5.92,3.013,5.902
2,472.664,3.075,5.939,3.03,5.919
1,472.823,1.914,1.065,1.973,1.036
2,473.441,3.064,5.908,3.01,5.924
1,474.499,1.992,1.018,1.915,1.043
1,474.716,1.951,1.047,1.901,1.054
1,475.92,1.968,1.075,1.925,1.038
1,476.337,1.996,1.047,1.92,1.047
1,476.53,1.955,1.065,1.918,1.098
2,476.84,3.054,5.951,3.026,5.965
2,477.625,3.06,5.949,3.048,5.927
2,478.445,3.068,5.9,3.043,5.931
1,478.466,1.988,1.078,1.934,1.063
1,478.744,1.922,1.064,1.929,1.016
1,479.048,1.981,1.098,1.919,1.098
1,480.035,1.948,1.07,1.934,1.021
1,480.655,1.97,1.077,1.937,1.042
1,482.025,1.996,1.023,1.975,1.041
1,482.494,1.903,1.093,1.931,1.087
1,482.689,1.915,1.095,1.981,1.002
1,482.821,1.939,1.083,1.986,1.005
2,482.904,3.005,5.996,3.093,5.903
2,483.476,3.013,5.9,3.09,5.92
1,483.612,1.92,1.019,1.936,1.035
2,483.626,3.085,5.958,3.036,5.953
1,484.131,1.91,1.071,1.939,1.038
2,484.687,3.016,5.903,3.066,5.915
1,484.894,1.968,1.006,1.906,1.077
1,485.658,1.968,1.095,1.982,1.02
1,485.686,1.92,1.053,1.962,1.033
1,485.725,1.972,1.07,1.943,1.056
2,486.293,3.04,5.974,3.033,5.961
2,486.506,3.074,5.912,3.093,5.919
2,486.777,3.026,5.947,3.005,5.911
1,487.324,1.903,1.043,1.903,1.051
1,488.652,1.919,1.08,1.981,1.043
1,488.825,1.94,1.074,1.916,1.061
2,488.922,3.086,5.947,3.086,5.982
2,488.956,3.033,5.919,3.076,5.954
2,489.327,3.023,5.928,3.028,5.905
1,492.281,1.965,1.073,1.931,1.082
1,493.168,1.941,1.082,1.97,1.088
2,493.959,3.009,5.988,3.052,5.973
2,494.781,3.083,5.934,3.018,5.992
2,495.162,3.036,5.979,3.077,5.949
1,495.277,1.964,1.071,1.919,1.094
2,495.819,3.089,5.909,3.04,5.931
1,495.968,1.935,1.085,1.904,1.08
1,496.446,1.986,1.052,1.99,1.09
1,496.865,1.996,1.081,1.959,1.035
2,496.923,3.023,5.903,3.016,5.998
1,497.357,1.969,1.06,1.925,1.051
1,497.737,1.946,1.047,1.942,1.054
2,498.281,3.09,5.908,3.042,5.946
2,500.326,3.096,5.909,3.095,5.918
2,500.369,3.039,5.932,3.038,5.907
1,500.37,1.936,1.08,1.957,1.095
2,500.921,3.095,5.903,3.057,5.972
1,501.081,1.935,1.024,1.975,1.053
2,501.803,3.009,5.986,3.093,5.934
1,502.885,1.981,1.096,1.97,1.035
1,503.578,1.979,1.074,1.942,1.023
1,503.615,1.944,1.06,1.958,1.066
1,505.34,1.958,1.022,1.963,1.035
1,506.731,1.928,1.06,1.977,1.066
1,507.314,1.91,1.021,1.95,1.006
1,508.079,1.996,1.094,1.913,1.024
1,508.887,1.951,1.089,1.99,1.01
1,510.162,1.911,1.064,1.991,1.013
1,512.206,1.994,1.007,1.901,1.096
1,512.463,1.974,1.084,1.903,1.054
1,513.234,1.901,1.057,1.959,1.048
1,513.859,1.987,1.075,1.936,1.081
1,514.247,1.928,1.036,1.979,1.021
1,514.393,1.989,1.026,1.994,1.0
