id,type,urgency,status,assigned_machine,arrival_time,execution_time,energy_usage,start_time,completion_time,missed_time,deadline,extended_deadline
0,T1,BESTEFFORT,COMPLETED,m1-1,9.119,"{'m1-1': 0.932, 'm2-1': 5.006, 'm3-1': 9.316}",93.2,9.119,10.051,inf,59.119,59.119
1,T1,BESTEFFORT,COMPLETED,m2-1,9.696,"{'m1-1': 1.004, 'm2-1': 5.061, 'm3-1': 10.487}",1518.3,9.696,14.757,inf,59.696,59.696
2,T1,BESTEFFORT,COMPLETED,m3-1,12.83,"{'m1-1': 0.986, 'm2-1': 4.7, 'm3-1': 10.723}",107.23,12.83,23.553,inf,62.83,62.83
3,T4,BESTEFFORT,COMPLETED,m1-1,16.962,"{'m1-1': 1.07, 'm2-1': 4.998, 'm3-1': 9.39}",107.0,16.962,18.032,inf,66.962,66.962
4,T1,BESTEFFORT,COMPLETED,m2-1,18.01,"{'m1-1': 1.001, 'm2-1': 5.25, 'm3-1': 10.169}",1575.0,18.01,23.26,inf,68.01,68.01
5,T4,BESTEFFORT,COMPLETED,m3-1,18.917,"{'m1-1': 1.029, 'm2-1': 5.262, 'm3-1': 10.074}",100.74,23.553,33.627,inf,68.917,68.917
6,T3,BESTEFFORT,COMPLETED,m1-1,27.5,"{'m1-1': 0.986, 'm2-1': 5.405, 'm3-1': 10.005}",98.6,27.5,28.486,inf,77.5,77.5
7,T2,BESTEFFORT,COMPLETED,m2-1,27.713,"{'m1-1': 0.933, 'm2-1': 4.598, 'm3-1': 10.488}",1379.3999999999999,27.713,32.311,inf,77.713,77.713
8,T3,BESTEFFORT,COMPLETED,m3-1,29.854,"{'m1-1': 0.97, 'm2-1': 5.1, 'm3-1': 9.281}",92.81,33.627,42.908,inf,79.854,79.854
9,T2,BESTEFFORT,COMPLETED,m1-1,29.922,"{'m1-1': 1.033, 'm2-1': 4.791, 'm3-1': 10.092}",103.3,29.922,30.955000000000002,inf,79.922,79.922
10,T2,BESTEFFORT,COMPLETED,m2-1,31.015,"{'m1-1': 1.039, 'm2-1': 4.958, 'm3-1': 10.668}",1487.4,32.311,37.269,inf,81.015,81.015
11,T1,BESTEFFORT,COMPLETED,m3-1,32.279,"{'m1-1': 0.985, 'm2-1': 4.773, 'm3-1': 10.387}",103.87,42.908,53.295,inf,82.279,82.279
12,T2,BESTEFFORT,COMPLETED,m1-1,48.704,"{'m1-1': 1.037, 'm2-1': 5.148, 'm3-1': 9.668}",103.69999999999999,48.704,49.741,inf,98.70400000000001,98.70400000000001
13,T2,BESTEFFORT,COMPLETED,m2-1,54.121,"{'m1-1': 0.95, 'm2-1': 5.299, 'm3-1': 9.421}",1589.7,54.121,59.42,inf,104.12100000000001,104.12100000000001
14,T1,BESTEFFORT,COMPLETED,m3-1,55.435,"{'m1-1': 1.016, 'm2-1': 5.146, 'm3-1': 10.266}",102.66,55.435,65.70100000000001,inf,105.435,105.435
15,T1,BESTEFFORT,COMPLETED,m1-1,60.115,"{'m1-1': 1.004, 'm2-1': 5.168, 'm3-1': 10.329}",100.4,60.115,61.119,inf,110.11500000000001,110.11500000000001
16,T3,BESTEFFORT,COMPLETED,m2-1,60.77,"{'m1-1': 0.984, 'm2-1': 4.609, 'm3-1': 10.607}",1382.7,60.77,65.379,inf,110.77000000000001,110.77000000000001
17,T2,BESTEFFORT,COMPLETED,m3-1,61.236,"{'m1-1': 0.936, 'm2-1': 4.687, 'm3-1': 9.906}",99.06,65.70100000000001,75.60700000000001,inf,111.23599999999999,111.23599999999999
18,T2,BESTEFFORT,COMPLETED,m1-1,61.819,"{'m1-1': 0.991, 'm2-1': 4.835, 'm3-1': 10.63}",99.1,61.819,62.81,inf,111.819,111.819
19,T4,BESTEFFORT,COMPLETED,m2-1,66.939,"{'m1-1': 1.071, 'm2-1': 5.015, 'm3-1': 9.64}",1504.5,66.939,71.954,inf,116.939,116.939
20,T4,BESTEFFORT,COMPLETED,m3-1,77.47,"{'m1-1': 1.031, 'm2-1': 4.892, 'm3-1': 9.587}",95.87,77.47,87.057,inf,127.47,127.47
21,T1,BESTEFFORT,COMPLETED,m1-1,82.995,"{'m1-1': 1.0, 'm2-1': 5.166, 'm3-1': 10.24}",100.0,82.995,83.995,inf,132.995,132.995
22,T2,BESTEFFORT,COMPLETED,m2-1,83.031,"{'m1-1': 0.932, 'm2-1': 5.093, 'm3-1': 10.138}",1527.9,83.031,88.12400000000001,inf,133.031,133.031
23,T1,BESTEFFORT,COMPLETED,m3-1,84.402,"{'m1-1': 0.965, 'm2-1': 5.4, 'm3-1': 10.717}",107.17,87.057,97.774,inf,134.402,134.402
24,T2,BESTEFFORT,COMPLETED,m1-1,86.465,"{'m1-1': 1.026, 'm2-1': 5.217, 'm3-1': 9.97}",102.60000000000001,86.465,87.491,inf,136.465,136.465
25,T2,BESTEFFORT,COMPLETED,m2-1,86.897,"{'m1-1': 0.994, 'm2-1': 5.329, 'm3-1': 10.158}",1598.6999999999998,88.12400000000001,93.453,inf,136.897,136.897
26,T3,BESTEFFORT,COMPLETED,m3-1,106.367,"{'m1-1': 0.964, 'm2-1': 5.126, 'm3-1': 9.209}",92.09,106.367,115.57600000000001,inf,156.36700000000002,156.36700000000002
27,T3,BESTEFFORT,COMPLETED,m1-1,107.141,"{'m1-1': 0.955, 'm2-1': 4.641, 'm3-1': 10.003}",95.5,107.141,108.096,inf,157.14100000000002,157.14100000000002
28,T4,BESTEFFORT,COMPLETED,m2-1,110.421,"{'m1-1': 1.03, 'm2-1': 4.604, 'm3-1': 10.344}",1381.2,110.421,115.025,inf,160.421,160.421
29,T1,BESTEFFORT,COMPLETED,m3-1,110.865,"{'m1-1': 0.921, 'm2-1': 5.248, 'm3-1': 9.437}",94.36999999999999,115.57600000000001,125.013,inf,160.865,160.865
30,T3,BESTEFFORT,COMPLETED,m1-1,111.575,"{'m1-1': 0.944, 'm2-1': 5.205, 'm3-1': 9.73}",94.39999999999999,111.575,112.519,inf,161.575,161.575
31,T4,BESTEFFORT,COMPLETED,m2-1,114.24,"{'m1-1': 0.927, 'm2-1': 4.926, 'm3-1': 9.743}",1477.8,115.025,119.95100000000001,inf,164.24,164.24
32,T1,BESTEFFORT,COMPLETED,m3-1,114.518,"{'m1-1': 1.058, 'm2-1': 4.928, 'm3-1': 9.929}",99.29,125.013,134.942,inf,164.518,164.518
33,T4,BESTEFFORT,COMPLETED,m1-1,114.905,"{'m1-1': 0.978, 'm2-1': 5.17, 'm3-1': 10.329}",97.8,114.905,115.883,inf,164.905,164.905
34,T2,BESTEFFORT,COMPLETED,m2-1,118.383,"{'m1-1': 1.029, 'm2-1': 4.645, 'm3-1': 10.304}",1393.4999999999998,119.95100000000001,124.596,inf,168.38299999999998,168.38299999999998
35,T2,BESTEFFORT,COMPLETED,m3-1,121.761,"{'m1-1': 0.946, 'm2-1': 4.842, 'm3-1': 9.575}",95.75,134.942,144.517,inf,171.761,171.761
36,T1,BESTEFFORT,COMPLETED,m1-1,122.581,"{'m1-1': 1.082, 'm2-1': 4.823, 'm3-1': 9.702}",108.2,122.581,123.663,inf,172.58100000000002,172.58100000000002
37,T4,BESTEFFORT,COMPLETED,m2-1,123.003,"{'m1-1': 1.054, 'm2-1': 4.97, 'm3-1': 9.267}",1491.0,124.596,129.566,inf,173.003,173.003
38,T4,BESTEFFORT,COMPLETED,m3-1,127.25,"{'m1-1': 1.009, 'm2-1': 4.759, 'm3-1': 10.55}",105.5,144.517,155.067,inf,177.25,177.25
39,T1,BESTEFFORT,COMPLETED,m1-1,127.849,"{'m1-1': 1.01, 'm2-1': 4.906, 'm3-1': 10.287}",101.0,127.849,128.859,inf,177.849,177.849
40,T1,BESTEFFORT,COMPLETED,m2-1,132.287,"{'m1-1': 1.006, 'm2-1': 4.665, 'm3-1': 9.92}",1399.5,132.287,136.952,inf,182.287,182.287
41,T3,BESTEFFORT,COMPLETED,m3-1,135.328,"{'m1-1': 1.028, 'm2-1': 4.625, 'm3-1': 10.401}",104.00999999999999,155.067,165.46800000000002,inf,185.328,185.328
42,T1,BESTEFFORT,COMPLETED,m1-1,148.908,"{'m1-1': 1.084, 'm2-1': 5.048, 'm3-1': 9.984}",108.4,148.908,149.992,inf,198.908,198.908
43,T2,BESTEFFORT,COMPLETED,m2-1,152.475,"{'m1-1': 0.961, 'm2-1': 4.656, 'm3-1': 9.18}",1396.8,152.475,157.131,inf,202.475,202.475
44,T4,BESTEFFORT,COMPLETED,m3-1,156.747,"{'m1-1': 0.932, 'm2-1': 5.254, 'm3-1': 9.346}",93.46000000000001,165.46800000000002,174.81400000000002,inf,206.747,206.747
45,T1,BESTEFFORT,COMPLETED,m1-1,157.863,"{'m1-1': 1.038, 'm2-1': 5.124, 'm3-1': 9.631}",103.8,157.863,158.901,inf,207.863,207.863
46,T2,BESTEFFORT,COMPLETED,m2-1,158.461,"{'m1-1': 1.07, 'm2-1': 4.768, 'm3-1': 9.475}",1430.3999999999999,158.461,163.229,inf,208.461,208.461
47,T4,BESTEFFORT,COMPLETED,m3-1,160.459,"{'m1-1': 0.953, 'm2-1': 5.148, 'm3-1': 9.356}",93.56,174.81400000000002,184.17000000000002,inf,210.459,210.459
48,T3,BESTEFFORT,COMPLETED,m1-1,167.256,"{'m1-1': 0.965, 'm2-1': 4.905, 'm3-1': 9.173}",96.5,167.256,168.221,inf,217.256,217.256
49,T2,BESTEFFORT,COMPLETED,m2-1,167.753,"{'m1-1': 1.038, 'm2-1': 4.608, 'm3-1': 9.237}",1382.3999999999999,167.753,172.361,inf,217.753,217.753
50,T3,BESTEFFORT,COMPLETED,m3-1,170.968,"{'m1-1': 1.007, 'm2-1': 5.138, 'm3-1': 9.801}",98.01,184.17000000000002,193.971,inf,220.968,220.968
51,T2,BESTEFFORT,COMPLETED,m1-1,174.609,"{'m1-1': 1.045, 'm2-1': 4.654, 'm3-1': 9.739}",104.5,174.609,175.654,inf,224.609,224.609
52,T4,BESTEFFORT,COMPLETED,m2-1,182.165,"{'m1-1': 0.914, 'm2-1': 5.391, 'm3-1': 10.452}",1617.3,182.165,187.55599999999998,inf,232.165,232.165
53,T3,BESTEFFORT,COMPLETED,m3-1,183.9,"{'m1-1': 0.96, 'm2-1': 4.73, 'm3-1': 9.676}",96.76,193.971,203.647,inf,233.9,233.9
54,T1,BESTEFFORT,COMPLETED,m1-1,188.197,"{'m1-1': 0.979, 'm2-1': 5.065, 'm3-1': 10.299}",97.89999999999999,188.197,189.17600000000002,inf,238.197,238.197
55,T4,BESTEFFORT,COMPLETED,m2-1,190.13,"{'m1-1': 0.944, 'm2-1': 5.278, 'm3-1': 10.633}",1583.3999999999999,190.13,195.408,inf,240.13,240.13
56,T4,BESTEFFORT,COMPLETED,m3-1,193.35,"{'m1-1': 1.039, 'm2-1': 5.128, 'm3-1': 9.505}",95.05000000000001,203.647,213.152,inf,243.35,243.35
57,T1,BESTEFFORT,COMPLETED,m1-1,199.255,"{'m1-1': 1.023, 'm2-1': 5.23, 'm3-1': 9.774}",102.3,199.255,200.278,inf,249.255,249.255
58,T1,BESTEFFORT,COMPLETED,m2-1,205.842,"{'m1-1': 1.076, 'm2-1': 5.386, 'm3-1': 10.042}",1615.8,205.842,211.228,inf,255.842,255.842
59,T1,BESTEFFORT,COMPLETED,m3-1,210.35,"{'m1-1': 1.022, 'm2-1': 5.207, 'm3-1': 9.985}",99.85,213.152,223.137,inf,260.35,260.35
60,T4,BESTEFFORT,COMPLETED,m1-1,215.122,"{'m1-1': 1.006, 'm2-1': 5.08, 'm3-1': 10.409}",100.6,215.122,216.12800000000001,inf,265.122,265.122
61,T4,BESTEFFORT,COMPLETED,m2-1,216.276,"{'m1-1': 0.975, 'm2-1': 5.234, 'm3-1': 10.759}",1570.2,216.276,221.51000000000002,inf,266.276,266.276
62,T3,BESTEFFORT,COMPLETED,m3-1,224.315,"{'m1-1': 0.998, 'm2-1': 5.103, 'm3-1': 10.704}",107.04,224.315,235.019,inf,274.315,274.315
63,T1,BESTEFFORT,COMPLETED,m1-1,225.654,"{'m1-1': 1.037, 'm2-1': 5.236, 'm3-1': 9.724}",103.69999999999999,225.654,226.691,inf,275.654,275.654
64,T3,BESTEFFORT,COMPLETED,m2-1,226.368,"{'m1-1': 1.011, 'm2-1': 5.228, 'm3-1': 10.228}",1568.3999999999999,226.368,231.596,inf,276.368,276.368
65,T1,BESTEFFORT,COMPLETED,m3-1,227.45,"{'m1-1': 1.07, 'm2-1': 4.865, 'm3-1': 10.422}",104.22,235.019,245.441,inf,277.45,277.45
66,T2,BESTEFFORT,COMPLETED,m1-1,231.842,"{'m1-1': 0.968, 'm2-1': 5.422, 'm3-1': 9.57}",96.8,231.842,232.81,inf,281.842,281.842
67,T1,BESTEFFORT,COMPLETED,m2-1,233.127,"{'m1-1': 1.005, 'm2-1': 5.313, 'm3-1': 10.393}",1593.8999999999999,233.127,238.44,inf,283.127,283.127
68,T2,BESTEFFORT,COMPLETED,m3-1,235.322,"{'m1-1': 1.082, 'm2-1': 4.998, 'm3-1': 10.773}",107.72999999999999,245.441,256.214,inf,285.322,285.322
69,T2,BESTEFFORT,COMPLETED,m1-1,238.645,"{'m1-1': 0.964, 'm2-1': 5.325, 'm3-1': 9.726}",96.39999999999999,238.645,239.609,inf,288.645,288.645
70,T1,BESTEFFORT,COMPLETED,m2-1,239.75,"{'m1-1': 1.072, 'm2-1': 4.63, 'm3-1': 10.762}",1389.0,239.75,244.38,inf,289.75,289.75
71,T2,BESTEFFORT,COMPLETED,m3-1,239.85,"{'m1-1': 1.034, 'm2-1': 4.707, 'm3-1': 10.072}",100.72,256.214,266.286,inf,289.85,289.85
72,T2,BESTEFFORT,COMPLETED,m1-1,243.638,"{'m1-1': 1.026, 'm2-1': 5.253, 'm3-1': 10.649}",102.60000000000001,243.638,244.66400000000002,inf,293.63800000000003,293.63800000000003
73,T3,BESTEFFORT,COMPLETED,m2-1,245.121,"{'m1-1': 0.933, 'm2-1': 5.199, 'm3-1': 10.424}",1559.7,245.121,250.32000000000002,inf,295.121,295.121
74,T1,BESTEFFORT,COMPLETED,m3-1,247.207,"{'m1-1': 0.923, 'm2-1': 4.678, 'm3-1': 10.303}",103.03,266.286,276.589,inf,297.207,297.207
75,T2,BESTEFFORT,COMPLETED,m1-1,248.175,"{'m1-1': 1.086, 'm2-1': 4.955, 'm3-1': 9.192}",108.60000000000001,248.175,249.26100000000002,inf,298.175,298.175
76,T4,BESTEFFORT,COMPLETED,m2-1,250.928,"{'m1-1': 0.966, 'm2-1': 5.314, 'm3-1': 9.684}",1594.2,250.928,256.242,inf,300.928,300.928
77,T3,BESTEFFORT,COMPLETED,m3-1,253.364,"{'m1-1': 1.073, 'm2-1': 5.068, 'm3-1': 9.792}",97.92,276.589,286.381,inf,303.36400000000003,303.36400000000003
78,T3,BESTEFFORT,COMPLETED,m1-1,255.509,"{'m1-1': 0.915, 'm2-1': 4.813, 'm3-1': 10.32}",91.5,255.509,256.424,inf,305.509,305.509
79,T1,BESTEFFORT,COMPLETED,m2-1,259.537,"{'m1-1': 1.059, 'm2-1': 4.772, 'm3-1': 9.937}",1431.6000000000001,259.537,264.30899999999997,inf,309.537,309.537
80,T3,BESTEFFORT,COMPLETED,m3-1,262.635,"{'m1-1': 0.979, 'm2-1': 4.935, 'm3-1': 9.312}",93.11999999999999,286.381,295.693,inf,312.635,312.635
81,T1,BESTEFFORT,COMPLETED,m1-1,263.235,"{'m1-1': 0.973, 'm2-1': 5.266, 'm3-1': 9.254}",97.3,263.235,264.208,inf,313.235,313.235
82,T3,BESTEFFORT,COMPLETED,m2-1,267.122,"{'m1-1': 0.962, 'm2-1': 4.808, 'm3-1': 9.385}",1442.3999999999999,267.122,271.93,inf,317.122,317.122
83,T2,BESTEFFORT,COMPLETED,m3-1,269.457,"{'m1-1': 0.998, 'm2-1': 4.596, 'm3-1': 10.476}",104.76,295.693,306.169,inf,319.457,319.457
84,T2,BESTEFFORT,COMPLETED,m1-1,280.8,"{'m1-1': 1.016, 'm2-1': 4.846, 'm3-1': 9.335}",101.6,280.8,281.81600000000003,inf,330.8,330.8
85,T1,BESTEFFORT,COMPLETED,m2-1,282.685,"{'m1-1': 0.977, 'm2-1': 4.98, 'm3-1': 9.409}",1494.0000000000002,282.685,287.665,inf,332.685,332.685
86,T1,BESTEFFORT,COMPLETED,m3-1,283.022,"{'m1-1': 0.927, 'm2-1': 4.679, 'm3-1': 9.86}",98.6,306.169,316.029,inf,333.022,333.022
87,T2,BESTEFFORT,COMPLETED,m1-1,291.435,"{'m1-1': 1.013, 'm2-1': 5.196, 'm3-1': 9.923}",101.29999999999998,291.435,292.448,inf,341.435,341.435
88,T4,BESTEFFORT,COMPLETED,m2-1,299.729,"{'m1-1': 1.044, 'm2-1': 5.313, 'm3-1': 10.457}",1593.8999999999999,299.729,305.042,inf,349.729,349.729
89,T3,BESTEFFORT,COMPLETED,m3-1,300.702,"{'m1-1': 1.065, 'm2-1': 4.937, 'm3-1': 10.716}",107.16,316.029,326.745,inf,350.702,350.702
90,T1,BESTEFFORT,COMPLETED,m1-1,306.397,"{'m1-1': 0.93, 'm2-1': 4.633, 'm3-1': 9.97}",93.0,306.397,307.327,inf,356.397,356.397
91,T3,BESTEFFORT,COMPLETED,m2-1,308.875,"{'m1-1': 1.032, 'm2-1': 5.426, 'm3-1': 10.523}",1627.8,308.875,314.301,inf,358.875,358.875
92,T1,BESTEFFORT,COMPLETED,m3-1,310.92,"{'m1-1': 1.026, 'm2-1': 4.856, 'm3-1': 9.645}",96.44999999999999,326.745,336.39,inf,360.92,360.92
93,T2,BESTEFFORT,COMPLETED,m1-1,312.119,"{'m1-1': 0.954, 'm2-1': 4.959, 'm3-1': 10.846}",95.39999999999999,312.119,313.07300000000004,inf,362.119,362.119
94,T3,BESTEFFORT,COMPLETED,m2-1,317.162,"{'m1-1': 0.976, 'm2-1': 4.692, 'm3-1': 9.648}",1407.6000000000001,317.162,321.854,inf,367.162,367.162
95,T2,BESTEFFORT,COMPLETED,m3-1,333.485,"{'m1-1': 0.999, 'm2-1': 4.747, 'm3-1': 10.297}",102.97,336.39,346.687,inf,383.485,383.485
96,T4,BESTEFFORT,COMPLETED,m1-1,342.541,"{'m1-1': 0.983, 'm2-1': 5.1, 'm3-1': 9.621}",98.3,342.541,343.524,inf,392.541,392.541
97,T1,BESTEFFORT,COMPLETED,m2-1,344.56,"{'m1-1': 0.975, 'm2-1': 4.599, 'm3-1': 9.647}",1379.7,344.56,349.159,inf,394.56,394.56
98,T2,BESTEFFORT,COMPLETED,m3-1,344.762,"{'m1-1': 1.022, 'm2-1': 4.791, 'm3-1': 10.046}",100.46,346.687,356.733,inf,394.762,394.762
99,T1,BESTEFFORT,COMPLETED,m1-1,346.284,"{'m1-1': 1.017, 'm2-1': 4.585, 'm3-1': 10.642}",101.69999999999999,346.284,347.301,inf,396.284,396.284
100,T4,BESTEFFORT,COMPLETED,m2-1,351.131,"{'m1-1': 1.08, 'm2-1': 5.257, 'm3-1': 9.805}",1577.1,351.131,356.388,inf,401.131,401.131
101,T4,BESTEFFORT,COMPLETED,m3-1,351.602,"{'m1-1': 0.964, 'm2-1': 5.164, 'm3-1': 10.624}",106.24000000000001,356.733,367.357,inf,401.602,401.602
102,T1,BESTEFFORT,COMPLETED,m1-1,353.407,"{'m1-1': 0.914, 'm2-1': 4.972, 'm3-1': 9.972}",91.4,353.407,354.32099999999997,inf,403.407,403.407
103,T1,BESTEFFORT,COMPLETED,m2-1,364.347,"{'m1-1': 1.042, 'm2-1': 4.893, 'm3-1': 9.549}",1467.8999999999999,364.347,369.23999999999995,inf,414.347,414.347
104,T3,BESTEFFORT,COMPLETED,m3-1,367.043,"{'m1-1': 1.083, 'm2-1': 4.893, 'm3-1': 10.602}",106.02000000000001,367.357,377.959,inf,417.043,417.043
105,T3,BESTEFFORT,COMPLETED,m1-1,368.452,"{'m1-1': 0.95, 'm2-1': 5.073, 'm3-1': 10.618}",95.0,368.452,369.402,inf,418.452,418.452
106,T1,BESTEFFORT,COMPLETED,m2-1,368.723,"{'m1-1': 1.033, 'm2-1': 5.263, 'm3-1': 10.119}",1578.8999999999999,369.23999999999995,374.50299999999993,inf,418.723,418.723
107,T1,BESTEFFORT,COMPLETED,m3-1,368.92,"{'m1-1': 0.967, 'm2-1': 4.948, 'm3-1': 9.411}",94.11,377.959,387.37,inf,418.92,418.92
108,T1,BESTEFFORT,COMPLETED,m1-1,371.131,"{'m1-1': 1.014, 'm2-1': 4.636, 'm3-1': 10.463}",101.4,371.131,372.145,inf,421.131,421.131
109,T1,BESTEFFORT,COMPLETED,m2-1,381.395,"{'m1-1': 1.064, 'm2-1': 5.141, 'm3-1': 9.434}",1542.3,381.395,386.536,inf,431.395,431.395
110,T3,BESTEFFORT,COMPLETED,m3-1,387.672,"{'m1-1': 0.953, 'm2-1': 5.285, 'm3-1': 9.427}",94.27,387.672,397.09900000000005,inf,437.672,437.672
111,T2,BESTEFFORT,COMPLETED,m1-1,390.679,"{'m1-1': 1.068, 'm2-1': 4.78, 'm3-1': 9.2}",106.80000000000001,390.679,391.74699999999996,inf,440.679,440.679
112,T3,BESTEFFORT,COMPLETED,m2-1,394.14,"{'m1-1': 0.971, 'm2-1': 5.086, 'm3-1': 9.193}",1525.8000000000002,394.14,399.226,inf,444.14,444.14
113,T3,BESTEFFORT,COMPLETED,m3-1,400.012,"{'m1-1': 1.004, 'm2-1': 5.028, 'm3-1': 9.792}",97.92,400.012,409.804,inf,450.012,450.012
114,T3,BESTEFFORT,COMPLETED,m1-1,402.406,"{'m1-1': 0.992, 'm2-1': 4.634, 'm3-1': 10.185}",99.2,402.406,403.398,inf,452.406,452.406
115,T1,BESTEFFORT,COMPLETED,m2-1,404.798,"{'m1-1': 1.023, 'm2-1': 5.43, 'm3-1': 10.837}",1629.0,404.798,410.228,inf,454.798,454.798
116,T3,BESTEFFORT,COMPLETED,m3-1,406.209,"{'m1-1': 1.01, 'm2-1': 4.62, 'm3-1': 9.215}",92.15,409.804,419.01899999999995,inf,456.209,456.209
117,T1,BESTEFFORT,COMPLETED,m1-1,408.334,"{'m1-1': 1.011, 'm2-1': 5.295, 'm3-1': 9.32}",101.1,408.334,409.345,inf,458.334,458.334
118,T1,BESTEFFORT,COMPLETED,m2-1,412.783,"{'m1-1': 1.085, 'm2-1': 4.958, 'm3-1': 10.126}",1487.4,412.783,417.74100000000004,inf,462.783,462.783
119,T3,BESTEFFORT,COMPLETED,m3-1,413.965,"{'m1-1': 0.924, 'm2-1': 5.131, 'm3-1': 9.524}",95.24,419.01899999999995,428.54299999999995,inf,463.965,463.965
120,T4,BESTEFFORT,COMPLETED,m1-1,415.904,"{'m1-1': 1.066, 'm2-1': 5.249, 'm3-1': 9.844}",106.60000000000001,415.904,416.96999999999997,inf,465.904,465.904
121,T2,BESTEFFORT,COMPLETED,m2-1,417.801,"{'m1-1': 1.058, 'm2-1': 4.711, 'm3-1': 10.166}",1413.3000000000002,417.801,422.512,inf,467.801,467.801
122,T2,BESTEFFORT,COMPLETED,m3-1,418.891,"{'m1-1': 0.953, 'm2-1': 4.977, 'm3-1': 9.714}",97.14,428.54299999999995,438.25699999999995,inf,468.891,468.891
123,T4,BESTEFFORT,COMPLETED,m1-1,422.544,"{'m1-1': 0.954, 'm2-1': 5.045, 'm3-1': 10.711}",95.39999999999999,422.544,423.498,inf,472.544,472.544
124,T3,BESTEFFORT,COMPLETED,m2-1,428.058,"{'m1-1': 0.972, 'm2-1': 4.813, 'm3-1': 9.992}",1443.8999999999999,428.058,432.871,inf,478.058,478.058
125,T1,BESTEFFORT,COMPLETED,m3-1,434.752,"{'m1-1': 0.926, 'm2-1': 5.174, 'm3-1': 9.73}",97.30000000000001,438.25699999999995,447.98699999999997,inf,484.752,484.752
126,T3,BESTEFFORT,COMPLETED,m1-1,441.39,"{'m1-1': 1.054, 'm2-1': 5.323, 'm3-1': 9.899}",105.4,441.39,442.44399999999996,inf,491.39,491.39
127,T4,BESTEFFORT,COMPLETED,m2-1,442.168,"{'m1-1': 0.995, 'm2-1': 4.601, 'm3-1': 10.769}",1380.3,442.168,446.769,inf,492.168,492.168
128,T4,BESTEFFORT,COMPLETED,m3-1,449.356,"{'m1-1': 1.04, 'm2-1': 5.324, 'm3-1': 10.209}",102.09,449.356,459.565,inf,499.356,499.356
129,T2,BESTEFFORT,COMPLETED,m1-1,449.394,"{'m1-1': 0.953, 'm2-1': 4.781, 'm3-1': 10.765}",95.3,449.394,450.347,inf,499.394,499.394
130,T4,BESTEFFORT,COMPLETED,m2-1,449.927,"{'m1-1': 1.014, 'm2-1': 5.108, 'm3-1': 10.624}",1532.3999999999999,449.927,455.035,inf,499.927,499.927
131,T3,BESTEFFORT,COMPLETED,m3-1,452.197,"{'m1-1': 0.941, 'm2-1': 4.806, 'm3-1': 9.286}",92.86,459.565,468.851,inf,502.197,502.197
132,T1,BESTEFFORT,COMPLETED,m1-1,455.425,"{'m1-1': 0.947, 'm2-1': 5.186, 'm3-1': 10.774}",94.69999999999999,455.425,456.372,inf,505.425,505.425
133,T2,BESTEFFORT,COMPLETED,m2-1,455.869,"{'m1-1': 0.942, 'm2-1': 4.605, 'm3-1': 10.684}",1381.5000000000002,455.869,460.47400000000005,inf,505.869,505.869
134,T3,BESTEFFORT,COMPLETED,m3-1,458.762,"{'m1-1': 1.041, 'm2-1': 4.69, 'm3-1': 9.578}",95.78,468.851,478.429,inf,508.762,508.762
135,T3,BESTEFFORT,COMPLETED,m1-1,460.801,"{'m1-1': 1.084, 'm2-1': 5.385, 'm3-1': 10.837}",108.4,460.801,461.885,inf,510.801,510.801
136,T3,BESTEFFORT,COMPLETED,m2-1,467.77,"{'m1-1': 1.001, 'm2-1': 5.405, 'm3-1': 10.272}",1621.5,467.77,473.17499999999995,inf,517.77,517.77
137,T1,BESTEFFORT,COMPLETED,m3-1,471.152,"{'m1-1': 0.925, 'm2-1': 4.979, 'm3-1': 10.655}",106.55,478.429,489.08399999999995,inf,521.152,521.152
138,T1,BESTEFFORT,COMPLETED,m1-1,478.955,"{'m1-1': 0.925, 'm2-1': 4.909, 'm3-1': 10.459}",92.5,478.955,479.88,inf,528.9549999999999,528.9549999999999
139,T4,BESTEFFORT,COMPLETED,m2-1,480.83,"{'m1-1': 0.922, 'm2-1': 5.014, 'm3-1': 10.273}",1504.2,480.83,485.844,inf,530.8299999999999,530.8299999999999
140,T2,BESTEFFORT,COMPLETED,m3-1,482.997,"{'m1-1': 0.919, 'm2-1': 5.023, 'm3-1': 10.524}",105.24,489.08399999999995,499.60799999999995,inf,532.9970000000001,532.9970000000001
141,T3,BESTEFFORT,COMPLETED,m1-1,484.347,"{'m1-1': 0.993, 'm2-1': 4.961, 'm3-1': 10.513}",99.3,484.347,485.34,inf,534.347,534.347
142,T1,BESTEFFORT,COMPLETED,m2-1,484.621,"{'m1-1': 1.08, 'm2-1': 4.806, 'm3-1': 10.654}",1441.8,485.844,490.65,inf,534.621,534.621
143,T1,BESTEFFORT,COMPLETED,m3-1,493.045,"{'m1-1': 0.924, 'm2-1': 4.863, 'm3-1': 9.294}",92.94,499.60799999999995,508.90199999999993,inf,543.0450000000001,543.0450000000001
144,T4,BESTEFFORT,COMPLETED,m1-1,497.962,"{'m1-1': 0.982, 'm2-1': 5.088, 'm3-1': 10.501}",98.2,497.962,498.944,inf,547.962,547.962
145,T1,BESTEFFORT,COMPLETED,m2-1,500.418,"{'m1-1': 1.033, 'm2-1': 5.228, 'm3-1': 9.729}",1568.3999999999999,500.418,505.646,inf,550.418,550.418
146,T3,BESTEFFORT,COMPLETED,m3-1,501.032,"{'m1-1': 0.922, 'm2-1': 4.768, 'm3-1': 9.905}",99.05,508.90199999999993,518.8069999999999,inf,551.0319999999999,551.0319999999999
147,T3,BESTEFFORT,COMPLETED,m1-1,507.004,"{'m1-1': 1.068, 'm2-1': 5.184, 'm3-1': 9.776}",106.80000000000001,507.004,508.072,inf,557.004,557.004
148,T4,BESTEFFORT,COMPLETED,m2-1,521.18,"{'m1-1': 0.948, 'm2-1': 5.072, 'm3-1': 10.545}",1521.6,521.18,526.252,inf,571.18,571.18
149,T2,BESTEFFORT,COMPLETED,m3-1,528.714,"{'m1-1': 1.042, 'm2-1': 5.308, 'm3-1': 10.56}",105.60000000000001,528.714,539.274,inf,578.714,578.714
150,T1,BESTEFFORT,COMPLETED,m1-1,529.188,"{'m1-1': 1.081, 'm2-1': 4.823, 'm3-1': 10.694}",108.1,529.188,530.269,inf,579.188,579.188
151,T4,BESTEFFORT,COMPLETED,m2-1,534.102,"{'m1-1': 0.985, 'm2-1': 4.722, 'm3-1': 10.521}",1416.6000000000001,534.102,538.824,inf,584.102,584.102
152,T3,BESTEFFORT,COMPLETED,m3-1,538.622,"{'m1-1': 0.974, 'm2-1': 4.76, 'm3-1': 10.796}",107.96,539.274,550.07,inf,588.622,588.622
153,T2,BESTEFFORT,COMPLETED,m1-1,553.749,"{'m1-1': 1.009, 'm2-1': 5.33, 'm3-1': 9.563}",100.89999999999999,553.749,554.758,inf,603.749,603.749
154,T2,BESTEFFORT,COMPLETED,m2-1,558.662,"{'m1-1': 1.039, 'm2-1': 4.88, 'm3-1': 10.109}",1464.0,558.662,563.542,inf,608.662,608.662
155,T2,BESTEFFORT,COMPLETED,m3-1,561.114,"{'m1-1': 0.927, 'm2-1': 5.044, 'm3-1': 10.197}",101.97,561.114,571.311,inf,611.114,611.114
156,T1,BESTEFFORT,COMPLETED,m1-1,561.318,"{'m1-1': 1.077, 'm2-1': 4.869, 'm3-1': 10.407}",107.69999999999999,561.318,562.395,inf,611.318,611.318
157,T1,BESTEFFORT,COMPLETED,m2-1,566.134,"{'m1-1': 1.04, 'm2-1': 5.132, 'm3-1': 9.717}",1539.6,566.134,571.266,inf,616.134,616.134
158,T4,BESTEFFORT,COMPLETED,m3-1,568.72,"{'m1-1': 1.031, 'm2-1': 4.584, 'm3-1': 10.419}",104.19,571.311,581.73,inf,618.72,618.72
159,T2,BESTEFFORT,COMPLETED,m1-1,571.372,"{'m1-1': 0.937, 'm2-1': 4.629, 'm3-1': 9.781}",93.7,571.372,572.309,inf,621.372,621.372
160,T2,BESTEFFORT,COMPLETED,m2-1,576.807,"{'m1-1': 1.067, 'm2-1': 5.064, 'm3-1': 10.85}",1519.2,576.807,581.871,inf,626.807,626.807
161,T1,BESTEFFORT,COMPLETED,m3-1,594.14,"{'m1-1': 0.92, 'm2-1': 5.008, 'm3-1': 9.612}",96.12,594.14,603.752,inf,644.14,644.14
162,T4,BESTEFFORT,COMPLETED,m1-1,606.247,"{'m1-1': 1.065, 'm2-1': 5.033, 'm3-1': 10.723}",106.5,606.247,607.312,inf,656.247,656.247
163,T4,BESTEFFORT,COMPLETED,m2-1,606.415,"{'m1-1': 0.92, 'm2-1': 5.117, 'm3-1': 10.298}",1535.1,606.415,611.5319999999999,inf,656.415,656.415
164,T1,BESTEFFORT,COMPLETED,m3-1,606.709,"{'m1-1': 1.063, 'm2-1': 5.333, 'm3-1': 9.291}",92.91,606.709,616.0,inf,656.709,656.709
165,T2,BESTEFFORT,COMPLETED,m1-1,606.8,"{'m1-1': 0.916, 'm2-1': 4.657, 'm3-1': 9.21}",91.60000000000001,607.312,608.2280000000001,inf,656.8,656.8
166,T4,BESTEFFORT,COMPLETED,m2-1,607.655,"{'m1-1': 1.052, 'm2-1': 5.328, 'm3-1': 9.952}",1598.4,611.5319999999999,616.8599999999999,inf,657.655,657.655
167,T3,BESTEFFORT,COMPLETED,m3-1,610.687,"{'m1-1': 0.985, 'm2-1': 5.319, 'm3-1': 9.889}",98.88999999999999,616.0,625.889,inf,660.687,660.687
168,T4,BESTEFFORT,COMPLETED,m1-1,612.144,"{'m1-1': 0.961, 'm2-1': 4.854, 'm3-1': 9.298}",96.1,612.144,613.105,inf,662.144,662.144
169,T4,BESTEFFORT,COMPLETED,m2-1,614.433,"{'m1-1': 0.961, 'm2-1': 5.028, 'm3-1': 9.591}",1508.3999999999999,616.8599999999999,621.8879999999999,inf,664.433,664.433
170,T1,BESTEFFORT,COMPLETED,m3-1,615.597,"{'m1-1': 0.989, 'm2-1': 5.074, 'm3-1': 9.464}",94.64,625.889,635.3530000000001,inf,665.597,665.597
171,T1,BESTEFFORT,COMPLETED,m1-1,617.831,"{'m1-1': 1.056, 'm2-1': 5.049, 'm3-1': 10.193}",105.60000000000001,617.831,618.8870000000001,inf,667.831,667.831
172,T2,BESTEFFORT,COMPLETED,m2-1,626.35,"{'m1-1': 0.916, 'm2-1': 5.086, 'm3-1': 10.388}",1525.8000000000002,626.35,631.436,inf,676.35,676.35
173,T1,BESTEFFORT,COMPLETED,m3-1,628.334,"{'m1-1': 0.96, 'm2-1': 4.6, 'm3-1': 10.503}",105.03,635.3530000000001,645.8560000000001,inf,678.334,678.334
174,T2,BESTEFFORT,COMPLETED,m1-1,629.001,"{'m1-1': 0.954, 'm2-1': 4.76, 'm3-1': 9.401}",95.39999999999999,629.001,629.9549999999999,inf,679.001,679.001
175,T4,BESTEFFORT,COMPLETED,m2-1,633.586,"{'m1-1': 0.988, 'm2-1': 5.205, 'm3-1': 9.162}",1561.5,633.586,638.791,inf,683.586,683.586
176,T1,BESTEFFORT,COMPLETED,m3-1,637.342,"{'m1-1': 0.957, 'm2-1': 4.613, 'm3-1': 9.318}",93.17999999999999,645.8560000000001,655.1740000000001,inf,687.342,687.342
177,T1,BESTEFFORT,COMPLETED,m1-1,638.538,"{'m1-1': 0.961, 'm2-1': 5.328, 'm3-1': 10.021}",96.1,638.538,639.499,inf,688.538,688.538
178,T4,BESTEFFORT,COMPLETED,m2-1,641.711,"{'m1-1': 0.979, 'm2-1': 4.75, 'm3-1': 9.403}",1425.0,641.711,646.461,inf,691.711,691.711
179,T3,BESTEFFORT,COMPLETED,m3-1,645.034,"{'m1-1': 1.053, 'm2-1': 4.914, 'm3-1': 10.192}",101.92,655.1740000000001,665.3660000000001,inf,695.034,695.034
180,T3,BESTEFFORT,COMPLETED,m1-1,654.404,"{'m1-1': 1.055, 'm2-1': 5.144, 'm3-1': 10.125}",105.5,654.404,655.459,inf,704.404,704.404
181,T3,BESTEFFORT,COMPLETED,m2-1,658.723,"{'m1-1': 1.05, 'm2-1': 5.226, 'm3-1': 10.046}",1567.8,658.723,663.949,inf,708.723,708.723
182,T1,BESTEFFORT,COMPLETED,m3-1,660.402,"{'m1-1': 1.062, 'm2-1': 5.389, 'm3-1': 9.98}",99.80000000000001,665.3660000000001,675.3460000000001,inf,710.402,710.402
183,T2,BESTEFFORT,COMPLETED,m1-1,660.947,"{'m1-1': 0.958, 'm2-1': 4.894, 'm3-1': 10.378}",95.8,660.947,661.905,inf,710.947,710.947
184,T2,BESTEFFORT,COMPLETED,m2-1,663.855,"{'m1-1': 1.061, 'm2-1': 5.075, 'm3-1': 9.804}",1522.5,663.949,669.024,inf,713.855,713.855
185,T3,BESTEFFORT,COMPLETED,m3-1,675.77,"{'m1-1': 0.968, 'm2-1': 5.397, 'm3-1': 10.122}",101.22,675.77,685.8919999999999,inf,725.77,725.77
186,T4,BESTEFFORT,COMPLETED,m1-1,676.057,"{'m1-1': 1.075, 'm2-1': 4.796, 'm3-1': 9.542}",107.5,676.057,677.1320000000001,inf,726.057,726.057
187,T4,BESTEFFORT,COMPLETED,m2-1,679.252,"{'m1-1': 0.947, 'm2-1': 4.7, 'm3-1': 9.446}",1410.0,679.252,683.952,inf,729.252,729.252
188,T1,BESTEFFORT,COMPLETED,m3-1,681.664,"{'m1-1': 0.959, 'm2-1': 4.609, 'm3-1': 9.792}",97.92,685.8919999999999,695.684,inf,731.664,731.664
189,T3,BESTEFFORT,COMPLETED,m1-1,683.175,"{'m1-1': 1.055, 'm2-1': 4.844, 'm3-1': 9.63}",105.5,683.175,684.2299999999999,inf,733.175,733.175
190,T1,BESTEFFORT,COMPLETED,m2-1,685.717,"{'m1-1': 1.018, 'm2-1': 4.631, 'm3-1': 9.143}",1389.3000000000002,685.717,690.348,inf,735.717,735.717
191,T4,BESTEFFORT,COMPLETED,m3-1,688.316,"{'m1-1': 1.052, 'm2-1': 4.608, 'm3-1': 9.7}",97.0,695.684,705.384,inf,738.316,738.316
192,T4,BESTEFFORT,COMPLETED,m1-1,688.609,"{'m1-1': 1.019, 'm2-1': 4.77, 'm3-1': 9.284}",101.89999999999999,688.609,689.628,inf,738.609,738.609
193,T1,BESTEFFORT,COMPLETED,m2-1,702.494,"{'m1-1': 1.085, 'm2-1': 5.179, 'm3-1': 10.602}",1553.7,702.494,707.673,inf,752.494,752.494
194,T3,BESTEFFORT,COMPLETED,m3-1,704.542,"{'m1-1': 1.049, 'm2-1': 4.615, 'm3-1': 9.238}",92.38,705.384,714.6220000000001,inf,754.542,754.542
195,T2,BESTEFFORT,COMPLETED,m1-1,707.332,"{'m1-1': 0.946, 'm2-1': 4.967, 'm3-1': 10.681}",94.6,707.332,708.278,inf,757.332,757.332
196,T4,BESTEFFORT,COMPLETED,m2-1,707.423,"{'m1-1': 1.043, 'm2-1': 5.082, 'm3-1': 10.647}",1524.6,707.673,712.755,inf,757.423,757.423
197,T2,BESTEFFORT,COMPLETED,m3-1,708.25,"{'m1-1': 1.02, 'm2-1': 4.783, 'm3-1': 9.352}",93.52000000000001,714.6220000000001,723.974,inf,758.25,758.25
198,T3,BESTEFFORT,COMPLETED,m1-1,715.725,"{'m1-1': 0.978, 'm2-1': 4.7, 'm3-1': 9.756}",97.8,715.725,716.703,inf,765.725,765.725
199,T4,BESTEFFORT,COMPLETED,m2-1,717.571,"{'m1-1': 1.038, 'm2-1': 5.246, 'm3-1': 9.189}",1573.8000000000002,717.571,722.817,inf,767.571,767.571
200,T4,BESTEFFORT,COMPLETED,m3-1,719.767,"{'m1-1': 1.013, 'm2-1': 5.169, 'm3-1': 10.691}",106.91000000000001,723.974,734.6650000000001,inf,769.767,769.767
201,T1,BESTEFFORT,COMPLETED,m1-1,729.577,"{'m1-1': 0.969, 'm2-1': 4.85, 'm3-1': 10.542}",96.89999999999999,729.577,730.546,inf,779.577,779.577
202,T1,BESTEFFORT,COMPLETED,m2-1,730.28,"{'m1-1': 1.06, 'm2-1': 4.793, 'm3-1': 9.377}",1437.9,730.28,735.073,inf,780.28,780.28
203,T3,BESTEFFORT,COMPLETED,m3-1,734.138,"{'m1-1': 0.954, 'm2-1': 5.159, 'm3-1': 9.933}",99.33,734.6650000000001,744.5980000000001,inf,784.138,784.138
204,T3,BESTEFFORT,COMPLETED,m1-1,745.6,"{'m1-1': 0.985, 'm2-1': 4.735, 'm3-1': 9.293}",98.5,745.6,746.585,inf,795.6,795.6
205,T1,BESTEFFORT,COMPLETED,m2-1,755.256,"{'m1-1': 0.962, 'm2-1': 4.712, 'm3-1': 9.181}",1413.6,755.256,759.968,inf,805.256,805.256
206,T4,BESTEFFORT,COMPLETED,m3-1,755.279,"{'m1-1': 1.064, 'm2-1': 5.252, 'm3-1': 10.273}",102.72999999999999,755.279,765.552,inf,805.279,805.279
207,T3,BESTEFFORT,COMPLETED,m1-1,757.575,"{'m1-1': 0.974, 'm2-1': 4.839, 'm3-1': 9.737}",97.39999999999999,757.575,758.5490000000001,inf,807.575,807.575
208,T1,BESTEFFORT,COMPLETED,m2-1,758.611,"{'m1-1': 0.93, 'm2-1': 5.278, 'm3-1': 9.637}",1583.3999999999999,759.968,765.246,inf,808.611,808.611
209,T2,BESTEFFORT,COMPLETED,m3-1,762.338,"{'m1-1': 0.971, 'm2-1': 4.615, 'm3-1': 10.302}",103.02,765.552,775.854,inf,812.338,812.338
210,T1,BESTEFFORT,COMPLETED,m1-1,764.889,"{'m1-1': 1.022, 'm2-1': 5.275, 'm3-1': 9.576}",102.2,764.889,765.9110000000001,inf,814.889,814.889
211,T1,BESTEFFORT,COMPLETED,m2-1,776.875,"{'m1-1': 1.082, 'm2-1': 5.319, 'm3-1': 9.51}",1595.7,776.875,782.194,inf,826.875,826.875
212,T4,BESTEFFORT,COMPLETED,m3-1,795.335,"{'m1-1': 1.064, 'm2-1': 5.206, 'm3-1': 9.458}",94.58,795.335,804.793,inf,845.335,845.335
213,T4,BESTEFFORT,COMPLETED,m1-1,796.55,"{'m1-1': 1.013, 'm2-1': 5.261, 'm3-1': 10.597}",101.29999999999998,796.55,797.563,inf,846.55,846.55
214,T4,BESTEFFORT,COMPLETED,m2-1,797.294,"{'m1-1': 1.052, 'm2-1': 5.343, 'm3-1': 10.315}",1602.9,797.294,802.637,inf,847.294,847.294
215,T2,BESTEFFORT,COMPLETED,m3-1,798.747,"{'m1-1': 0.934, 'm2-1': 5.277, 'm3-1': 9.28}",92.8,804.793,814.073,inf,848.747,848.747
216,T4,BESTEFFORT,COMPLETED,m1-1,806.531,"{'m1-1': 0.959, 'm2-1': 4.869, 'm3-1': 9.841}",95.89999999999999,806.531,807.4899999999999,inf,856.531,856.531
217,T1,BESTEFFORT,COMPLETED,m2-1,808.64,"{'m1-1': 0.933, 'm2-1': 4.846, 'm3-1': 9.614}",1453.8,808.64,813.486,inf,858.64,858.64
218,T2,BESTEFFORT,COMPLETED,m3-1,812.255,"{'m1-1': 0.984, 'm2-1': 5.196, 'm3-1': 9.435}",94.35000000000001,814.073,823.5079999999999,inf,862.255,862.255
219,T1,BESTEFFORT,COMPLETED,m1-1,815.955,"{'m1-1': 0.919, 'm2-1': 4.92, 'm3-1': 9.949}",91.9,815.955,816.874,inf,865.955,865.955
220,T3,BESTEFFORT,COMPLETED,m2-1,817.686,"{'m1-1': 1.062, 'm2-1': 5.141, 'm3-1': 9.702}",1542.3,817.686,822.827,inf,867.686,867.686
221,T4,BESTEFFORT,COMPLETED,m3-1,821.26,"{'m1-1': 0.988, 'm2-1': 5.067, 'm3-1': 9.778}",97.78,823.5079999999999,833.286,inf,871.26,871.26
222,T3,BESTEFFORT,COMPLETED,m1-1,821.497,"{'m1-1': 0.953, 'm2-1': 4.844, 'm3-1': 9.219}",95.3,821.497,822.4499999999999,inf,871.497,871.497
223,T3,BESTEFFORT,COMPLETED,m2-1,822.764,"{'m1-1': 0.985, 'm2-1': 4.724, 'm3-1': 10.65}",1417.2,822.827,827.551,inf,872.764,872.764
224,T1,BESTEFFORT,COMPLETED,m3-1,822.863,"{'m1-1': 0.957, 'm2-1': 5.323, 'm3-1': 9.529}",95.28999999999999,833.286,842.8149999999999,inf,872.863,872.863
225,T2,BESTEFFORT,COMPLETED,m1-1,823.078,"{'m1-1': 0.959, 'm2-1': 5.072, 'm3-1': 10.032}",95.89999999999999,823.078,824.0369999999999,inf,873.078,873.078
226,T4,BESTEFFORT,COMPLETED,m2-1,827.203,"{'m1-1': 1.053, 'm2-1': 5.283, 'm3-1': 10.814}",1584.9,827.551,832.8340000000001,inf,877.203,877.203
227,T1,BESTEFFORT,COMPLETED,m3-1,836.695,"{'m1-1': 0.995, 'm2-1': 5.15, 'm3-1': 9.574}",95.74,842.8149999999999,852.3889999999999,inf,886.695,886.695
228,T2,BESTEFFORT,COMPLETED,m1-1,836.858,"{'m1-1': 1.057, 'm2-1': 5.019, 'm3-1': 9.234}",105.69999999999999,836.858,837.915,inf,886.858,886.858
229,T1,BESTEFFORT,COMPLETED,m2-1,836.891,"{'m1-1': 0.932, 'm2-1': 5.313, 'm3-1': 9.527}",1593.8999999999999,836.891,842.204,inf,886.891,886.891
230,T3,BESTEFFORT,COMPLETED,m3-1,839.424,"{'m1-1': 0.979, 'm2-1': 5.105, 'm3-1': 10.659}",106.59,852.3889999999999,863.0479999999999,inf,889.424,889.424
231,T2,BESTEFFORT,COMPLETED,m1-1,841.7,"{'m1-1': 0.942, 'm2-1': 4.602, 'm3-1': 9.2}",94.19999999999999,841.7,842.642,inf,891.7,891.7
232,T4,BESTEFFORT,COMPLETED,m2-1,845.529,"{'m1-1': 0.966, 'm2-1': 5.242, 'm3-1': 10.129}",1572.6,845.529,850.771,inf,895.529,895.529
233,T1,BESTEFFORT,COMPLETED,m3-1,848.472,"{'m1-1': 1.06, 'm2-1': 4.977, 'm3-1': 9.696}",96.96,863.0479999999999,872.7439999999999,inf,898.472,898.472
234,T4,BESTEFFORT,COMPLETED,m1-1,849.281,"{'m1-1': 1.073, 'm2-1': 5.095, 'm3-1': 10.114}",107.3,849.281,850.3539999999999,inf,899.281,899.281
235,T1,BESTEFFORT,COMPLETED,m2-1,860.465,"{'m1-1': 0.972, 'm2-1': 5.082, 'm3-1': 9.469}",1524.6,860.465,865.547,inf,910.465,910.465
236,T4,BESTEFFORT,COMPLETED,m3-1,861.011,"{'m1-1': 0.95, 'm2-1': 4.576, 'm3-1': 10.672}",106.72,872.7439999999999,883.4159999999999,inf,911.011,911.011
237,T3,BESTEFFORT,COMPLETED,m1-1,861.867,"{'m1-1': 0.916, 'm2-1': 4.827, 'm3-1': 10.853}",91.60000000000001,861.867,862.783,inf,911.867,911.867
238,T3,BESTEFFORT,COMPLETED,m2-1,864.367,"{'m1-1': 0.954, 'm2-1': 4.965, 'm3-1': 10.733}",1489.5,865.547,870.5120000000001,inf,914.367,914.367
239,T1,BESTEFFORT,COMPLETED,m3-1,868.613,"{'m1-1': 1.058, 'm2-1': 4.829, 'm3-1': 10.403}",104.03,883.4159999999999,893.819,inf,918.613,918.613
240,T4,BESTEFFORT,COMPLETED,m1-1,874.366,"{'m1-1': 0.99, 'm2-1': 5.186, 'm3-1': 9.936}",99.0,874.366,875.356,inf,924.366,924.366
241,T2,BESTEFFORT,COMPLETED,m2-1,875.629,"{'m1-1': 0.933, 'm2-1': 5.302, 'm3-1': 9.493}",1590.6,875.629,880.931,inf,925.629,925.629
242,T1,BESTEFFORT,COMPLETED,m3-1,876.694,"{'m1-1': 0.985, 'm2-1': 5.02, 'm3-1': 9.994}",99.94,893.819,903.813,inf,926.694,926.694
243,T1,BESTEFFORT,COMPLETED,m1-1,879.719,"{'m1-1': 1.068, 'm2-1': 5.413, 'm3-1': 9.372}",106.80000000000001,879.719,880.787,inf,929.719,929.719
244,T4,BESTEFFORT,COMPLETED,m2-1,883.677,"{'m1-1': 0.953, 'm2-1': 4.954, 'm3-1': 10.862}",1486.1999999999998,883.677,888.631,inf,933.677,933.677
245,T4,BESTEFFORT,COMPLETED,m3-1,886.045,"{'m1-1': 0.984, 'm2-1': 5.007, 'm3-1': 9.448}",94.48,903.813,913.261,inf,936.045,936.045
246,T4,BESTEFFORT,COMPLETED,m1-1,889.888,"{'m1-1': 1.08, 'm2-1': 5.278, 'm3-1': 10.621}",108.0,889.888,890.9680000000001,inf,939.888,939.888
247,T2,BESTEFFORT,COMPLETED,m2-1,890.944,"{'m1-1': 0.934, 'm2-1': 5.039, 'm3-1': 10.856}",1511.6999999999998,890.944,895.983,inf,940.944,940.944
248,T4,BESTEFFORT,COMPLETED,m3-1,892.178,"{'m1-1': 1.062, 'm2-1': 5.044, 'm3-1': 9.427}",94.27,913.261,922.688,inf,942.178,942.178
249,T4,BESTEFFORT,COMPLETED,m1-1,898.403,"{'m1-1': 1.079, 'm2-1': 5.003, 'm3-1': 9.306}",107.89999999999999,898.403,899.482,inf,948.403,948.403
250,T1,BESTEFFORT,COMPLETED,m2-1,898.419,"{'m1-1': 1.081, 'm2-1': 4.856, 'm3-1': 9.386}",1456.8,898.419,903.275,inf,948.419,948.419
251,T4,BESTEFFORT,COMPLETED,m3-1,902.666,"{'m1-1': 1.065, 'm2-1': 5.252, 'm3-1': 9.594}",95.94,922.688,932.282,inf,952.666,952.666
252,T1,BESTEFFORT,COMPLETED,m1-1,909.163,"{'m1-1': 1.057, 'm2-1': 4.756, 'm3-1': 10.053}",105.69999999999999,909.163,910.22,inf,959.163,959.163
253,T4,BESTEFFORT,COMPLETED,m2-1,914.661,"{'m1-1': 0.986, 'm2-1': 4.886, 'm3-1': 9.781}",1465.8,914.661,919.5469999999999,inf,964.661,964.661
254,T1,BESTEFFORT,COMPLETED,m3-1,916.425,"{'m1-1': 1.042, 'm2-1': 4.697, 'm3-1': 10.173}",101.73,932.282,942.455,inf,966.425,966.425
255,T3,BESTEFFORT,COMPLETED,m1-1,917.183,"{'m1-1': 0.956, 'm2-1': 4.797, 'm3-1': 10.521}",95.6,917.183,918.139,inf,967.183,967.183
256,T3,BESTEFFORT,COMPLETED,m2-1,919.548,"{'m1-1': 1.054, 'm2-1': 4.904, 'm3-1': 10.712}",1471.2,919.548,924.452,inf,969.548,969.548
257,T1,BESTEFFORT,COMPLETED,m3-1,919.605,"{'m1-1': 1.056, 'm2-1': 4.836, 'm3-1': 10.307}",103.07000000000001,942.455,952.7620000000001,inf,969.605,969.605
258,T3,BESTEFFORT,COMPLETED,m1-1,923.707,"{'m1-1': 0.96, 'm2-1': 5.022, 'm3-1': 10.429}",96.0,923.707,924.667,inf,973.707,973.707
259,T4,BESTEFFORT,COMPLETED,m2-1,928.016,"{'m1-1': 0.92, 'm2-1': 4.581, 'm3-1': 9.397}",1374.3000000000002,928.016,932.597,inf,978.016,978.016
260,T1,BESTEFFORT,COMPLETED,m3-1,931.417,"{'m1-1': 1.025, 'm2-1': 5.022, 'm3-1': 9.883}",98.82999999999998,952.7620000000001,962.6450000000001,inf,981.417,981.417
261,T2,BESTEFFORT,COMPLETED,m1-1,931.703,"{'m1-1': 1.016, 'm2-1': 4.813, 'm3-1': 10.813}",101.6,931.703,932.7189999999999,inf,981.703,981.703
262,T1,BESTEFFORT,COMPLETED,m2-1,934.847,"{'m1-1': 1.074, 'm2-1': 5.154, 'm3-1': 9.977}",1546.2,934.847,940.001,inf,984.847,984.847
263,T4,BESTEFFORT,COMPLETED,m3-1,937.242,"{'m1-1': 1.082, 'm2-1': 5.223, 'm3-1': 9.503}",95.03,962.6450000000001,972.1480000000001,inf,987.242,987.242
264,T3,BESTEFFORT,COMPLETED,m1-1,941.803,"{'m1-1': 0.997, 'm2-1': 4.596, 'm3-1': 9.402}",99.7,941.803,942.8,inf,991.803,991.803
265,T2,BESTEFFORT,COMPLETED,m2-1,942.95,"{'m1-1': 0.942, 'm2-1': 5.121, 'm3-1': 10.113}",1536.3000000000002,942.95,948.071,inf,992.95,992.95
266,T4,BESTEFFORT,COMPLETED,m3-1,943.457,"{'m1-1': 0.947, 'm2-1': 5.29, 'm3-1': 9.973}",99.73,972.1480000000001,982.1210000000001,inf,993.457,993.457
267,T2,BESTEFFORT,COMPLETED,m1-1,950.558,"{'m1-1': 1.002, 'm2-1': 4.943, 'm3-1': 9.571}",100.2,950.558,951.56,inf,1000.558,1000.558
268,T4,BESTEFFORT,COMPLETED,m2-1,956.579,"{'m1-1': 0.961, 'm2-1': 5.146, 'm3-1': 10.423}",1543.8,956.579,961.7249999999999,inf,1006.579,1006.579
269,T1,BESTEFFORT,COMPLETED,m3-1,963.865,"{'m1-1': 0.954, 'm2-1': 5.016, 'm3-1': 9.284}",92.84,982.1210000000001,991.4050000000001,inf,1013.865,1013.865
270,T1,BESTEFFORT,COMPLETED,m1-1,964.802,"{'m1-1': 0.96, 'm2-1': 4.746, 'm3-1': 10.09}",96.0,964.802,965.7620000000001,inf,1014.802,1014.802
271,T2,BESTEFFORT,COMPLETED,m2-1,965.161,"{'m1-1': 0.998, 'm2-1': 5.42, 'm3-1': 10.782}",1626.0,965.161,970.5809999999999,inf,1015.161,1015.161
272,T2,BESTEFFORT,COMPLETED,m3-1,966.625,"{'m1-1': 1.021, 'm2-1': 5.365, 'm3-1': 10.658}",106.58,991.4050000000001,1002.0630000000001,inf,1016.625,1016.625
273,T2,BESTEFFORT,COMPLETED,m1-1,968.682,"{'m1-1': 1.074, 'm2-1': 5.094, 'm3-1': 10.803}",107.4,968.682,969.756,inf,1018.682,1018.682
274,T1,BESTEFFORT,COMPLETED,m2-1,971.524,"{'m1-1': 0.993, 'm2-1': 4.64, 'm3-1': 9.223}",1392.0,971.524,976.164,inf,1021.524,1021.524
275,T2,BESTEFFORT,COMPLETED,m3-1,973.0,"{'m1-1': 0.976, 'm2-1': 4.895, 'm3-1': 10.633}",106.32999999999998,1002.0630000000001,1012.6960000000001,inf,1023.0,1023.0
276,T3,BESTEFFORT,COMPLETED,m1-1,974.151,"{'m1-1': 1.039, 'm2-1': 5.052, 'm3-1': 10.849}",103.89999999999999,974.151,975.1899999999999,inf,1024.1509999999998,1024.1509999999998
277,T2,BESTEFFORT,COMPLETED,m2-1,976.695,"{'m1-1': 0.977, 'm2-1': 5.4, 'm3-1': 10.233}",1620.0,976.695,982.095,inf,1026.6950000000002,1026.6950000000002
278,T2,BESTEFFORT,COMPLETED,m3-1,979.369,"{'m1-1': 0.939, 'm2-1': 5.209, 'm3-1': 10.466}",104.66,1012.6960000000001,1023.1620000000001,inf,1029.3690000000001,1029.3690000000001
279,T1,BESTEFFORT,COMPLETED,m1-1,980.621,"{'m1-1': 0.945, 'm2-1': 4.754, 'm3-1': 9.748}",94.5,980.621,981.566,inf,1030.621,1030.621
280,T3,BESTEFFORT,COMPLETED,m2-1,986.979,"{'m1-1': 1.073, 'm2-1': 5.265, 'm3-1': 9.942}",1579.5,986.979,992.244,inf,1036.979,1036.979
281,T4,BESTEFFORT,COMPLETED,m3-1,988.66,"{'m1-1': 0.948, 'm2-1': 5.376, 'm3-1': 9.972}",99.72,1023.1620000000001,1033.1340000000002,inf,1038.6599999999999,1038.6599999999999
282,T1,BESTEFFORT,COMPLETED,m1-1,989.121,"{'m1-1': 1.036, 'm2-1': 5.107, 'm3-1': 9.904}",103.60000000000001,989.121,990.1569999999999,inf,1039.121,1039.121
283,T2,BESTEFFORT,COMPLETED,m2-1,991.794,"{'m1-1': 0.967, 'm2-1': 4.919, 'm3-1': 9.583}",1475.6999999999998,992.244,997.163,inf,1041.7939999999999,1041.7939999999999
284,T2,BESTEFFORT,COMPLETED,m3-1,996.778,"{'m1-1': 1.013, 'm2-1': 4.877, 'm3-1': 9.41}",94.1,1033.1340000000002,1042.5440000000003,inf,1046.778,1046.778
285,T1,BESTEFFORT,COMPLETED,m1-1,1012.01,"{'m1-1': 0.968, 'm2-1': 5.303, 'm3-1': 10.592}",96.8,1012.01,1012.978,inf,1062.01,1062.01
286,T4,BESTEFFORT,COMPLETED,m2-1,1018.727,"{'m1-1': 0.985, 'm2-1': 4.846, 'm3-1': 10.018}",1453.8,1018.727,1023.573,inf,1068.7269999999999,1068.7269999999999
287,T4,BESTEFFORT,COMPLETED,m3-1,1020.552,"{'m1-1': 0.929, 'm2-1': 4.999, 'm3-1': 9.76}",97.6,1042.5440000000003,1052.3040000000003,inf,1070.5520000000001,1070.5520000000001
288,T4,BESTEFFORT,COMPLETED,m1-1,1026.636,"{'m1-1': 1.059, 'm2-1': 4.669, 'm3-1': 10.336}",105.89999999999999,1026.636,1027.695,inf,1076.636,1076.636
289,T1,BESTEFFORT,COMPLETED,m2-1,1033.848,"{'m1-1': 0.931, 'm2-1': 5.164, 'm3-1': 10.648}",1549.1999999999998,1033.848,1039.012,inf,1083.848,1083.848
290,T4,BESTEFFORT,COMPLETED,m3-1,1035.064,"{'m1-1': 1.016, 'm2-1': 4.924, 'm3-1': 9.958}",99.58,1052.3040000000003,1062.2620000000004,inf,1085.064,1085.064
291,T3,BESTEFFORT,COMPLETED,m1-1,1039.551,"{'m1-1': 0.942, 'm2-1': 5.168, 'm3-1': 10.376}",94.19999999999999,1039.551,1040.493,inf,1089.551,1089.551
292,T3,BESTEFFORT,COMPLETED,m2-1,1043.395,"{'m1-1': 1.054, 'm2-1': 5.19, 'm3-1': 10.574}",1557.0000000000002,1043.395,1048.585,inf,1093.395,1093.395
293,T2,BESTEFFORT,COMPLETED,m3-1,1044.99,"{'m1-1': 1.009, 'm2-1': 4.669, 'm3-1': 9.982}",99.82,1062.2620000000004,1072.2440000000004,inf,1094.99,1094.99
294,T1,BESTEFFORT,COMPLETED,m1-1,1049.602,"{'m1-1': 1.032, 'm2-1': 5.221, 'm3-1': 9.353}",103.2,1049.602,1050.634,inf,1099.602,1099.602
295,T2,BESTEFFORT,COMPLETED,m2-1,1053.191,"{'m1-1': 1.005, 'm2-1': 5.346, 'm3-1': 10.352}",1603.8,1053.191,1058.537,inf,1103.191,1103.191
296,T4,BESTEFFORT,COMPLETED,m3-1,1053.654,"{'m1-1': 0.97, 'm2-1': 4.856, 'm3-1': 10.304}",103.04,1072.2440000000004,1082.5480000000005,inf,1103.654,1103.654
297,T1,BESTEFFORT,COMPLETED,m1-1,1055.349,"{'m1-1': 0.99, 'm2-1': 5.238, 'm3-1': 10.58}",99.0,1055.349,1056.339,inf,1105.349,1105.349
298,T3,BESTEFFORT,COMPLETED,m2-1,1061.196,"{'m1-1': 1.031, 'm2-1': 5.007, 'm3-1': 9.267}",1502.1,1061.196,1066.203,inf,1111.196,1111.196
299,T3,BESTEFFORT,COMPLETED,m3-1,1064.688,"{'m1-1': 1.075, 'm2-1': 5.129, 'm3-1': 9.403}",94.03,1082.5480000000005,1091.9510000000005,inf,1114.688,1114.688
300,T2,BESTEFFORT,COMPLETED,m1-1,1069.83,"{'m1-1': 1.071, 'm2-1': 5.254, 'm3-1': 9.386}",107.1,1069.83,1070.9009999999998,inf,1119.83,1119.83
301,T1,BESTEFFORT,COMPLETED,m2-1,1071.048,"{'m1-1': 0.926, 'm2-1': 5.094, 'm3-1': 9.643}",1528.2,1071.048,1076.142,inf,1121.048,1121.048
302,T4,BESTEFFORT,COMPLETED,m3-1,1073.037,"{'m1-1': 1.079, 'm2-1': 4.656, 'm3-1': 9.145}",91.44999999999999,1091.9510000000005,1101.0960000000005,inf,1123.037,1123.037
303,T2,BESTEFFORT,COMPLETED,m1-1,1076.459,"{'m1-1': 0.945, 'm2-1': 5.069, 'm3-1': 9.788}",94.5,1076.459,1077.404,inf,1126.459,1126.459
304,T3,BESTEFFORT,COMPLETED,m2-1,1078.425,"{'m1-1': 1.083, 'm2-1': 4.851, 'm3-1': 10.584}",1455.3,1078.425,1083.276,inf,1128.425,1128.425
305,T3,BESTEFFORT,COMPLETED,m3-1,1078.631,"{'m1-1': 1.001, 'm2-1': 4.607, 'm3-1': 9.771}",97.71000000000001,1101.0960000000005,1110.8670000000004,inf,1128.631,1128.631
306,T4,BESTEFFORT,COMPLETED,m1-1,1082.492,"{'m1-1': 1.016, 'm2-1': 4.81, 'm3-1': 9.612}",101.6,1082.492,1083.508,inf,1132.492,1132.492
307,T1,BESTEFFORT,COMPLETED,m2-1,1084.73,"{'m1-1': 0.994, 'm2-1': 5.205, 'm3-1': 9.966}",1561.5,1084.73,1089.935,inf,1134.73,1134.73
308,T4,BESTEFFORT,COMPLETED,m3-1,1091.217,"{'m1-1': 1.065, 'm2-1': 5.235, 'm3-1': 9.502}",95.02000000000001,1110.8670000000004,1120.3690000000004,inf,1141.217,1141.217
309,T2,BESTEFFORT,COMPLETED,m1-1,1102.741,"{'m1-1': 1.057, 'm2-1': 5.046, 'm3-1': 9.677}",105.69999999999999,1102.741,1103.798,inf,1152.741,1152.741
310,T3,BESTEFFORT,COMPLETED,m2-1,1105.131,"{'m1-1': 1.023, 'm2-1': 5.24, 'm3-1': 10.282}",1572.0,1105.131,1110.371,inf,1155.131,1155.131
311,T3,BESTEFFORT,COMPLETED,m3-1,1110.484,"{'m1-1': 0.932, 'm2-1': 4.568, 'm3-1': 10.252}",102.52000000000001,1120.3690000000004,1130.6210000000003,inf,1160.484,1160.484
312,T3,BESTEFFORT,COMPLETED,m1-1,1111.927,"{'m1-1': 0.944, 'm2-1': 4.991, 'm3-1': 9.605}",94.39999999999999,1111.927,1112.8709999999999,inf,1161.927,1161.927
313,T1,BESTEFFORT,COMPLETED,m2-1,1116.857,"{'m1-1': 1.047, 'm2-1': 5.048, 'm3-1': 9.995}",1514.4,1116.857,1121.905,inf,1166.857,1166.857
314,T4,BESTEFFORT,COMPLETED,m3-1,1117.18,"{'m1-1': 0.982, 'm2-1': 4.71, 'm3-1': 9.691}",96.91000000000001,1130.6210000000003,1140.3120000000004,inf,1167.18,1167.18
315,T1,BESTEFFORT,COMPLETED,m1-1,1119.8,"{'m1-1': 1.009, 'm2-1': 4.782, 'm3-1': 9.575}",100.89999999999999,1119.8,1120.809,inf,1169.8,1169.8
316,T1,BESTEFFORT,COMPLETED,m2-1,1120.338,"{'m1-1': 0.932, 'm2-1': 5.135, 'm3-1': 10.03}",1540.5,1121.905,1127.04,inf,1170.338,1170.338
317,T2,BESTEFFORT,COMPLETED,m3-1,1125.751,"{'m1-1': 0.959, 'm2-1': 4.854, 'm3-1': 9.959}",99.59,1140.3120000000004,1150.2710000000004,inf,1175.751,1175.751
318,T1,BESTEFFORT,COMPLETED,m1-1,1127.309,"{'m1-1': 0.98, 'm2-1': 4.824, 'm3-1': 10.862}",98.0,1127.309,1128.289,inf,1177.309,1177.309
319,T4,BESTEFFORT,COMPLETED,m2-1,1129.556,"{'m1-1': 0.992, 'm2-1': 4.713, 'm3-1': 9.678}",1413.9,1129.556,1134.269,inf,1179.556,1179.556
320,T2,BESTEFFORT,COMPLETED,m3-1,1130.835,"{'m1-1': 1.032, 'm2-1': 5.359, 'm3-1': 9.345}",93.45,1150.2710000000004,1159.6160000000004,inf,1180.835,1180.835
321,T3,BESTEFFORT,COMPLETED,m1-1,1133.977,"{'m1-1': 1.048, 'm2-1': 5.202, 'm3-1': 10.166}",104.80000000000001,1133.977,1135.025,inf,1183.977,1183.977
322,T2,BESTEFFORT,COMPLETED,m2-1,1137.569,"{'m1-1': 1.041, 'm2-1': 5.344, 'm3-1': 10.454}",1603.2,1137.569,1142.913,inf,1187.569,1187.569
323,T1,BESTEFFORT,COMPLETED,m3-1,1154.804,"{'m1-1': 0.968, 'm2-1': 5.196, 'm3-1': 10.174}",101.74,1159.6160000000004,1169.7900000000004,inf,1204.804,1204.804
324,T2,BESTEFFORT,COMPLETED,m1-1,1154.92,"{'m1-1': 0.973, 'm2-1': 4.677, 'm3-1': 9.809}",97.3,1154.92,1155.893,inf,1204.92,1204.92
325,T1,BESTEFFORT,COMPLETED,m2-1,1156.659,"{'m1-1': 1.017, 'm2-1': 5.059, 'm3-1': 9.584}",1517.7,1156.659,1161.718,inf,1206.659,1206.659
326,T1,BESTEFFORT,COMPLETED,m3-1,1163.757,"{'m1-1': 1.072, 'm2-1': 4.813, 'm3-1': 10.635}",106.35,1169.7900000000004,1180.4250000000004,inf,1213.757,1213.757
327,T4,BESTEFFORT,COMPLETED,m1-1,1170.684,"{'m1-1': 0.933, 'm2-1': 4.832, 'm3-1': 9.88}",93.30000000000001,1170.684,1171.617,inf,1220.684,1220.684
328,T4,BESTEFFORT,COMPLETED,m2-1,1171.706,"{'m1-1': 1.025, 'm2-1': 5.192, 'm3-1': 10.719}",1557.6000000000001,1171.706,1176.898,inf,1221.706,1221.706
329,T2,BESTEFFORT,COMPLETED,m3-1,1178.016,"{'m1-1': 1.061, 'm2-1': 5.082, 'm3-1': 10.735}",107.35,1180.4250000000004,1191.1600000000003,inf,1228.016,1228.016
330,T4,BESTEFFORT,COMPLETED,m1-1,1179.037,"{'m1-1': 1.033, 'm2-1': 4.755, 'm3-1': 10.645}",103.3,1179.037,1180.07,inf,1229.037,1229.037
331,T1,BESTEFFORT,COMPLETED,m2-1,1180.454,"{'m1-1': 0.967, 'm2-1': 4.92, 'm3-1': 9.609}",1476.0,1180.454,1185.374,inf,1230.454,1230.454
332,T2,BESTEFFORT,COMPLETED,m3-1,1180.562,"{'m1-1': 1.044, 'm2-1': 4.64, 'm3-1': 9.929}",99.29,1191.1600000000003,1201.0890000000004,inf,1230.562,1230.562
333,T2,BESTEFFORT,COMPLETED,m1-1,1182.926,"{'m1-1': 0.982, 'm2-1': 4.741, 'm3-1': 10.19}",98.2,1182.926,1183.908,inf,1232.926,1232.926
334,T3,BESTEFFORT,COMPLETED,m2-1,1184.091,"{'m1-1': 0.937, 'm2-1': 5.152, 'm3-1': 10.511}",1545.6000000000001,1185.374,1190.526,inf,1234.091,1234.091
335,T3,BESTEFFORT,COMPLETED,m3-1,1184.63,"{'m1-1': 1.027, 'm2-1': 5.191, 'm3-1': 9.448}",94.48,1201.0890000000004,1210.5370000000005,inf,1234.63,1234.63
336,T1,BESTEFFORT,COMPLETED,m1-1,1187.952,"{'m1-1': 0.989, 'm2-1': 4.729, 'm3-1': 9.822}",98.9,1187.952,1188.941,inf,1237.952,1237.952
337,T1,BESTEFFORT,COMPLETED,m2-1,1189.407,"{'m1-1': 1.021, 'm2-1': 5.104, 'm3-1': 10.119}",1531.2,1190.526,1195.63,inf,1239.407,1239.407
338,T1,BESTEFFORT,COMPLETED,m3-1,1192.409,"{'m1-1': 0.988, 'm2-1': 4.666, 'm3-1': 9.97}",99.7,1210.5370000000005,1220.5070000000005,inf,1242.409,1242.409
339,T2,BESTEFFORT,COMPLETED,m1-1,1207.339,"{'m1-1': 0.938, 'm2-1': 5.086, 'm3-1': 10.13}",93.8,1207.339,1208.277,inf,1257.339,1257.339
340,T2,BESTEFFORT,COMPLETED,m2-1,1216.829,"{'m1-1': 1.004, 'm2-1': 5.022, 'm3-1': 9.61}",1506.6000000000001,1216.829,1221.8509999999999,inf,1266.829,1266.829
341,T2,BESTEFFORT,COMPLETED,m3-1,1225.61,"{'m1-1': 1.013, 'm2-1': 4.758, 'm3-1': 9.518}",95.18,1225.61,1235.128,inf,1275.61,1275.61
342,T2,BESTEFFORT,COMPLETED,m1-1,1233.9,"{'m1-1': 0.976, 'm2-1': 5.147, 'm3-1': 10.861}",97.6,1233.9,1234.8760000000002,inf,1283.9,1283.9
343,T4,BESTEFFORT,COMPLETED,m2-1,1235.356,"{'m1-1': 1.042, 'm2-1': 4.993, 'm3-1': 9.152}",1497.9,1235.356,1240.349,inf,1285.356,1285.356
344,T1,BESTEFFORT,COMPLETED,m3-1,1245.825,"{'m1-1': 1.083, 'm2-1': 4.954, 'm3-1': 10.605}",106.05000000000001,1245.825,1256.43,inf,1295.825,1295.825
345,T2,BESTEFFORT,COMPLETED,m1-1,1246.739,"{'m1-1': 0.953, 'm2-1': 4.733, 'm3-1': 10.534}",95.3,1246.739,1247.692,inf,1296.739,1296.739
346,T4,BESTEFFORT,COMPLETED,m2-1,1254.572,"{'m1-1': 1.029, 'm2-1': 5.093, 'm3-1': 9.463}",1527.9,1254.572,1259.665,inf,1304.572,1304.572
347,T3,BESTEFFORT,COMPLETED,m3-1,1257.661,"{'m1-1': 1.078, 'm2-1': 5.307, 'm3-1': 9.541}",95.41,1257.661,1267.202,inf,1307.661,1307.661
348,T1,BESTEFFORT,COMPLETED,m1-1,1258.502,"{'m1-1': 0.971, 'm2-1': 5.408, 'm3-1': 9.331}",97.1,1258.502,1259.473,inf,1308.502,1308.502
349,T2,BESTEFFORT,COMPLETED,m2-1,1260.702,"{'m1-1': 0.972, 'm2-1': 4.603, 'm3-1': 10.091}",1380.8999999999999,1260.702,1265.305,inf,1310.702,1310.702
350,T1,BESTEFFORT,COMPLETED,m3-1,1264.924,"{'m1-1': 0.939, 'm2-1': 4.84, 'm3-1': 9.594}",95.94,1267.202,1276.796,inf,1314.924,1314.924
351,T1,BESTEFFORT,COMPLETED,m1-1,1267.539,"{'m1-1': 1.025, 'm2-1': 4.701, 'm3-1': 9.849}",102.49999999999999,1267.539,1268.564,inf,1317.539,1317.539
352,T2,BESTEFFORT,COMPLETED,m2-1,1282.541,"{'m1-1': 0.952, 'm2-1': 5.145, 'm3-1': 10.149}",1543.4999999999998,1282.541,1287.686,inf,1332.541,1332.541
353,T4,BESTEFFORT,COMPLETED,m3-1,1290.031,"{'m1-1': 0.98, 'm2-1': 5.219, 'm3-1': 10.801}",108.01,1290.031,1300.8319999999999,inf,1340.031,1340.031
354,T2,BESTEFFORT,COMPLETED,m1-1,1291.26,"{'m1-1': 0.959, 'm2-1': 5.177, 'm3-1': 9.264}",95.89999999999999,1291.26,1292.219,inf,1341.26,1341.26
355,T1,BESTEFFORT,COMPLETED,m2-1,1294.678,"{'m1-1': 0.962, 'm2-1': 5.184, 'm3-1': 10.561}",1555.2,1294.678,1299.862,inf,1344.678,1344.678
356,T4,BESTEFFORT,COMPLETED,m3-1,1294.71,"{'m1-1': 1.031, 'm2-1': 5.352, 'm3-1': 9.215}",92.15,1300.8319999999999,1310.0469999999998,inf,1344.71,1344.71
357,T3,BESTEFFORT,COMPLETED,m1-1,1294.772,"{'m1-1': 0.996, 'm2-1': 5.169, 'm3-1': 10.211}",99.6,1294.772,1295.768,inf,1344.772,1344.772
358,T3,BESTEFFORT,COMPLETED,m2-1,1299.102,"{'m1-1': 1.087, 'm2-1': 5.225, 'm3-1': 10.694}",1567.5,1299.862,1305.087,inf,1349.102,1349.102
359,T2,BESTEFFORT,COMPLETED,m3-1,1305.226,"{'m1-1': 0.915, 'm2-1': 5.246, 'm3-1': 10.069}",100.69000000000001,1310.0469999999998,1320.1159999999998,inf,1355.226,1355.226
360,T4,BESTEFFORT,COMPLETED,m1-1,1315.396,"{'m1-1': 0.969, 'm2-1': 5.337, 'm3-1': 9.939}",96.89999999999999,1315.396,1316.365,inf,1365.396,1365.396
361,T4,BESTEFFORT,COMPLETED,m2-1,1319.037,"{'m1-1': 0.941, 'm2-1': 5.0, 'm3-1': 10.264}",1500.0,1319.037,1324.037,inf,1369.037,1369.037
362,T1,BESTEFFORT,COMPLETED,m3-1,1319.122,"{'m1-1': 1.034, 'm2-1': 5.207, 'm3-1': 10.5}",105.0,1320.1159999999998,1330.6159999999998,inf,1369.122,1369.122
363,T3,BESTEFFORT,COMPLETED,m1-1,1324.517,"{'m1-1': 0.946, 'm2-1': 4.799, 'm3-1': 9.625}",94.6,1324.517,1325.463,inf,1374.517,1374.517
364,T1,BESTEFFORT,COMPLETED,m2-1,1329.736,"{'m1-1': 1.026, 'm2-1': 5.281, 'm3-1': 10.186}",1584.3,1329.736,1335.017,inf,1379.736,1379.736
365,T3,BESTEFFORT,COMPLETED,m3-1,1331.172,"{'m1-1': 1.066, 'm2-1': 5.266, 'm3-1': 9.312}",93.11999999999999,1331.172,1340.484,inf,1381.172,1381.172
366,T4,BESTEFFORT,COMPLETED,m1-1,1331.375,"{'m1-1': 1.053, 'm2-1': 4.589, 'm3-1': 10.39}",105.3,1331.375,1332.428,inf,1381.375,1381.375
367,T1,BESTEFFORT,COMPLETED,m2-1,1333.157,"{'m1-1': 1.017, 'm2-1': 4.746, 'm3-1': 9.479}",1423.8000000000002,1335.017,1339.7630000000001,inf,1383.157,1383.157
368,T4,BESTEFFORT,COMPLETED,m3-1,1335.702,"{'m1-1': 0.945, 'm2-1': 5.211, 'm3-1': 10.834}",108.34,1340.484,1351.318,inf,1385.702,1385.702
369,T1,BESTEFFORT,COMPLETED,m1-1,1338.035,"{'m1-1': 0.991, 'm2-1': 4.86, 'm3-1': 10.016}",99.1,1338.035,1339.026,inf,1388.035,1388.035
370,T1,BESTEFFORT,COMPLETED,m2-1,1343.59,"{'m1-1': 0.991, 'm2-1': 5.26, 'm3-1': 9.188}",1578.0,1343.59,1348.85,inf,1393.59,1393.59
371,T4,BESTEFFORT,COMPLETED,m3-1,1344.879,"{'m1-1': 0.973, 'm2-1': 4.699, 'm3-1': 9.306}",93.05999999999999,1351.318,1360.624,inf,1394.879,1394.879
372,T3,BESTEFFORT,COMPLETED,m1-1,1346.217,"{'m1-1': 0.944, 'm2-1': 5.197, 'm3-1': 10.398}",94.39999999999999,1346.217,1347.161,inf,1396.217,1396.217
373,T2,BESTEFFORT,COMPLETED,m2-1,1348.299,"{'m1-1': 0.955, 'm2-1': 5.205, 'm3-1': 9.292}",1561.5,1348.85,1354.0549999999998,inf,1398.299,1398.299
374,T2,BESTEFFORT,COMPLETED,m3-1,1349.928,"{'m1-1': 1.054, 'm2-1': 5.371, 'm3-1': 10.498}",104.97999999999999,1360.624,1371.122,inf,1399.928,1399.928
375,T2,BESTEFFORT,COMPLETED,m1-1,1352.558,"{'m1-1': 0.952, 'm2-1': 5.41, 'm3-1': 9.556}",95.19999999999999,1352.558,1353.51,inf,1402.558,1402.558
376,T1,BESTEFFORT,COMPLETED,m2-1,1354.306,"{'m1-1': 1.043, 'm2-1': 4.712, 'm3-1': 9.982}",1413.6,1354.306,1359.018,inf,1404.306,1404.306
377,T2,BESTEFFORT,COMPLETED,m3-1,1354.486,"{'m1-1': 1.038, 'm2-1': 5.103, 'm3-1': 10.78}",107.8,1371.122,1381.902,inf,1404.486,1404.486
378,T3,BESTEFFORT,COMPLETED,m1-1,1359.015,"{'m1-1': 1.056, 'm2-1': 5.249, 'm3-1': 9.281}",105.60000000000001,1359.015,1360.0710000000001,inf,1409.015,1409.015
379,T1,BESTEFFORT,COMPLETED,m2-1,1359.084,"{'m1-1': 1.075, 'm2-1': 4.895, 'm3-1': 10.5}",1468.4999999999998,1359.084,1363.979,inf,1409.084,1409.084
380,T3,BESTEFFORT,COMPLETED,m3-1,1360.895,"{'m1-1': 0.949, 'm2-1': 4.938, 'm3-1': 10.244}",102.44,1381.902,1392.146,inf,1410.895,1410.895
381,T1,BESTEFFORT,COMPLETED,m1-1,1363.512,"{'m1-1': 0.955, 'm2-1': 4.572, 'm3-1': 9.258}",95.5,1363.512,1364.4669999999999,inf,1413.512,1413.512
382,T1,BESTEFFORT,COMPLETED,m2-1,1368.037,"{'m1-1': 0.941, 'm2-1': 5.421, 'm3-1': 9.555}",1626.3000000000002,1368.037,1373.458,inf,1418.037,1418.037
383,T2,BESTEFFORT,COMPLETED,m3-1,1368.498,"{'m1-1': 0.948, 'm2-1': 5.206, 'm3-1': 9.236}",92.36000000000001,1392.146,1401.382,inf,1418.498,1418.498
384,T1,BESTEFFORT,COMPLETED,m1-1,1368.761,"{'m1-1': 1.072, 'm2-1': 4.661, 'm3-1': 9.471}",107.2,1368.761,1369.8329999999999,inf,1418.761,1418.761
385,T3,BESTEFFORT,COMPLETED,m2-1,1369.123,"{'m1-1': 1.014, 'm2-1': 4.877, 'm3-1': 9.333}",1463.1,1373.458,1378.335,inf,1419.123,1419.123
386,T4,BESTEFFORT,COMPLETED,m3-1,1370.473,"{'m1-1': 0.95, 'm2-1': 5.194, 'm3-1': 9.95}",99.5,1401.382,1411.332,inf,1420.473,1420.473
387,T2,BESTEFFORT,COMPLETED,m1-1,1373.182,"{'m1-1': 1.025, 'm2-1': 4.904, 'm3-1': 10.738}",102.49999999999999,1373.182,1374.207,inf,1423.182,1423.182
388,T2,BESTEFFORT,COMPLETED,m2-1,1375.668,"{'m1-1': 1.003, 'm2-1': 5.04, 'm3-1': 10.793}",1512.0,1378.335,1383.375,inf,1425.668,1425.668
389,T3,BESTEFFORT,COMPLETED,m3-1,1376.173,"{'m1-1': 1.066, 'm2-1': 4.721, 'm3-1': 9.833}",98.33,1411.332,1421.1650000000002,inf,1426.173,1426.173
390,T4,BESTEFFORT,COMPLETED,m1-1,1376.373,"{'m1-1': 1.072, 'm2-1': 4.682, 'm3-1': 9.494}",107.2,1376.373,1377.445,inf,1426.373,1426.373
391,T1,BESTEFFORT,COMPLETED,m2-1,1376.522,"{'m1-1': 0.965, 'm2-1': 5.18, 'm3-1': 9.589}",1554.0,1383.375,1388.555,inf,1426.522,1426.522
392,T1,BESTEFFORT,COMPLETED,m3-1,1391.305,"{'m1-1': 1.082, 'm2-1': 4.796, 'm3-1': 10.302}",103.02,1421.1650000000002,1431.467,inf,1441.305,1441.305
393,T4,BESTEFFORT,COMPLETED,m1-1,1391.918,"{'m1-1': 1.019, 'm2-1': 4.871, 'm3-1': 10.377}",101.89999999999999,1391.918,1392.937,inf,1441.918,1441.918
394,T3,BESTEFFORT,COMPLETED,m2-1,1394.25,"{'m1-1': 0.916, 'm2-1': 5.078, 'm3-1': 10.856}",1523.4,1394.25,1399.328,inf,1444.25,1444.25
395,T1,BESTEFFORT,COMPLETED,m3-1,1395.76,"{'m1-1': 0.922, 'm2-1': 5.338, 'm3-1': 10.818}",108.17999999999999,1431.467,1442.285,inf,1445.76,1445.76
396,T2,BESTEFFORT,COMPLETED,m1-1,1397.854,"{'m1-1': 1.056, 'm2-1': 5.319, 'm3-1': 10.69}",105.60000000000001,1397.854,1398.91,inf,1447.854,1447.854
397,T4,BESTEFFORT,COMPLETED,m2-1,1401.185,"{'m1-1': 0.965, 'm2-1': 4.873, 'm3-1': 9.968}",1461.9,1401.185,1406.058,inf,1451.185,1451.185
398,T2,BESTEFFORT,COMPLETED,m3-1,1408.721,"{'m1-1': 1.005, 'm2-1': 5.243, 'm3-1': 9.51}",95.1,1442.285,1451.795,inf,1458.721,1458.721
399,T3,BESTEFFORT,COMPLETED,m1-1,1415.867,"{'m1-1': 0.989, 'm2-1': 5.227, 'm3-1': 10.198}",98.9,1415.867,1416.856,inf,1465.867,1465.867
400,T3,BESTEFFORT,COMPLETED,m2-1,1417.56,"{'m1-1': 0.998, 'm2-1': 4.693, 'm3-1': 10.47}",1407.8999999999999,1417.56,1422.253,inf,1467.56,1467.56
401,T2,BESTEFFORT,COMPLETED,m3-1,1420.942,"{'m1-1': 1.049, 'm2-1': 5.092, 'm3-1': 9.49}",94.9,1451.795,1461.285,inf,1470.942,1470.942
402,T3,BESTEFFORT,COMPLETED,m1-1,1423.194,"{'m1-1': 1.012, 'm2-1': 4.789, 'm3-1': 9.788}",101.2,1423.194,1424.206,inf,1473.194,1473.194
403,T3,BESTEFFORT,COMPLETED,m2-1,1431.831,"{'m1-1': 0.982, 'm2-1': 5.068, 'm3-1': 10.449}",1520.3999999999999,1431.831,1436.899,inf,1481.831,1481.831
404,T3,BESTEFFORT,COMPLETED,m3-1,1433.901,"{'m1-1': 0.984, 'm2-1': 5.201, 'm3-1': 10.495}",104.94999999999999,1461.285,1471.78,inf,1483.901,1483.901
405,T3,BESTEFFORT,COMPLETED,m1-1,1436.412,"{'m1-1': 1.072, 'm2-1': 5.275, 'm3-1': 9.816}",107.2,1436.412,1437.484,inf,1486.412,1486.412
406,T4,BESTEFFORT,COMPLETED,m2-1,1440.314,"{'m1-1': 1.005, 'm2-1': 5.385, 'm3-1': 10.143}",1615.5,1440.314,1445.699,inf,1490.314,1490.314
407,T2,BESTEFFORT,COMPLETED,m3-1,1444.685,"{'m1-1': 0.933, 'm2-1': 5.173, 'm3-1': 9.462}",94.62,1471.78,1481.242,inf,1494.685,1494.685
408,T3,BESTEFFORT,COMPLETED,m1-1,1445.118,"{'m1-1': 0.979, 'm2-1': 5.265, 'm3-1': 10.114}",97.89999999999999,1445.118,1446.097,inf,1495.118,1495.118
409,T2,BESTEFFORT,COMPLETED,m2-1,1451.561,"{'m1-1': 1.001, 'm2-1': 4.865, 'm3-1': 9.577}",1459.5,1451.561,1456.426,inf,1501.561,1501.561
410,T4,BESTEFFORT,COMPLETED,m3-1,1457.514,"{'m1-1': 0.995, 'm2-1': 4.966, 'm3-1': 9.767}",97.66999999999999,1481.242,1491.009,inf,1507.514,1507.514
411,T2,BESTEFFORT,COMPLETED,m1-1,1458.628,"{'m1-1': 0.997, 'm2-1': 5.363, 'm3-1': 9.769}",99.7,1458.628,1459.625,inf,1508.628,1508.628
412,T2,BESTEFFORT,COMPLETED,m2-1,1468.004,"{'m1-1': 0.916, 'm2-1': 5.201, 'm3-1': 10.434}",1560.3,1468.004,1473.205,inf,1518.004,1518.004
413,T3,BESTEFFORT,COMPLETED,m3-1,1470.277,"{'m1-1': 0.992, 'm2-1': 4.627, 'm3-1': 10.219}",102.19,1491.009,1501.228,inf,1520.277,1520.277
414,T4,BESTEFFORT,COMPLETED,m1-1,1474.478,"{'m1-1': 0.929, 'm2-1': 4.789, 'm3-1': 9.169}",92.9,1474.478,1475.4070000000002,inf,1524.478,1524.478
415,T2,BESTEFFORT,COMPLETED,m2-1,1474.678,"{'m1-1': 1.049, 'm2-1': 5.278, 'm3-1': 10.834}",1583.3999999999999,1474.678,1479.9560000000001,inf,1524.678,1524.678
416,T3,BESTEFFORT,COMPLETED,m3-1,1481.416,"{'m1-1': 0.925, 'm2-1': 4.642, 'm3-1': 10.668}",106.67999999999999,1501.228,1511.896,inf,1531.416,1531.416
417,T4,BESTEFFORT,COMPLETED,m1-1,1481.58,"{'m1-1': 0.977, 'm2-1': 4.727, 'm3-1': 9.758}",97.7,1481.58,1482.557,inf,1531.58,1531.58
418,T2,BESTEFFORT,COMPLETED,m2-1,1482.351,"{'m1-1': 0.954, 'm2-1': 4.896, 'm3-1': 9.24}",1468.8,1482.351,1487.247,inf,1532.351,1532.351
419,T2,BESTEFFORT,COMPLETED,m3-1,1485.515,"{'m1-1': 1.044, 'm2-1': 5.205, 'm3-1': 9.149}",91.49,1511.896,1521.0449999999998,inf,1535.515,1535.515
420,T4,BESTEFFORT,COMPLETED,m1-1,1493.422,"{'m1-1': 1.054, 'm2-1': 5.385, 'm3-1': 9.772}",105.4,1493.422,1494.476,inf,1543.422,1543.422
421,T4,BESTEFFORT,COMPLETED,m2-1,1494.16,"{'m1-1': 0.971, 'm2-1': 4.597, 'm3-1': 9.372}",1379.1000000000001,1494.16,1498.757,inf,1544.16,1544.16
422,T4,BESTEFFORT,COMPLETED,m3-1,1495.745,"{'m1-1': 1.075, 'm2-1': 5.278, 'm3-1': 10.081}",100.81,1521.0449999999998,1531.1259999999997,inf,1545.745,1545.745
423,T3,BESTEFFORT,COMPLETED,m1-1,1498.545,"{'m1-1': 0.955, 'm2-1': 4.648, 'm3-1': 10.375}",95.5,1498.545,1499.5,inf,1548.545,1548.545
424,T2,BESTEFFORT,COMPLETED,m2-1,1499.214,"{'m1-1': 0.969, 'm2-1': 4.86, 'm3-1': 9.626}",1458.0,1499.214,1504.0739999999998,inf,1549.214,1549.214
425,T2,BESTEFFORT,COMPLETED,m3-1,1499.677,"{'m1-1': 0.992, 'm2-1': 4.847, 'm3-1': 10.356}",103.56,1531.1259999999997,1541.4819999999997,inf,1549.677,1549.677
426,T3,BESTEFFORT,COMPLETED,m1-1,1508.973,"{'m1-1': 0.928, 'm2-1': 4.619, 'm3-1': 9.136}",92.80000000000001,1508.973,1509.901,inf,1558.973,1558.973
427,T2,BESTEFFORT,COMPLETED,m2-1,1519.013,"{'m1-1': 0.953, 'm2-1': 5.215, 'm3-1': 10.709}",1564.5,1519.013,1524.2279999999998,inf,1569.013,1569.013
428,T2,BESTEFFORT,COMPLETED,m3-1,1519.932,"{'m1-1': 1.012, 'm2-1': 5.12, 'm3-1': 9.342}",93.42,1541.4819999999997,1550.8239999999998,inf,1569.932,1569.932
429,T3,BESTEFFORT,COMPLETED,m1-1,1521.727,"{'m1-1': 1.022, 'm2-1': 5.136, 'm3-1': 10.665}",102.2,1521.727,1522.749,inf,1571.727,1571.727
430,T4,BESTEFFORT,COMPLETED,m2-1,1536.482,"{'m1-1': 0.972, 'm2-1': 5.158, 'm3-1': 9.989}",1547.4,1536.482,1541.6399999999999,inf,1586.482,1586.482
431,T2,BESTEFFORT,COMPLETED,m3-1,1536.684,"{'m1-1': 0.995, 'm2-1': 5.32, 'm3-1': 9.253}",92.53,1550.8239999999998,1560.0769999999998,inf,1586.684,1586.684
432,T2,BESTEFFORT,COMPLETED,m1-1,1537.425,"{'m1-1': 0.959, 'm2-1': 5.364, 'm3-1': 10.132}",95.89999999999999,1537.425,1538.384,inf,1587.425,1587.425
433,T4,BESTEFFORT,COMPLETED,m2-1,1537.696,"{'m1-1': 0.947, 'm2-1': 5.231, 'm3-1': 10.041}",1569.3,1541.6399999999999,1546.8709999999999,inf,1587.696,1587.696
434,T3,BESTEFFORT,COMPLETED,m3-1,1541.605,"{'m1-1': 1.043, 'm2-1': 5.124, 'm3-1': 9.835}",98.35000000000001,1560.0769999999998,1569.9119999999998,inf,1591.605,1591.605
435,T3,BESTEFFORT,COMPLETED,m1-1,1543.577,"{'m1-1': 0.976, 'm2-1': 4.858, 'm3-1': 10.41}",97.6,1543.577,1544.553,inf,1593.577,1593.577
436,T3,BESTEFFORT,COMPLETED,m2-1,1552.372,"{'m1-1': 1.075, 'm2-1': 4.6, 'm3-1': 10.019}",1380.0,1552.372,1556.972,inf,1602.372,1602.372
437,T3,BESTEFFORT,COMPLETED,m3-1,1557.961,"{'m1-1': 0.977, 'm2-1': 5.385, 'm3-1': 9.724}",97.24000000000001,1569.9119999999998,1579.6359999999997,inf,1607.961,1607.961
438,T3,BESTEFFORT,COMPLETED,m1-1,1566.73,"{'m1-1': 1.08, 'm2-1': 5.319, 'm3-1': 10.391}",108.0,1566.73,1567.81,inf,1616.73,1616.73
439,T4,BESTEFFORT,COMPLETED,m2-1,1580.111,"{'m1-1': 0.923, 'm2-1': 4.76, 'm3-1': 9.95}",1428.0,1580.111,1584.871,inf,1630.111,1630.111
440,T2,BESTEFFORT,COMPLETED,m3-1,1587.101,"{'m1-1': 0.999, 'm2-1': 5.415, 'm3-1': 9.305}",93.05,1587.101,1596.4060000000002,inf,1637.101,1637.101
441,T2,BESTEFFORT,COMPLETED,m1-1,1593.668,"{'m1-1': 0.936, 'm2-1': 4.631, 'm3-1': 10.853}",93.60000000000001,1593.668,1594.6039999999998,inf,1643.668,1643.668
442,T2,BESTEFFORT,COMPLETED,m2-1,1599.412,"{'m1-1': 1.042, 'm2-1': 4.77, 'm3-1': 10.766}",1430.9999999999998,1599.412,1604.182,inf,1649.412,1649.412
443,T4,BESTEFFORT,COMPLETED,m3-1,1600.309,"{'m1-1': 0.989, 'm2-1': 5.224, 'm3-1': 10.685}",106.85000000000001,1600.309,1610.994,inf,1650.309,1650.309
444,T3,BESTEFFORT,COMPLETED,m1-1,1609.067,"{'m1-1': 0.966, 'm2-1': 5.088, 'm3-1': 9.875}",96.6,1609.067,1610.033,inf,1659.067,1659.067
445,T4,BESTEFFORT,COMPLETED,m2-1,1615.888,"{'m1-1': 0.974, 'm2-1': 4.58, 'm3-1': 9.53}",1374.0,1615.888,1620.4679999999998,inf,1665.888,1665.888
446,T2,BESTEFFORT,COMPLETED,m3-1,1621.53,"{'m1-1': 1.023, 'm2-1': 5.398, 'm3-1': 9.515}",95.15,1621.53,1631.045,inf,1671.53,1671.53
447,T3,BESTEFFORT,COMPLETED,m1-1,1625.674,"{'m1-1': 1.061, 'm2-1': 5.057, 'm3-1': 9.652}",106.1,1625.674,1626.735,inf,1675.674,1675.674
448,T3,BESTEFFORT,COMPLETED,m2-1,1638.152,"{'m1-1': 0.965, 'm2-1': 4.602, 'm3-1': 10.192}",1380.6000000000001,1638.152,1642.7540000000001,inf,1688.152,1688.152
449,T4,BESTEFFORT,COMPLETED,m3-1,1638.391,"{'m1-1': 1.083, 'm2-1': 5.348, 'm3-1': 10.633}",106.32999999999998,1638.391,1649.0240000000001,inf,1688.391,1688.391
450,T4,BESTEFFORT,COMPLETED,m1-1,1640.835,"{'m1-1': 0.918, 'm2-1': 5.254, 'm3-1': 9.665}",91.8,1640.835,1641.753,inf,1690.835,1690.835
451,T2,BESTEFFORT,COMPLETED,m2-1,1645.327,"{'m1-1': 1.052, 'm2-1': 5.124, 'm3-1': 9.343}",1537.1999999999998,1645.327,1650.451,inf,1695.327,1695.327
452,T3,BESTEFFORT,COMPLETED,m3-1,1650.092,"{'m1-1': 0.956, 'm2-1': 5.083, 'm3-1': 10.627}",106.27000000000001,1650.092,1660.719,inf,1700.092,1700.092
453,T2,BESTEFFORT,COMPLETED,m1-1,1656.919,"{'m1-1': 1.014, 'm2-1': 4.818, 'm3-1': 10.721}",101.4,1656.919,1657.933,inf,1706.919,1706.919
454,T2,BESTEFFORT,COMPLETED,m2-1,1662.966,"{'m1-1': 0.936, 'm2-1': 5.281, 'm3-1': 9.821}",1584.3,1662.966,1668.2469999999998,inf,1712.966,1712.966
455,T4,BESTEFFORT,COMPLETED,m3-1,1666.1,"{'m1-1': 1.028, 'm2-1': 5.218, 'm3-1': 9.644}",96.44,1666.1,1675.744,inf,1716.1,1716.1
456,T3,BESTEFFORT,COMPLETED,m1-1,1671.667,"{'m1-1': 0.924, 'm2-1': 5.152, 'm3-1': 10.344}",92.4,1671.667,1672.591,inf,1721.667,1721.667
457,T3,BESTEFFORT,COMPLETED,m2-1,1682.829,"{'m1-1': 1.027, 'm2-1': 5.088, 'm3-1': 10.218}",1526.4,1682.829,1687.917,inf,1732.829,1732.829
458,T4,BESTEFFORT,COMPLETED,m3-1,1686.779,"{'m1-1': 0.976, 'm2-1': 5.208, 'm3-1': 10.193}",101.92999999999999,1686.779,1696.972,inf,1736.779,1736.779
459,T4,BESTEFFORT,COMPLETED,m1-1,1699.254,"{'m1-1': 1.067, 'm2-1': 5.171, 'm3-1': 9.787}",106.69999999999999,1699.254,1700.321,inf,1749.254,1749.254
460,T3,BESTEFFORT,COMPLETED,m2-1,1708.588,"{'m1-1': 0.992, 'm2-1': 4.749, 'm3-1': 10.844}",1424.6999999999998,1708.588,1713.337,inf,1758.588,1758.588
461,T4,BESTEFFORT,COMPLETED,m3-1,1709.796,"{'m1-1': 0.935, 'm2-1': 4.663, 'm3-1': 9.682}",96.82000000000001,1709.796,1719.478,inf,1759.796,1759.796
462,T4,BESTEFFORT,COMPLETED,m1-1,1720.151,"{'m1-1': 0.954, 'm2-1': 4.622, 'm3-1': 10.771}",95.39999999999999,1720.151,1721.105,inf,1770.151,1770.151
463,T2,BESTEFFORT,COMPLETED,m2-1,1722.468,"{'m1-1': 1.059, 'm2-1': 5.209, 'm3-1': 10.135}",1562.6999999999998,1722.468,1727.6770000000001,inf,1772.468,1772.468
464,T3,BESTEFFORT,COMPLETED,m3-1,1724.266,"{'m1-1': 1.032, 'm2-1': 5.079, 'm3-1': 10.79}",107.89999999999999,1724.266,1735.056,inf,1774.266,1774.266
465,T2,BESTEFFORT,COMPLETED,m1-1,1725.929,"{'m1-1': 1.0, 'm2-1': 4.775, 'm3-1': 9.71}",100.0,1725.929,1726.929,inf,1775.929,1775.929
466,T4,BESTEFFORT,COMPLETED,m2-1,1729.601,"{'m1-1': 0.913, 'm2-1': 5.215, 'm3-1': 10.412}",1564.5,1729.601,1734.816,inf,1779.601,1779.601
467,T2,BESTEFFORT,COMPLETED,m3-1,1734.949,"{'m1-1': 0.946, 'm2-1': 4.886, 'm3-1': 9.824}",98.24,1735.056,1744.88,inf,1784.949,1784.949
468,T2,BESTEFFORT,COMPLETED,m1-1,1739.927,"{'m1-1': 0.923, 'm2-1': 5.109, 'm3-1': 9.603}",92.30000000000001,1739.927,1740.85,inf,1789.927,1789.927
469,T2,BESTEFFORT,COMPLETED,m2-1,1740.397,"{'m1-1': 0.937, 'm2-1': 4.585, 'm3-1': 9.782}",1375.5,1740.397,1744.982,inf,1790.397,1790.397
470,T3,BESTEFFORT,COMPLETED,m3-1,1745.563,"{'m1-1': 0.929, 'm2-1': 5.22, 'm3-1': 9.32}",93.2,1745.563,1754.883,inf,1795.563,1795.563
471,T2,BESTEFFORT,COMPLETED,m1-1,1748.642,"{'m1-1': 1.051, 'm2-1': 5.008, 'm3-1': 10.291}",105.1,1748.642,1749.693,inf,1798.642,1798.642
472,T2,BESTEFFORT,COMPLETED,m2-1,1749.976,"{'m1-1': 1.062, 'm2-1': 5.102, 'm3-1': 10.833}",1530.6000000000001,1749.976,1755.0780000000002,inf,1799.976,1799.976
473,T4,BESTEFFORT,COMPLETED,m3-1,1756.693,"{'m1-1': 0.98, 'm2-1': 5.057, 'm3-1': 10.071}",100.71,1756.693,1766.764,inf,1806.693,1806.693
474,T2,BESTEFFORT,COMPLETED,m1-1,1760.596,"{'m1-1': 1.077, 'm2-1': 4.996, 'm3-1': 10.813}",107.69999999999999,1760.596,1761.673,inf,1810.596,1810.596
475,T4,BESTEFFORT,COMPLETED,m2-1,1761.824,"{'m1-1': 1.085, 'm2-1': 4.845, 'm3-1': 10.337}",1453.5,1761.824,1766.669,inf,1811.824,1811.824
476,T4,BESTEFFORT,COMPLETED,m3-1,1762.847,"{'m1-1': 0.98, 'm2-1': 5.108, 'm3-1': 10.769}",107.69,1766.764,1777.533,inf,1812.847,1812.847
477,T3,BESTEFFORT,COMPLETED,m1-1,1784.453,"{'m1-1': 1.042, 'm2-1': 4.809, 'm3-1': 9.58}",104.2,1784.453,1785.495,inf,1834.453,1834.453
478,T4,BESTEFFORT,COMPLETED,m2-1,1814.468,"{'m1-1': 0.959, 'm2-1': 5.092, 'm3-1': 9.969}",1527.6,1814.468,1819.5600000000002,inf,1864.468,1864.468
479,T3,BESTEFFORT,COMPLETED,m3-1,1815.203,"{'m1-1': 0.952, 'm2-1': 4.671, 'm3-1': 10.004}",100.03999999999999,1815.203,1825.2069999999999,inf,1865.203,1865.203
480,T4,BESTEFFORT,COMPLETED,m1-1,1824.271,"{'m1-1': 0.93, 'm2-1': 5.232, 'm3-1': 9.326}",93.0,1824.271,1825.201,inf,1874.271,1874.271
481,T3,BESTEFFORT,COMPLETED,m2-1,1832.85,"{'m1-1': 0.954, 'm2-1': 5.163, 'm3-1': 10.848}",1548.9,1832.85,1838.013,inf,1882.85,1882.85
482,T4,BESTEFFORT,COMPLETED,m3-1,1846.965,"{'m1-1': 0.994, 'm2-1': 5.397, 'm3-1': 9.969}",99.69,1846.965,1856.934,inf,1896.965,1896.965
483,T3,BESTEFFORT,COMPLETED,m1-1,1857.193,"{'m1-1': 0.92, 'm2-1': 5.21, 'm3-1': 9.911}",92.0,1857.193,1858.113,inf,1907.193,1907.193
484,T4,BESTEFFORT,COMPLETED,m2-1,1865.254,"{'m1-1': 1.019, 'm2-1': 5.009, 'm3-1': 10.273}",1502.7,1865.254,1870.263,inf,1915.254,1915.254
485,T4,BESTEFFORT,COMPLETED,m3-1,1877.741,"{'m1-1': 1.067, 'm2-1': 4.944, 'm3-1': 9.333}",93.33,1877.741,1887.074,inf,1927.741,1927.741
486,T4,BESTEFFORT,COMPLETED,m1-1,1880.021,"{'m1-1': 0.926, 'm2-1': 4.919, 'm3-1': 9.437}",92.60000000000001,1880.021,1880.947,inf,1930.021,1930.021
487,T4,BESTEFFORT,COMPLETED,m2-1,1884.692,"{'m1-1': 0.919, 'm2-1': 4.675, 'm3-1': 9.384}",1402.5,1884.692,1889.367,inf,1934.692,1934.692
488,T3,BESTEFFORT,COMPLETED,m3-1,1891.748,"{'m1-1': 0.94, 'm2-1': 5.388, 'm3-1': 9.63}",96.30000000000001,1891.748,1901.3780000000002,inf,1941.748,1941.748
489,T4,BESTEFFORT,COMPLETED,m1-1,1894.08,"{'m1-1': 1.071, 'm2-1': 5.144, 'm3-1': 10.478}",107.1,1894.08,1895.1509999999998,inf,1944.08,1944.08
490,T3,BESTEFFORT,COMPLETED,m2-1,1899.938,"{'m1-1': 0.979, 'm2-1': 5.426, 'm3-1': 10.601}",1627.8,1899.938,1905.364,inf,1949.938,1949.938
491,T3,BESTEFFORT,COMPLETED,m3-1,1944.099,"{'m1-1': 1.07, 'm2-1': 5.317, 'm3-1': 10.743}",107.43,1944.099,1954.8419999999999,inf,1994.099,1994.099
492,T3,BESTEFFORT,COMPLETED,m1-1,1959.137,"{'m1-1': 0.974, 'm2-1': 5.338, 'm3-1': 10.503}",97.39999999999999,1959.137,1960.1109999999999,inf,2009.137,2009.137
493,T3,BESTEFFORT,COMPLETED,m2-1,1970.636,"{'m1-1': 0.99, 'm2-1': 4.612, 'm3-1': 10.444}",1383.6000000000001,1970.636,1975.248,inf,2020.636,2020.636
494,T3,BESTEFFORT,COMPLETED,m3-1,1992.729,"{'m1-1': 1.067, 'm2-1': 5.005, 'm3-1': 9.774}",97.74,1992.729,2002.503,inf,2042.729,2042.729
495,T3,BESTEFFORT,COMPLETED,m1-1,1997.29,"{'m1-1': 1.068, 'm2-1': 4.74, 'm3-1': 10.245}",106.80000000000001,1997.29,1998.358,inf,2047.29,2047.29
496,T3,BESTEFFORT,COMPLETED,m2-1,2014.691,"{'m1-1': 0.921, 'm2-1': 5.302, 'm3-1': 10.627}",1590.6,2014.691,2019.993,inf,2064.691,2064.691
497,T3,BESTEFFORT,COMPLETED,m3-1,2029.341,"{'m1-1': 1.003, 'm2-1': 5.337, 'm3-1': 9.242}",92.42000000000002,2029.341,2038.5829999999999,inf,2079.341,2079.341
498,T3,BESTEFFORT,COMPLETED,m1-1,2069.065,"{'m1-1': 1.057, 'm2-1': 4.96, 'm3-1': 10.302}",105.69999999999999,2069.065,2070.122,inf,2119.065,2119.065
499,T3,BESTEFFORT,COMPLETED,m2-1,2125.154,"{'m1-1': 0.919, 'm2-1': 5.015, 'm3-1': 9.992}",1504.5,2125.154,2130.169,inf,2175.154,2175.154
