0,1,2,3,4
625.0,0.0,0.9601466666666667,25.0,0.0
2525.0,0.0,0.6983,225.0,0.0
2750.0,1.0,0.6486141764783611,263.0,0.0
2789.0,1.0,0.7306458847453345,297.0,0.0
2822.0,4.0,-0.2,2822.0,0.0
3447.0,4.0,-0.4,2197.0,0.0
2198.0,4.0,-0.2,3448.0,0.0
3473.0,2.0,-0.8237252026610224,2948.0,0.0
4199.0,3.0,-1.0,4199.0,0.0
4199.0,3.0,-1.0,4199.0,0.0
4199.0,3.0,-1.0,4199.0,0.0
4188.0,2.0,-1.0,4188.0,0.0
4175.0,2.0,-1.0,4175.0,0.0
4175.0,2.0,-1.0,4175.0,0.0
4175.0,2.0,-1.0,4175.0,0.0
4200.0,3.0,0.6109277287433118,2963.0,0.0
4213.0,3.0,0.649913450610996,2971.0,0.0
3597.0,3.0,-1.0,3597.0,0.0
3588.0,3.0,-0.8155862943907838,2967.0,0.0
4217.0,5.0,-0.2,4217.0,0.0
4217.0,5.0,-0.4,4217.0,0.0
4219.0,3.0,-1.0,4219.0,0.0
4219.0,3.0,-1.0,4219.0,0.0
4226.0,4.0,-0.8,4226.0,0.0
4225.0,1.0,0.6416747551683131,2988.0,0.0
4238.0,1.0,0.7009404397174563,2996.0,0.0
3621.0,3.0,-1.0,3621.0,0.0
3623.0,3.0,-1.0,3623.0,0.0
3624.0,3.0,-1.0,3624.0,0.0
3613.0,3.0,-0.9799558675151117,2992.0,0.0
3617.0,3.0,-1.0,3617.0,0.0
3618.0,3.0,-1.0,3618.0,0.0
3620.0,3.0,-1.0,3620.0,0.0
3601.0,3.0,0.16881178596260046,2980.0,0.0
3601.0,3.0,0.21619923836010638,2980.0,0.0
4226.0,4.0,-0.2,4226.0,0.0
4228.0,3.0,0.6347641549500594,2986.0,0.0
4237.0,5.0,-0.2,4237.0,0.0
4238.0,1.0,0.6881350463485795,2996.0,0.0
4246.0,3.0,-1.0,4246.0,0.0
4272.0,3.0,-1.0,4272.0,0.0
4273.0,3.0,-1.0,4273.0,0.0
4274.0,3.0,-1.0,4274.0,0.0
4263.0,1.0,0.6758943533438506,3021.0,0.0
4271.0,5.0,-0.2,4271.0,0.0
4272.0,3.0,-1.0,4272.0,0.0
4273.0,3.0,-1.0,4273.0,0.0
4273.0,3.0,-1.0,4273.0,0.0
4273.0,3.0,-1.0,4273.0,0.0
4263.0,1.0,0.6900778356188133,3021.0,0.0
3646.0,3.0,-1.0,3646.0,0.0
3647.0,3.0,-1.0,3647.0,0.0
3647.0,3.0,-1.0,3647.0,0.0
3647.0,3.0,-1.0,3647.0,0.0
3648.0,3.0,-1.0,3648.0,0.0
3174.0,2.0,-0.9771795565918195,2649.0,0.0
3174.0,2.0,-0.9933194765914553,2649.0,0.0
3174.0,2.0,-0.9987368758261155,2649.0,0.0
3799.0,3.0,-1.0,3799.0,0.0
3774.0,3.0,-1.0,3774.0,0.0
3774.0,3.0,-1.0,3774.0,0.0
3774.0,3.0,-1.0,3774.0,0.0
3774.0,3.0,-1.0,3774.0,0.0
3763.0,1.0,0.6743812045761277,2521.0,0.0
3771.0,3.0,-1.0,3771.0,0.0
3771.0,3.0,-1.0,3771.0,0.0
3772.0,3.0,-1.0,3772.0,0.0
3772.0,3.0,-1.0,3772.0,0.0
3772.0,3.0,-1.0,3772.0,0.0
3772.0,3.0,-1.0,3772.0,0.0
3773.0,3.0,-1.0,3773.0,0.0
3774.0,3.0,-1.0,3774.0,0.0
3774.0,3.0,-1.0,3774.0,0.0
3774.0,3.0,-1.0,3774.0,0.0
3763.0,1.0,0.5698626259338042,2521.0,0.0
3146.0,3.0,-1.0,3146.0,0.0
3147.0,3.0,-1.0,3147.0,0.0
3148.0,3.0,-1.0,3148.0,0.0
3148.0,3.0,-1.0,3148.0,0.0
3138.0,3.0,-0.09014581935294697,2517.0,0.0
3142.0,1.0,-1.0,3142.0,0.0
3142.0,1.0,-1.0,3142.0,0.0
3142.0,1.0,-1.0,3142.0,0.0
3143.0,3.0,-1.0,3143.0,0.0
3144.0,2.0,-1.0,2544.0,0.0
3769.0,3.0,-1.0,3769.0,0.0
3769.0,3.0,-1.0,3769.0,0.0
3769.0,3.0,-1.0,3769.0,0.0
3770.0,3.0,-1.0,3770.0,0.0
3751.0,0.0,-0.3968926562754443,2826.0,0.0
4075.0,2.0,-1.0511129033206654,3025.0,0.0
4275.0,2.0,-1.0,4275.0,0.0
4275.0,2.0,-1.0,4275.0,0.0
4275.0,2.0,-1.0,4275.0,0.0
4275.0,2.0,-1.0,4275.0,0.0
4275.0,2.0,-1.0,4275.0,0.0
4275.0,2.0,-1.0,4275.0,0.0
4275.0,2.0,-1.0,4275.0,0.0
4275.0,2.0,-1.0,4275.0,0.0
4275.0,2.0,-1.0,4275.0,0.0
4275.0,2.0,-1.0,4275.0,0.0
4275.0,2.0,-1.0,4275.0,0.0
4275.0,2.0,-1.0,4275.0,0.0
4275.0,2.0,-1.0,4275.0,0.0
4275.0,2.0,-1.0,4275.0,0.0
4275.0,2.0,-1.0,4275.0,0.0
4275.0,2.0,-1.0,4275.0,0.0
4275.0,2.0,-1.0,4275.0,0.0
4275.0,2.0,-1.0,4275.0,0.0
4275.0,2.0,-1.0,4275.0,0.0
4300.0,3.0,0.5324358133189618,3063.0,0.0
4313.0,1.0,0.6241086229352728,3071.0,0.0
4321.0,3.0,-1.0,4321.0,0.0
4321.0,3.0,-1.0,4321.0,0.0
4322.0,3.0,-1.0,4322.0,0.0
4322.0,3.0,-1.0,4322.0,0.0
4322.0,3.0,-1.0,4322.0,0.0
4323.0,4.0,-0.2,4323.0,0.0
4323.0,4.0,-0.2,4323.0,0.0
4323.0,4.0,-0.4,4323.0,0.0
4323.0,4.0,-0.4,4323.0,0.0
4323.0,4.0,-0.8,4323.0,0.0
4323.0,4.0,-0.8,4323.0,0.0
4323.0,4.0,-1.6,4323.0,0.0
4324.0,3.0,-1.0,4324.0,0.0
4313.0,1.0,0.6006541594380217,3071.0,0.0
4321.0,3.0,-1.0,4321.0,0.0
4321.0,3.0,-1.0,4321.0,0.0
4321.0,3.0,-1.0,4321.0,0.0
4322.0,3.0,-1.0,4322.0,0.0
4322.0,3.0,-1.0,4322.0,0.0
4322.0,3.0,-1.0,4322.0,0.0
4323.0,4.0,-3.2,4323.0,0.0
4323.0,4.0,-0.2,4323.0,0.0
4313.0,1.0,0.45577272413418407,3071.0,0.0
4322.0,3.0,-1.0,4322.0,0.0
4323.0,4.0,-0.4,4323.0,0.0
4349.0,3.0,-1.0,4349.0,0.0
4338.0,1.0,0.5587408436464397,3096.0,0.0
4346.0,5.0,-0.2,4346.0,0.0
4346.0,5.0,-0.4,4346.0,0.0
4346.0,5.0,-0.8,4346.0,0.0
4346.0,5.0,-1.6,4346.0,0.0
4346.0,5.0,-3.2,4346.0,0.0
4347.0,5.0,-6.4,4347.0,0.0
4347.0,5.0,-12.8,4347.0,0.0
4347.0,5.0,-25.6,4347.0,0.0
4348.0,5.0,-51.2,4348.0,0.0
4348.0,5.0,-102.4,4348.0,0.0
4349.0,3.0,-1.0,4349.0,0.0
4349.0,3.0,-1.0,4349.0,0.0
4349.0,3.0,-1.0,4349.0,0.0
4349.0,3.0,-1.0,4349.0,0.0
4349.0,3.0,-1.0,4349.0,0.0
4349.0,3.0,-1.0,4349.0,0.0
4349.0,3.0,-1.0,4349.0,0.0
4338.0,1.0,0.14625926963889724,3096.0,0.0
4346.0,5.0,-0.2,4346.0,0.0
4346.0,5.0,-0.4,4346.0,0.0
4347.0,5.0,-0.8,4347.0,0.0
4349.0,3.0,-1.0,4349.0,0.0
4349.0,3.0,-1.0,4349.0,0.0
4349.0,3.0,-1.0,4349.0,0.0
4349.0,3.0,-1.0,4349.0,0.0
4338.0,1.0,0.15007940131958086,3096.0,0.0
4346.0,5.0,-0.2,4346.0,0.0
4346.0,5.0,-0.4,4346.0,0.0
4346.0,5.0,-0.8,4346.0,0.0
4346.0,5.0,-1.6,4346.0,0.0
4346.0,5.0,-3.2,4346.0,0.0
4346.0,5.0,-6.4,4346.0,0.0
4346.0,5.0,-12.8,4346.0,0.0
4347.0,5.0,-25.6,4347.0,0.0
4347.0,5.0,-51.2,4347.0,0.0
4347.0,5.0,-102.4,4347.0,0.0
4347.0,5.0,-204.8,4347.0,0.0
4373.0,3.0,-1.0,4373.0,0.0
4373.0,3.0,-1.0,4373.0,0.0
4373.0,3.0,-1.0,4373.0,0.0
4373.0,3.0,-1.0,4373.0,0.0
4373.0,3.0,-1.0,4373.0,0.0
4373.0,3.0,-1.0,4373.0,0.0
4374.0,2.0,-1.0,4374.0,0.0
4374.0,2.0,-1.0,4374.0,0.0
4374.0,2.0,-1.0,4374.0,0.0
4363.0,1.0,-0.11776183362280401,3121.0,0.0
4371.0,4.0,-409.6,4371.0,0.0
4371.0,4.0,-0.2,4371.0,0.0
4371.0,4.0,-819.2,4371.0,0.0
4371.0,4.0,-0.4,4371.0,0.0
4371.0,4.0,-1638.4,4371.0,0.0
4372.0,5.0,-3276.8,4372.0,0.0
4372.0,5.0,-6553.6,4372.0,0.0
4372.0,5.0,-13107.2,4372.0,0.0
4372.0,5.0,-26214.4,4372.0,0.0
4372.0,5.0,-52428.8,4372.0,0.0
4373.0,3.0,-1.0,4373.0,0.0
4373.0,3.0,-1.0,4373.0,0.0
4373.0,3.0,-1.0,4373.0,0.0
4373.0,3.0,-1.0,4373.0,0.0
4373.0,3.0,-1.0,4373.0,0.0
4373.0,3.0,-1.0,4373.0,0.0
4373.0,3.0,-1.0,4373.0,0.0
4374.0,2.0,-1.0,4374.0,0.0
4374.0,2.0,-1.0,4374.0,0.0
4363.0,1.0,-0.02276950998088778,3121.0,0.0
3746.0,3.0,-1.0,3746.0,0.0
3746.0,3.0,-1.0,3746.0,0.0
3746.0,3.0,-1.0,3746.0,0.0
3746.0,3.0,-1.0,3746.0,0.0
3746.0,3.0,-1.0,3746.0,0.0
3746.0,3.0,-1.0,3746.0,0.0
3747.0,3.0,-1.0,3747.0,0.0
3747.0,3.0,-1.0,3747.0,0.0
3747.0,3.0,-1.0,3747.0,0.0
3748.0,5.0,-0.2,3748.0,0.0
3748.0,5.0,-0.4,3748.0,0.0
3748.0,5.0,-0.8,3748.0,0.0
3749.0,3.0,-1.0,3749.0,0.0
3749.0,3.0,-1.0,3749.0,0.0
3738.0,1.0,-0.23958927297851745,1246.0,0.0
1871.0,4.0,-1.6,1871.0,0.0
1871.0,4.0,-0.2,1871.0,0.0
1871.0,4.0,-3.2,1871.0,0.0
1871.0,4.0,-0.4,1871.0,0.0
1596.0,5.0,-0.8,1596.0,0.0
1596.0,5.0,-1.6,1596.0,0.0
1597.0,0.0,-0.47223175319496646,1072.0,0.0
1698.0,3.0,-1.0,1698.0,0.0
1698.0,3.0,-1.0,1698.0,0.0
1699.0,3.0,-1.0,1699.0,0.0
1699.0,3.0,-1.0,1699.0,0.0
1699.0,3.0,-1.0,1699.0,0.0
1688.0,1.0,4.745893916555234,1067.0,0.0
2317.0,4.0,-0.2,3567.0,0.0
3567.0,3.0,-1.0,3567.0,0.0
3567.0,3.0,-1.0,3567.0,0.0
3567.0,3.0,-1.0,3567.0,0.0
3567.0,3.0,-1.0,3567.0,0.0
3567.0,3.0,-1.0,3567.0,0.0
3568.0,3.0,-1.0,3568.0,0.0
3568.0,3.0,-1.0,3568.0,0.0
3568.0,3.0,-1.0,3568.0,0.0
3568.0,3.0,-1.0,3568.0,0.0
3568.0,3.0,-1.0,3568.0,0.0
3568.0,3.0,-1.0,3568.0,0.0
3568.0,3.0,-1.0,3568.0,0.0
3568.0,3.0,-1.0,3568.0,0.0
3568.0,3.0,-1.0,3568.0,0.0
3568.0,3.0,-1.0,3568.0,0.0
3568.0,3.0,-1.0,3568.0,0.0
3169.0,3.0,-1.0,3169.0,0.0
3144.0,2.0,-1.0,2544.0,0.0
3144.0,2.0,-1.0,2544.0,0.0
3769.0,3.0,-1.0,3769.0,0.0
3769.0,3.0,-1.0,3769.0,0.0
3769.0,3.0,-1.0,3769.0,0.0
3769.0,3.0,-1.0,3769.0,0.0
3769.0,3.0,-1.0,3769.0,0.0
3770.0,3.0,-1.0,3770.0,0.0
3770.0,3.0,-1.0,3770.0,0.0
3770.0,3.0,-1.0,3770.0,0.0
3770.0,3.0,-1.0,3770.0,0.0
3751.0,0.0,-1.093721515010444,2826.0,0.0
3450.0,2.0,-0.38963429632029944,2925.0,0.0
3550.0,2.0,-1.0,3550.0,0.0
3550.0,2.0,-1.0,3550.0,0.0
3550.0,2.0,-1.0,3550.0,0.0
3550.0,2.0,-1.0,3550.0,0.0
3550.0,2.0,-1.0,3550.0,0.0
3550.0,2.0,-1.0,3550.0,0.0
3550.0,2.0,-1.0,3550.0,0.0
3550.0,2.0,-1.0,3550.0,0.0
3550.0,2.0,-1.0,3550.0,0.0
3550.0,2.0,-1.0,3550.0,0.0
3550.0,2.0,-1.0,3550.0,0.0
3550.0,2.0,-1.0,3550.0,0.0
3550.0,2.0,-1.0,3550.0,0.0
3550.0,2.0,-1.0,3550.0,0.0
3550.0,2.0,-1.0,3550.0,0.0
3550.0,2.0,-1.0,3550.0,0.0
3550.0,2.0,-1.0,3550.0,0.0
3550.0,2.0,-1.0,3550.0,0.0
3550.0,2.0,-1.0,3550.0,0.0
3550.0,2.0,-1.0,3550.0,0.0
3550.0,2.0,-1.0,3550.0,0.0
3550.0,2.0,-1.0,3550.0,0.0
3550.0,2.0,-1.0,3550.0,0.0
3550.0,2.0,-1.0,3550.0,0.0
3550.0,2.0,-1.0,3550.0,0.0
3550.0,2.0,-1.0,3550.0,0.0
3550.0,2.0,-1.0,3550.0,0.0
3550.0,2.0,-1.0,3550.0,0.0
3550.0,2.0,-1.0,3550.0,0.0
3550.0,2.0,-1.0,3550.0,0.0
3550.0,2.0,-1.0,3550.0,0.0
3150.0,5.0,-0.2,3150.0,0.0
3125.0,2.0,-1.0,2525.0,0.0
3750.0,0.0,-1.0092409614890736,2825.0,0.0
3450.0,2.0,-0.38857587717231157,2925.0,0.0
4175.0,2.0,-1.0,4175.0,0.0
4175.0,2.0,-1.0,4175.0,0.0
3775.0,4.0,-0.2,3775.0,0.0
3750.0,0.0,-1.0329451786951953,2825.0,0.0
3450.0,2.0,-0.35975495147085834,2925.0,0.0
3550.0,2.0,-1.0,3550.0,0.0
3550.0,2.0,-1.0,3550.0,0.0
3550.0,2.0,-1.0,3550.0,0.0
3550.0,2.0,-1.0,3550.0,0.0
3550.0,2.0,-1.0,3550.0,0.0
3550.0,2.0,-1.0,3550.0,0.0
3550.0,2.0,-1.0,3550.0,0.0
3550.0,2.0,-1.0,3550.0,0.0
3550.0,2.0,-1.0,3550.0,0.0
3550.0,2.0,-1.0,3550.0,0.0
3550.0,2.0,-1.0,3550.0,0.0
3550.0,2.0,-1.0,3550.0,0.0
3150.0,5.0,-0.2,3150.0,0.0
3125.0,2.0,-1.0,2525.0,0.0
3125.0,2.0,-1.0,2525.0,0.0
3125.0,2.0,-1.0,2525.0,0.0
3750.0,0.0,-1.0,2825.0,0.0
3125.0,2.0,-1.0,2525.0,0.0
3125.0,2.0,-1.0,2525.0,0.0
3750.0,0.0,-1.0188498625314877,2825.0,0.0
3450.0,2.0,-0.3773275140066499,2925.0,0.0
3550.0,2.0,-1.0,3550.0,0.0
3550.0,2.0,-1.0,3550.0,0.0
3550.0,2.0,-1.0,3550.0,0.0
3550.0,2.0,-1.0,3550.0,0.0
3150.0,5.0,-0.2,3150.0,0.0
3125.0,2.0,-1.0,2525.0,0.0
3750.0,0.0,-1.0155145206615952,2825.0,0.0
3450.0,2.0,-0.3800868870836427,2925.0,0.0
4175.0,2.0,-1.0,4175.0,0.0
4175.0,2.0,-1.0,4175.0,0.0
4175.0,2.0,-1.0,4175.0,0.0
4175.0,2.0,-1.0,4175.0,0.0
4175.0,2.0,-1.0,4175.0,0.0
4175.0,2.0,-1.0,4175.0,0.0
4175.0,2.0,-1.0,4175.0,0.0
4175.0,2.0,-1.0,4175.0,0.0
3775.0,4.0,-0.2,3775.0,0.0
3750.0,0.0,-1.0455673651946527,2825.0,0.0
3450.0,2.0,-0.35127497184883905,2925.0,0.0
3550.0,2.0,-1.0,3550.0,0.0
3550.0,2.0,-1.0,3550.0,0.0
3550.0,2.0,-1.0,3550.0,0.0
3550.0,2.0,-1.0,3550.0,0.0
3550.0,2.0,-1.0,3550.0,0.0
3550.0,2.0,-1.0,3550.0,0.0
3550.0,2.0,-1.0,3550.0,0.0
3550.0,2.0,-1.0,3550.0,0.0
3550.0,2.0,-1.0,3550.0,0.0
3550.0,2.0,-1.0,3550.0,0.0
3550.0,2.0,-1.0,3550.0,0.0
3550.0,2.0,-1.0,3550.0,0.0
3550.0,2.0,-1.0,3550.0,0.0
3550.0,2.0,-1.0,3550.0,0.0
3550.0,2.0,-1.0,3550.0,0.0
3550.0,2.0,-1.0,3550.0,0.0
3550.0,2.0,-1.0,3550.0,0.0
3550.0,2.0,-1.0,3550.0,0.0
3550.0,2.0,-1.0,3550.0,0.0
3550.0,2.0,-1.0,3550.0,0.0
3550.0,2.0,-1.0,3550.0,0.0
3550.0,2.0,-1.0,3550.0,0.0
3550.0,2.0,-1.0,3550.0,0.0
3550.0,2.0,-1.0,3550.0,0.0
3150.0,5.0,-0.2,3150.0,0.0
3125.0,2.0,-1.0,2525.0,0.0
3125.0,2.0,-1.0,2525.0,0.0
3125.0,2.0,-1.0,2525.0,0.0
3125.0,2.0,-1.0,2525.0,0.0
3125.0,2.0,-1.0,2525.0,0.0
3125.0,2.0,-1.0,2525.0,0.0
3125.0,2.0,-1.0,2525.0,0.0
3125.0,2.0,-1.0,2525.0,0.0
3750.0,0.0,-1.0,2825.0,0.0
3750.0,0.0,-1.0838769885489032,2825.0,0.0
3450.0,2.0,-0.352920685039002,2925.0,0.0
4175.0,2.0,-1.0,4175.0,0.0
4175.0,2.0,-1.0,4175.0,0.0
4175.0,2.0,-1.0,4175.0,0.0
4175.0,2.0,-1.0,4175.0,0.0
4175.0,2.0,-1.0,4175.0,0.0
4175.0,2.0,-1.0,4175.0,0.0
4175.0,2.0,-1.0,4175.0,0.0
4175.0,2.0,-1.0,4175.0,0.0
4175.0,2.0,-1.0,4175.0,0.0
4175.0,2.0,-1.0,4175.0,0.0
4175.0,2.0,-1.0,4175.0,0.0
4175.0,2.0,-1.0,4175.0,0.0
4175.0,2.0,-1.0,4175.0,0.0
4175.0,2.0,-1.0,4175.0,0.0
4175.0,2.0,-1.0,4175.0,0.0
4175.0,2.0,-1.0,4175.0,0.0
4175.0,2.0,-1.0,4175.0,0.0
4175.0,2.0,-1.0,4175.0,0.0
4175.0,2.0,-1.0,4175.0,0.0
4175.0,2.0,-1.0,4175.0,0.0
4175.0,2.0,-1.0,4175.0,0.0
4175.0,2.0,-1.0,4175.0,0.0
4175.0,2.0,-1.0,4175.0,0.0
4175.0,2.0,-1.0,4175.0,0.0
4175.0,2.0,-1.0,4175.0,0.0
4175.0,2.0,-1.0,4175.0,0.0
4175.0,2.0,-1.0,4175.0,0.0
4175.0,2.0,-1.0,4175.0,0.0
4175.0,2.0,-1.0,4175.0,0.0
4175.0,2.0,-1.0,4175.0,0.0
4175.0,2.0,-1.0,4175.0,0.0
4175.0,2.0,-1.0,4175.0,0.0
4175.0,2.0,-1.0,4175.0,0.0
4175.0,2.0,-1.0,4175.0,0.0
4175.0,2.0,-1.0,4175.0,0.0
4175.0,2.0,-1.0,4175.0,0.0
4175.0,2.0,-1.0,4175.0,0.0
4175.0,2.0,-1.0,4175.0,0.0
4175.0,2.0,-1.0,4175.0,0.0
3775.0,4.0,-0.2,3775.0,0.0
3750.0,0.0,-1.0063539574564229,2825.0,0.0
3450.0,2.0,-0.3569315510141092,2925.0,0.0
3550.0,2.0,-1.0,3550.0,0.0
3550.0,2.0,-1.0,3550.0,0.0
3550.0,2.0,-1.0,3550.0,0.0
3150.0,5.0,-0.2,3150.0,0.0
3125.0,2.0,-1.0,2525.0,0.0
3125.0,2.0,-1.0,2525.0,0.0
3125.0,2.0,-1.0,2525.0,0.0
3750.0,0.0,-1.0,2825.0,0.0
3125.0,2.0,-1.0,2525.0,0.0
3125.0,2.0,-1.0,2525.0,0.0
3750.0,0.0,-1.0456709109283444,2825.0,0.0
4075.0,2.0,-1.0256348983406907,3025.0,0.0
4275.0,2.0,-1.0,4275.0,0.0
4275.0,2.0,-1.0,4275.0,0.0
4275.0,2.0,-1.0,4275.0,0.0
4275.0,2.0,-1.0,4275.0,0.0
4275.0,2.0,-1.0,4275.0,0.0
4275.0,2.0,-1.0,4275.0,0.0
4275.0,2.0,-1.0,4275.0,0.0
4275.0,2.0,-1.0,4275.0,0.0
4275.0,2.0,-1.0,4275.0,0.0
4275.0,2.0,-1.0,4275.0,0.0
4275.0,2.0,-1.0,4275.0,0.0
4275.0,2.0,-1.0,4275.0,0.0
4275.0,2.0,-1.0,4275.0,0.0
4275.0,2.0,-1.0,4275.0,0.0
4275.0,2.0,-1.0,4275.0,0.0
4275.0,2.0,-1.0,4275.0,0.0
4275.0,2.0,-1.0,4275.0,0.0
4275.0,2.0,-1.0,4275.0,0.0
4275.0,2.0,-1.0,4275.0,0.0
4275.0,2.0,-1.0,4275.0,0.0
4275.0,2.0,-1.0,4275.0,0.0
4275.0,2.0,-1.0,4275.0,0.0
4275.0,2.0,-1.0,4275.0,0.0
4275.0,2.0,-1.0,4275.0,0.0
4275.0,2.0,-1.0,4275.0,0.0
4275.0,2.0,-1.0,4275.0,0.0
4275.0,2.0,-1.0,4275.0,0.0
4275.0,2.0,-1.0,4275.0,0.0
4075.0,2.0,-1.0031757738857492,3025.0,0.0
3650.0,2.0,-1.0,3650.0,0.0
3650.0,2.0,-1.0,3650.0,0.0
3650.0,2.0,-1.0,3650.0,0.0
3650.0,2.0,-1.0,3650.0,0.0
3650.0,2.0,-1.0,3650.0,0.0
3650.0,2.0,-1.0,3650.0,0.0
3650.0,2.0,-1.0,3650.0,0.0
3650.0,2.0,-1.0,3650.0,0.0
3650.0,2.0,-1.0,3650.0,0.0
3650.0,2.0,-1.0,3650.0,0.0
3650.0,2.0,-1.0,3650.0,0.0
3650.0,2.0,-1.0,3650.0,0.0
3650.0,2.0,-1.0,3650.0,0.0
3650.0,2.0,-1.0,3650.0,0.0
3650.0,2.0,-1.0,3650.0,0.0
3650.0,2.0,-1.0,3650.0,0.0
3650.0,2.0,-1.0,3650.0,0.0
3450.0,2.0,-0.3380888136141911,2925.0,0.0
3150.0,5.0,-0.2,3150.0,0.0
3125.0,2.0,-1.0,2525.0,0.0
3750.0,0.0,-1.0,2825.0,0.0
3125.0,2.0,-1.0,2525.0,0.0
3125.0,2.0,-1.0,2525.0,0.0
3125.0,2.0,-1.0,2525.0,0.0
3125.0,2.0,-1.0,2525.0,0.0
3125.0,2.0,-1.0,2525.0,0.0
3125.0,2.0,-1.0,2525.0,0.0
3125.0,2.0,-1.0,2525.0,0.0
3125.0,2.0,-1.0,2525.0,0.0
3750.0,0.0,-1.0130318934634088,2825.0,0.0
4075.0,2.0,-1.0476087748818035,3025.0,0.0
3650.0,2.0,-1.0,3650.0,0.0
3650.0,2.0,-1.0,3650.0,0.0
3650.0,2.0,-1.0,3650.0,0.0
3650.0,2.0,-1.0,3650.0,0.0
3650.0,2.0,-1.0,3650.0,0.0
3650.0,2.0,-1.0,3650.0,0.0
3650.0,2.0,-1.0,3650.0,0.0
3650.0,2.0,-1.0,3650.0,0.0
3650.0,2.0,-1.0,3650.0,0.0
3650.0,2.0,-1.0,3650.0,0.0
3650.0,2.0,-1.0,3650.0,0.0
3650.0,2.0,-1.0,3650.0,0.0
3650.0,2.0,-1.0,3650.0,0.0
3650.0,2.0,-1.0,3650.0,0.0
3450.0,2.0,-0.3337124368036043,2925.0,0.0
4175.0,2.0,-1.0,4175.0,0.0
4175.0,2.0,-1.0,4175.0,0.0
4175.0,2.0,-1.0,4175.0,0.0
4175.0,2.0,-1.0,4175.0,0.0
4175.0,2.0,-1.0,4175.0,0.0
4175.0,2.0,-1.0,4175.0,0.0
4175.0,2.0,-1.0,4175.0,0.0
4175.0,2.0,-1.0,4175.0,0.0
4175.0,2.0,-1.0,4175.0,0.0
4175.0,2.0,-1.0,4175.0,0.0
4175.0,2.0,-1.0,4175.0,0.0
4175.0,2.0,-1.0,4175.0,0.0
4175.0,2.0,-1.0,4175.0,0.0
4175.0,2.0,-1.0,4175.0,0.0
4175.0,2.0,-1.0,4175.0,0.0
4175.0,2.0,-1.0,4175.0,0.0
4175.0,2.0,-1.0,4175.0,0.0
4175.0,2.0,-1.0,4175.0,0.0
3775.0,4.0,-0.2,3775.0,0.0
3750.0,0.0,-1.0024381551587263,2825.0,0.0
4075.0,2.0,-1.0019911600462936,3025.0,0.0
3450.0,2.0,-0.3313926867854564,2925.0,0.0
3550.0,2.0,-1.0,3550.0,0.0
3150.0,5.0,-0.2,3150.0,0.0
3125.0,2.0,-1.0,2525.0,0.0
3125.0,2.0,-1.0,2525.0,0.0
3125.0,2.0,-1.0,2525.0,0.0
3125.0,2.0,-1.0,2525.0,0.0
3125.0,2.0,-1.0,2525.0,0.0
3125.0,2.0,-1.0,2525.0,0.0
3750.0,0.0,-1.0,2825.0,0.0
3750.0,0.0,-1.0375264436673477,2825.0,0.0
3450.0,2.0,-0.3411120844279143,2925.0,0.0
3550.0,2.0,-1.0,3550.0,0.0
3550.0,2.0,-1.0,3550.0,0.0
3550.0,2.0,-1.0,3550.0,0.0
3550.0,2.0,-1.0,3550.0,0.0
3550.0,2.0,-1.0,3550.0,0.0
3550.0,2.0,-1.0,3550.0,0.0
3550.0,2.0,-1.0,3550.0,0.0
3550.0,2.0,-1.0,3550.0,0.0
3550.0,2.0,-1.0,3550.0,0.0
3550.0,2.0,-1.0,3550.0,0.0
3550.0,2.0,-1.0,3550.0,0.0
3550.0,2.0,-1.0,3550.0,0.0
3550.0,2.0,-1.0,3550.0,0.0
3550.0,2.0,-1.0,3550.0,0.0
3550.0,2.0,-1.0,3550.0,0.0
3550.0,2.0,-1.0,3550.0,0.0
3550.0,2.0,-1.0,3550.0,0.0
3550.0,2.0,-1.0,3550.0,0.0
3550.0,2.0,-1.0,3550.0,0.0
3550.0,2.0,-1.0,3550.0,0.0
3550.0,2.0,-1.0,3550.0,0.0
3550.0,2.0,-1.0,3550.0,0.0
3550.0,2.0,-1.0,3550.0,0.0
3150.0,5.0,-0.2,3150.0,0.0
3125.0,2.0,-1.0,2525.0,0.0
3125.0,2.0,-1.0,2525.0,0.0
3125.0,2.0,-1.0,2525.0,0.0
3125.0,2.0,-1.0,2525.0,0.0
3125.0,2.0,-1.0,2525.0,0.0
3750.0,0.0,-1.0100049438992713,2825.0,0.0
4075.0,2.0,-1.0672985614122419,3025.0,0.0
3650.0,2.0,-1.0,3650.0,0.0
3650.0,2.0,-1.0,3650.0,0.0
3650.0,2.0,-1.0,3650.0,0.0
3650.0,2.0,-1.0,3650.0,0.0
3650.0,2.0,-1.0,3650.0,0.0
3450.0,2.0,-0.32545586845699126,2925.0,0.0
3550.0,2.0,-1.0,3550.0,0.0
3550.0,2.0,-1.0,3550.0,0.0
3550.0,2.0,-1.0,3550.0,0.0
3550.0,2.0,-1.0,3550.0,0.0
3550.0,2.0,-1.0,3550.0,0.0
3550.0,2.0,-1.0,3550.0,0.0
3550.0,2.0,-1.0,3550.0,0.0
3550.0,2.0,-1.0,3550.0,0.0
3550.0,2.0,-1.0,3550.0,0.0
3550.0,2.0,-1.0,3550.0,0.0
3550.0,2.0,-1.0,3550.0,0.0
3550.0,2.0,-1.0,3550.0,0.0
3550.0,2.0,-1.0,3550.0,0.0
3550.0,2.0,-1.0,3550.0,0.0
3550.0,2.0,-1.0,3550.0,0.0
3550.0,2.0,-1.0,3550.0,0.0
3550.0,2.0,-1.0,3550.0,0.0
3550.0,2.0,-1.0,3550.0,0.0
3550.0,2.0,-1.0,3550.0,0.0
3550.0,2.0,-1.0,3550.0,0.0
3550.0,2.0,-1.0,3550.0,0.0
3550.0,2.0,-1.0,3550.0,0.0
3550.0,2.0,-1.0,3550.0,0.0
3550.0,2.0,-1.0,3550.0,0.0
3550.0,2.0,-1.0,3550.0,0.0
3550.0,2.0,-1.0,3550.0,0.0
3550.0,2.0,-1.0,3550.0,0.0
3550.0,2.0,-1.0,3550.0,0.0
3550.0,2.0,-1.0,3550.0,0.0
3550.0,2.0,-1.0,3550.0,0.0
3550.0,2.0,-1.0,3550.0,0.0
3550.0,2.0,-1.0,3550.0,0.0
3550.0,2.0,-1.0,3550.0,0.0
3550.0,2.0,-1.0,3550.0,0.0
3550.0,2.0,-1.0,3550.0,0.0
3550.0,2.0,-1.0,3550.0,0.0
3550.0,2.0,-1.0,3550.0,0.0
3550.0,2.0,-1.0,3550.0,0.0
3550.0,2.0,-1.0,3550.0,0.0
3550.0,2.0,-1.0,3550.0,0.0
3550.0,2.0,-1.0,3550.0,0.0
3550.0,2.0,-1.0,3550.0,0.0
3150.0,5.0,-0.2,3150.0,0.0
3125.0,2.0,-1.0,2525.0,0.0
3125.0,2.0,-1.0,2525.0,0.0
3125.0,2.0,-1.0,2525.0,0.0
3750.0,0.0,-1.0,2825.0,0.0
3750.0,0.0,-1.0189146201556927,2825.0,0.0
3450.0,2.0,-0.3259966726219776,2925.0,0.0
3550.0,2.0,-1.0,3550.0,0.0
3550.0,2.0,-1.0,3550.0,0.0
3550.0,2.0,-1.0,3550.0,0.0
3550.0,2.0,-1.0,3550.0,0.0
3550.0,2.0,-1.0,3550.0,0.0
3550.0,2.0,-1.0,3550.0,0.0
3550.0,2.0,-1.0,3550.0,0.0
3550.0,2.0,-1.0,3550.0,0.0
3550.0,2.0,-1.0,3550.0,0.0
3550.0,2.0,-1.0,3550.0,0.0
3550.0,2.0,-1.0,3550.0,0.0
3550.0,2.0,-1.0,3550.0,0.0
3150.0,5.0,-0.2,3150.0,0.0
3125.0,2.0,-1.0,2525.0,0.0
3125.0,2.0,-1.0,2525.0,0.0
3750.0,0.0,-1.004666814459035,2825.0,0.0
3450.0,2.0,-0.3294241914039824,2925.0,0.0
3550.0,2.0,-1.0,3550.0,0.0
3150.0,5.0,-0.2,3150.0,0.0
3125.0,2.0,-1.0,2525.0,0.0
3750.0,0.0,-1.0076858310975598,2825.0,0.0
3450.0,2.0,-0.3253410519900064,2925.0,0.0
3550.0,2.0,-1.0,3550.0,0.0
3550.0,2.0,-1.0,3550.0,0.0
3550.0,2.0,-1.0,3550.0,0.0
3150.0,5.0,-0.2,3150.0,0.0
3125.0,2.0,-1.0,2525.0,0.0
3125.0,2.0,-1.0,2525.0,0.0
3125.0,2.0,-1.0,2525.0,0.0
3125.0,2.0,-1.0,2525.0,0.0
3125.0,2.0,-1.0,2525.0,0.0
3750.0,0.0,-1.0044667322391065,2825.0,0.0
3450.0,2.0,-0.3737889552564023,2925.0,0.0
3150.0,5.0,-0.2,3150.0,0.0
3125.0,2.0,-1.0,2525.0,0.0
3125.0,2.0,-1.0,2525.0,0.0
3750.0,0.0,-1.0467595297554104,2825.0,0.0
4075.0,2.0,-1.0159313442087021,3025.0,0.0
3650.0,2.0,-1.0,3650.0,0.0
3650.0,2.0,-1.0,3650.0,0.0
3650.0,2.0,-1.0,3650.0,0.0
3650.0,2.0,-1.0,3650.0,0.0
3650.0,2.0,-1.0,3650.0,0.0
3650.0,2.0,-1.0,3650.0,0.0
3650.0,2.0,-1.0,3650.0,0.0
3650.0,2.0,-1.0,3650.0,0.0
3650.0,2.0,-1.0,3650.0,0.0
3650.0,2.0,-1.0,3650.0,0.0
3650.0,2.0,-1.0,3650.0,0.0
3650.0,2.0,-1.0,3650.0,0.0
3650.0,2.0,-1.0,3650.0,0.0
3650.0,2.0,-1.0,3650.0,0.0
3650.0,2.0,-1.0,3650.0,0.0
3450.0,2.0,-0.313933589471845,2925.0,0.0
3550.0,2.0,-1.0,3550.0,0.0
3550.0,2.0,-1.0,3550.0,0.0
3550.0,2.0,-1.0,3550.0,0.0
3550.0,2.0,-1.0,3550.0,0.0
3550.0,2.0,-1.0,3550.0,0.0
3550.0,2.0,-1.0,3550.0,0.0
3550.0,2.0,-1.0,3550.0,0.0
3550.0,2.0,-1.0,3550.0,0.0
3550.0,2.0,-1.0,3550.0,0.0
3150.0,5.0,-0.2,3150.0,0.0
3125.0,2.0,-1.0,2525.0,0.0
3125.0,2.0,-1.0,2525.0,0.0
3125.0,2.0,-1.0,2525.0,0.0
3125.0,2.0,-1.0,2525.0,0.0
3125.0,2.0,-1.0,2525.0,0.0
3125.0,2.0,-1.0,2525.0,0.0
3750.0,0.0,-1.0,2825.0,0.0
3125.0,2.0,-1.0,2525.0,0.0
3750.0,0.0,-1.0210083560310412,2825.0,0.0
4075.0,2.0,-1.0045851570702673,3025.0,0.0
3650.0,2.0,-1.0,3650.0,0.0
3650.0,2.0,-1.0,3650.0,0.0
3650.0,2.0,-1.0,3650.0,0.0
3650.0,2.0,-1.0,3650.0,0.0
3650.0,2.0,-1.0,3650.0,0.0
3650.0,2.0,-1.0,3650.0,0.0
3650.0,2.0,-1.0,3650.0,0.0
3650.0,2.0,-1.0,3650.0,0.0
3650.0,2.0,-1.0,3650.0,0.0
3650.0,2.0,-1.0,3650.0,0.0
3650.0,2.0,-1.0,3650.0,0.0
3650.0,2.0,-1.0,3650.0,0.0
3650.0,2.0,-1.0,3650.0,0.0
3650.0,2.0,-1.0,3650.0,0.0
3450.0,2.0,-0.312575167653232,2925.0,0.0
3550.0,2.0,-1.0,3550.0,0.0
3550.0,2.0,-1.0,3550.0,0.0
3150.0,5.0,-0.2,3150.0,0.0
3125.0,2.0,-1.0,2525.0,0.0
3750.0,0.0,-1.0,2825.0,0.0
3125.0,2.0,-1.0,2525.0,0.0
3750.0,0.0,-1.0135872907757433,2825.0,0.0
3450.0,2.0,-0.31808523125183696,2925.0,0.0
4175.0,2.0,-1.0,4175.0,0.0
4175.0,2.0,-1.0,4175.0,0.0
3775.0,4.0,-0.2,3775.0,0.0
3750.0,0.0,-1.012226858334349,2825.0,0.0
3450.0,2.0,-0.3102293241721563,2925.0,0.0
3550.0,2.0,-1.0,3550.0,0.0
3550.0,2.0,-1.0,3550.0,0.0
3550.0,2.0,-1.0,3550.0,0.0
3550.0,2.0,-1.0,3550.0,0.0
3150.0,5.0,-0.2,3150.0,0.0
3125.0,2.0,-1.0,2525.0,0.0
3125.0,2.0,-1.0,2525.0,0.0
3750.0,0.0,-1.0,2825.0,0.0
3750.0,0.0,-1.016479280842085,2825.0,0.0
4075.0,2.0,-1.0028094448254954,3025.0,0.0
3650.0,2.0,-1.0,3650.0,0.0
3650.0,2.0,-1.0,3650.0,0.0
3650.0,2.0,-1.0,3650.0,0.0
3650.0,2.0,-1.0,3650.0,0.0
3650.0,2.0,-1.0,3650.0,0.0
3650.0,2.0,-1.0,3650.0,0.0
3650.0,2.0,-1.0,3650.0,0.0
3650.0,2.0,-1.0,3650.0,0.0
3650.0,2.0,-1.0,3650.0,0.0
3450.0,2.0,-0.3082487910536449,2925.0,0.0
3550.0,2.0,-1.0,3550.0,0.0
3150.0,5.0,-0.2,3150.0,0.0
3125.0,2.0,-1.0,2525.0,0.0
3125.0,2.0,-1.0,2525.0,0.0
3125.0,2.0,-1.0,2525.0,0.0
3125.0,2.0,-1.0,2525.0,0.0
3125.0,2.0,-1.0,2525.0,0.0
3125.0,2.0,-1.0,2525.0,0.0
3125.0,2.0,-1.0,2525.0,0.0
3750.0,0.0,-1.0,2825.0,0.0
3125.0,2.0,-1.0,2525.0,0.0
3125.0,2.0,-1.0,2525.0,0.0
3125.0,2.0,-1.0,2525.0,0.0
3750.0,0.0,-1.0233241764306897,2825.0,0.0
3450.0,2.0,-0.325153828605377,2925.0,0.0
3550.0,2.0,-1.0,3550.0,0.0
3550.0,2.0,-1.0,3550.0,0.0
3550.0,2.0,-1.0,3550.0,0.0
3550.0,2.0,-1.0,3550.0,0.0
3150.0,5.0,-0.2,3150.0,0.0
3125.0,2.0,-1.0,2525.0,0.0
3750.0,0.0,-1.0177825766397195,2825.0,0.0
3450.0,2.0,-0.30942922755515245,2925.0,0.0
3550.0,2.0,-1.0,3550.0,0.0
3550.0,2.0,-1.0,3550.0,0.0
3550.0,2.0,-1.0,3550.0,0.0
3150.0,5.0,-0.2,3150.0,0.0
3125.0,2.0,-1.0,2525.0,0.0
3125.0,2.0,-1.0,2525.0,0.0
3125.0,2.0,-1.0,2525.0,0.0
3125.0,2.0,-1.0,2525.0,0.0
3125.0,2.0,-1.0,2525.0,0.0
3125.0,2.0,-1.0,2525.0,0.0
3125.0,2.0,-1.0,2525.0,0.0
3125.0,2.0,-1.0,2525.0,0.0
3125.0,2.0,-1.0,2525.0,0.0
3750.0,0.0,-1.0030402169524228,2825.0,0.0
3450.0,2.0,-0.3434820392184922,2925.0,0.0
3550.0,2.0,-1.0,3550.0,0.0
3550.0,2.0,-1.0,3550.0,0.0
3550.0,2.0,-1.0,3550.0,0.0
3150.0,5.0,-0.2,3150.0,0.0
3125.0,2.0,-1.0,2525.0,0.0
3125.0,2.0,-1.0,2525.0,0.0
3125.0,2.0,-1.0,2525.0,0.0
3125.0,2.0,-1.0,2525.0,0.0
3125.0,2.0,-1.0,2525.0,0.0
3125.0,2.0,-1.0,2525.0,0.0
3125.0,2.0,-1.0,2525.0,0.0
3125.0,2.0,-1.0,2525.0,0.0
3125.0,2.0,-1.0,2525.0,0.0
3125.0,2.0,-1.0,2525.0,0.0
3125.0,2.0,-1.0,2525.0,0.0
3750.0,0.0,-1.0394099275132493,2825.0,0.0
3450.0,2.0,-0.3602328380325037,2925.0,0.0
3550.0,2.0,-1.0,3550.0,0.0
3550.0,2.0,-1.0,3550.0,0.0
3550.0,2.0,-1.0,3550.0,0.0
3550.0,2.0,-1.0,3550.0,0.0
3550.0,2.0,-1.0,3550.0,0.0
3550.0,2.0,-1.0,3550.0,0.0
3550.0,2.0,-1.0,3550.0,0.0
3550.0,2.0,-1.0,3550.0,0.0
3550.0,2.0,-1.0,3550.0,0.0
3550.0,2.0,-1.0,3550.0,0.0
3550.0,2.0,-1.0,3550.0,0.0
3550.0,2.0,-1.0,3550.0,0.0
3550.0,2.0,-1.0,3550.0,0.0
3550.0,2.0,-1.0,3550.0,0.0
3550.0,2.0,-1.0,3550.0,0.0
3550.0,2.0,-1.0,3550.0,0.0
3550.0,2.0,-1.0,3550.0,0.0
3550.0,2.0,-1.0,3550.0,0.0
3550.0,2.0,-1.0,3550.0,0.0
3150.0,5.0,-0.2,3150.0,0.0
3125.0,2.0,-1.0,2525.0,0.0
3125.0,2.0,-1.0,2525.0,0.0
3125.0,2.0,-1.0,2525.0,0.0
3125.0,2.0,-1.0,2525.0,0.0
3125.0,2.0,-1.0,2525.0,0.0
3125.0,2.0,-1.0,2525.0,0.0
3125.0,2.0,-1.0,2525.0,0.0
3125.0,2.0,-1.0,2525.0,0.0
3125.0,2.0,-1.0,2525.0,0.0
3125.0,2.0,-1.0,2525.0,0.0
3125.0,2.0,-1.0,2525.0,0.0
3125.0,2.0,-1.0,2525.0,0.0
3125.0,2.0,-1.0,2525.0,0.0
3750.0,0.0,-1.057071227699134,2825.0,0.0
3450.0,2.0,-0.32795977375547514,2925.0,0.0
3550.0,2.0,-1.0,3550.0,0.0
3550.0,2.0,-1.0,3550.0,0.0
3550.0,2.0,-1.0,3550.0,0.0
3550.0,2.0,-1.0,3550.0,0.0
3550.0,2.0,-1.0,3550.0,0.0
3550.0,2.0,-1.0,3550.0,0.0
3550.0,2.0,-1.0,3550.0,0.0
3550.0,2.0,-1.0,3550.0,0.0
3550.0,2.0,-1.0,3550.0,0.0
3550.0,2.0,-1.0,3550.0,0.0
3550.0,2.0,-1.0,3550.0,0.0
3550.0,2.0,-1.0,3550.0,0.0
3550.0,2.0,-1.0,3550.0,0.0
3550.0,2.0,-1.0,3550.0,0.0
3550.0,2.0,-1.0,3550.0,0.0
3550.0,2.0,-1.0,3550.0,0.0
3550.0,2.0,-1.0,3550.0,0.0
3550.0,2.0,-1.0,3550.0,0.0
3550.0,2.0,-1.0,3550.0,0.0
3550.0,2.0,-1.0,3550.0,0.0
3550.0,2.0,-1.0,3550.0,0.0
3550.0,2.0,-1.0,3550.0,0.0
3550.0,2.0,-1.0,3550.0,0.0
3550.0,2.0,-1.0,3550.0,0.0
3550.0,2.0,-1.0,3550.0,0.0
3550.0,2.0,-1.0,3550.0,0.0
3150.0,5.0,-0.2,3150.0,0.0
3125.0,2.0,-1.0,2525.0,0.0
3125.0,2.0,-1.0,2525.0,0.0
3125.0,2.0,-1.0,2525.0,0.0
3125.0,2.0,-1.0,2525.0,0.0
3125.0,2.0,-1.0,2525.0,0.0
3125.0,2.0,-1.0,2525.0,0.0
3125.0,2.0,-1.0,2525.0,0.0
3750.0,0.0,-1.0268227774428862,2825.0,0.0
3450.0,2.0,-0.32635534103630415,2925.0,0.0
3550.0,2.0,-1.0,3550.0,0.0
3550.0,2.0,-1.0,3550.0,0.0
3550.0,2.0,-1.0,3550.0,0.0
3550.0,2.0,-1.0,3550.0,0.0
3550.0,2.0,-1.0,3550.0,0.0
3550.0,2.0,-1.0,3550.0,0.0
3550.0,2.0,-1.0,3550.0,0.0
3150.0,5.0,-0.2,3150.0,0.0
3125.0,2.0,-1.0,2525.0,0.0
3125.0,2.0,-1.0,2525.0,0.0
3125.0,2.0,-1.0,2525.0,0.0
3750.0,0.0,-1.0269909505060848,2825.0,0.0
3450.0,2.0,-0.30076301077808065,2925.0,0.0
3550.0,2.0,-1.0,3550.0,0.0
3550.0,2.0,-1.0,3550.0,0.0
3550.0,2.0,-1.0,3550.0,0.0
3550.0,2.0,-1.0,3550.0,0.0
3550.0,2.0,-1.0,3550.0,0.0
3550.0,2.0,-1.0,3550.0,0.0
3550.0,2.0,-1.0,3550.0,0.0
3550.0,2.0,-1.0,3550.0,0.0
3550.0,2.0,-1.0,3550.0,0.0
3550.0,2.0,-1.0,3550.0,0.0
3150.0,5.0,-0.2,3150.0,0.0
3125.0,2.0,-1.0,2525.0,0.0
3125.0,2.0,-1.0,2525.0,0.0
3125.0,2.0,-1.0,2525.0,0.0
3125.0,2.0,-1.0,2525.0,0.0
3125.0,2.0,-1.0,2525.0,0.0
3125.0,2.0,-1.0,2525.0,0.0
3750.0,0.0,-1.0073057765484073,2825.0,0.0
3450.0,2.0,-0.32490327177100276,2925.0,0.0
3550.0,2.0,-1.0,3550.0,0.0
3550.0,2.0,-1.0,3550.0,0.0
3150.0,5.0,-0.2,3150.0,0.0
3125.0,2.0,-1.0,2525.0,0.0
3750.0,0.0,-1.0249463696897474,2825.0,0.0
3450.0,2.0,-0.31806087684319617,2925.0,0.0
3550.0,2.0,-1.0,3550.0,0.0
3550.0,2.0,-1.0,3550.0,0.0
3550.0,2.0,-1.0,3550.0,0.0
3550.0,2.0,-1.0,3550.0,0.0
3550.0,2.0,-1.0,3550.0,0.0
3550.0,2.0,-1.0,3550.0,0.0
3550.0,2.0,-1.0,3550.0,0.0
3550.0,2.0,-1.0,3550.0,0.0
3550.0,2.0,-1.0,3550.0,0.0
3550.0,2.0,-1.0,3550.0,0.0
3550.0,2.0,-1.0,3550.0,0.0
3150.0,5.0,-0.2,3150.0,0.0
3125.0,2.0,-1.0,2525.0,0.0
3125.0,2.0,-1.0,2525.0,0.0
3125.0,2.0,-1.0,2525.0,0.0
3750.0,0.0,-1.0243704557784665,2825.0,0.0
3450.0,2.0,-0.30395390283696067,2925.0,0.0
3550.0,2.0,-1.0,3550.0,0.0
3550.0,2.0,-1.0,3550.0,0.0
3550.0,2.0,-1.0,3550.0,0.0
3550.0,2.0,-1.0,3550.0,0.0
3550.0,2.0,-1.0,3550.0,0.0
3550.0,2.0,-1.0,3550.0,0.0
3550.0,2.0,-1.0,3550.0,0.0
3550.0,2.0,-1.0,3550.0,0.0
3550.0,2.0,-1.0,3550.0,0.0
3550.0,2.0,-1.0,3550.0,0.0
3550.0,2.0,-1.0,3550.0,0.0
3550.0,2.0,-1.0,3550.0,0.0
3550.0,2.0,-1.0,3550.0,0.0
3550.0,2.0,-1.0,3550.0,0.0
3150.0,5.0,-0.2,3150.0,0.0
3125.0,2.0,-1.0,2525.0,0.0
3125.0,2.0,-1.0,2525.0,0.0
3750.0,0.0,-1.0149224411069806,2825.0,0.0
3450.0,2.0,-0.30509003239202925,2925.0,0.0
3550.0,2.0,-1.0,3550.0,0.0
3550.0,2.0,-1.0,3550.0,0.0
3550.0,2.0,-1.0,3550.0,0.0
3550.0,2.0,-1.0,3550.0,0.0
3550.0,2.0,-1.0,3550.0,0.0
3550.0,2.0,-1.0,3550.0,0.0
3550.0,2.0,-1.0,3550.0,0.0
3150.0,5.0,-0.2,3150.0,0.0
3125.0,2.0,-1.0,2525.0,0.0
3125.0,2.0,-1.0,2525.0,0.0
3750.0,0.0,-1.0047226335449249,2825.0,0.0
3125.0,2.0,-1.0,2525.0,0.0
3125.0,2.0,-1.0,2525.0,0.0
3125.0,2.0,-1.0,2525.0,0.0
3125.0,2.0,-1.0,2525.0,0.0
3125.0,2.0,-1.0,2525.0,0.0
3125.0,2.0,-1.0,2525.0,0.0
3125.0,2.0,-1.0,2525.0,0.0
3125.0,2.0,-1.0,2525.0,0.0
3750.0,0.0,-1.0254465448055707,2825.0,0.0
3450.0,2.0,-0.3012387466422608,2925.0,0.0
3550.0,2.0,-1.0,3550.0,0.0
3550.0,2.0,-1.0,3550.0,0.0
3550.0,2.0,-1.0,3550.0,0.0
3550.0,2.0,-1.0,3550.0,0.0
3550.0,2.0,-1.0,3550.0,0.0
3550.0,2.0,-1.0,3550.0,0.0
3550.0,2.0,-1.0,3550.0,0.0
3550.0,2.0,-1.0,3550.0,0.0
3550.0,2.0,-1.0,3550.0,0.0
3550.0,2.0,-1.0,3550.0,0.0
3150.0,5.0,-0.2,3150.0,0.0
3125.0,2.0,-1.0,2525.0,0.0
3125.0,2.0,-1.0,2525.0,0.0
3125.0,2.0,-1.0,2525.0,0.0
3125.0,2.0,-1.0,2525.0,0.0
3750.0,0.0,-1.014912159312017,2825.0,0.0
3450.0,2.0,-0.30956267628529477,2925.0,0.0
4175.0,2.0,-1.0,4175.0,0.0
4175.0,2.0,-1.0,4175.0,0.0
4175.0,2.0,-1.0,4175.0,0.0
4175.0,2.0,-1.0,4175.0,0.0
4175.0,2.0,-1.0,4175.0,0.0
4175.0,2.0,-1.0,4175.0,0.0
4175.0,2.0,-1.0,4175.0,0.0
3775.0,4.0,-0.2,3775.0,0.0
3750.0,0.0,-1.0270876529823232,2825.0,0.0
3450.0,2.0,-0.28487725141040077,2925.0,0.0
3550.0,2.0,-1.0,3550.0,0.0
3550.0,2.0,-1.0,3550.0,0.0
3550.0,2.0,-1.0,3550.0,0.0
3550.0,2.0,-1.0,3550.0,0.0
3550.0,2.0,-1.0,3550.0,0.0
3550.0,2.0,-1.0,3550.0,0.0
3150.0,5.0,-0.2,3150.0,0.0
3125.0,2.0,-1.0,2525.0,0.0
3125.0,2.0,-1.0,2525.0,0.0
3125.0,2.0,-1.0,2525.0,0.0
3125.0,2.0,-1.0,2525.0,0.0
3750.0,0.0,-1.0,2825.0,0.0
3125.0,2.0,-1.0,2525.0,0.0
3125.0,2.0,-1.0,2525.0,0.0
3125.0,2.0,-1.0,2525.0,0.0
3125.0,2.0,-1.0,2525.0,0.0
3125.0,2.0,-1.0,2525.0,0.0
3125.0,2.0,-1.0,2525.0,0.0
3125.0,2.0,-1.0,2525.0,0.0
3125.0,2.0,-1.0,2525.0,0.0
3125.0,2.0,-1.0,2525.0,0.0
3125.0,2.0,-1.0,2525.0,0.0
3125.0,2.0,-1.0,2525.0,0.0
3125.0,2.0,-1.0,2525.0,0.0
3125.0,2.0,-1.0,2525.0,0.0
3125.0,2.0,-1.0,2525.0,0.0
3125.0,2.0,-1.0,2525.0,0.0
3125.0,2.0,-1.0,2525.0,0.0
3125.0,2.0,-1.0,2525.0,0.0
3125.0,2.0,-1.0,2525.0,0.0
3125.0,2.0,-1.0,2525.0,0.0
3125.0,2.0,-1.0,2525.0,0.0
3125.0,2.0,-1.0,2525.0,0.0
3125.0,2.0,-1.0,2525.0,0.0
3125.0,2.0,-1.0,2525.0,0.0
3125.0,2.0,-1.0,2525.0,0.0
3750.0,0.0,-1.0212737294483345,2825.0,0.0
3450.0,2.0,-0.33186510900970034,2925.0,0.0
3550.0,2.0,-1.0,3550.0,0.0
3550.0,2.0,-1.0,3550.0,0.0
3550.0,2.0,-1.0,3550.0,0.0
3550.0,2.0,-1.0,3550.0,0.0
3550.0,2.0,-1.0,3550.0,0.0
3550.0,2.0,-1.0,3550.0,0.0
3550.0,2.0,-1.0,3550.0,0.0
3150.0,5.0,-0.2,3150.0,0.0
3125.0,2.0,-1.0,2525.0,0.0
3125.0,2.0,-1.0,2525.0,0.0
3125.0,2.0,-1.0,2525.0,0.0
3125.0,2.0,-1.0,2525.0,0.0
3125.0,2.0,-1.0,2525.0,0.0
3750.0,0.0,-1.051714247975162,2825.0,0.0
3450.0,2.0,-0.29513611375428905,2925.0,0.0
3550.0,2.0,-1.0,3550.0,0.0
3550.0,2.0,-1.0,3550.0,0.0
3550.0,2.0,-1.0,3550.0,0.0
3550.0,2.0,-1.0,3550.0,0.0
3550.0,2.0,-1.0,3550.0,0.0
3550.0,2.0,-1.0,3550.0,0.0
3550.0,2.0,-1.0,3550.0,0.0
3550.0,2.0,-1.0,3550.0,0.0
3550.0,2.0,-1.0,3550.0,0.0
3550.0,2.0,-1.0,3550.0,0.0
3550.0,2.0,-1.0,3550.0,0.0
3550.0,2.0,-1.0,3550.0,0.0
3550.0,2.0,-1.0,3550.0,0.0
3550.0,2.0,-1.0,3550.0,0.0
3550.0,2.0,-1.0,3550.0,0.0
3550.0,2.0,-1.0,3550.0,0.0
3150.0,5.0,-0.2,3150.0,0.0
3125.0,2.0,-1.0,2525.0,0.0
3750.0,0.0,-1.016252780349152,2825.0,0.0
3450.0,2.0,-0.2798564804644089,2925.0,0.0
3550.0,2.0,-1.0,3550.0,0.0
3550.0,2.0,-1.0,3550.0,0.0
3550.0,2.0,-1.0,3550.0,0.0
3550.0,2.0,-1.0,3550.0,0.0
3550.0,2.0,-1.0,3550.0,0.0
3550.0,2.0,-1.0,3550.0,0.0
3150.0,5.0,-0.2,3150.0,0.0
3125.0,2.0,-1.0,2525.0,0.0
3125.0,2.0,-1.0,2525.0,0.0
3750.0,0.0,-1.0061776711344665,2825.0,0.0
3450.0,2.0,-0.28109558483764585,2925.0,0.0
3150.0,5.0,-0.2,3150.0,0.0
3125.0,2.0,-1.0,2525.0,0.0
3125.0,2.0,-1.0,2525.0,0.0
3750.0,0.0,-1.0050338884572891,2825.0,0.0
3750.0,0.0,-1.0148397405200624,2825.0,0.0
3450.0,2.0,-0.27541628959243336,2925.0,0.0
3550.0,2.0,-1.0,3550.0,0.0
3550.0,2.0,-1.0,3550.0,0.0
3150.0,5.0,-0.2,3150.0,0.0
3125.0,2.0,-1.0,2525.0,0.0
3750.0,0.0,-1.0041600444924776,2825.0,0.0
4075.0,2.0,-1.0054877182666724,3025.0,0.0
4075.0,2.0,-1.0021249529729723,3025.0,0.0
3650.0,2.0,-1.0,3650.0,0.0
3650.0,2.0,-1.0,3650.0,0.0
3450.0,2.0,-0.26929486124030366,2925.0,0.0
3150.0,5.0,-0.2,3150.0,0.0
3125.0,2.0,-1.0,2525.0,0.0
3125.0,2.0,-1.0,2525.0,0.0
3125.0,2.0,-1.0,2525.0,0.0
3125.0,2.0,-1.0,2525.0,0.0
3125.0,2.0,-1.0,2525.0,0.0
3125.0,2.0,-1.0,2525.0,0.0
3750.0,0.0,-1.0,2825.0,0.0
3125.0,2.0,-1.0,2525.0,0.0
3750.0,0.0,-1.0196312772235512,2825.0,0.0
3450.0,2.0,-0.27226899646691183,2925.0,0.0
3550.0,2.0,-1.0,3550.0,0.0
3550.0,2.0,-1.0,3550.0,0.0
3550.0,2.0,-1.0,3550.0,0.0
3550.0,2.0,-1.0,3550.0,0.0
3550.0,2.0,-1.0,3550.0,0.0
3550.0,2.0,-1.0,3550.0,0.0
3550.0,2.0,-1.0,3550.0,0.0
3150.0,5.0,-0.2,3150.0,0.0
3125.0,2.0,-1.0,2525.0,0.0
3125.0,2.0,-1.0,2525.0,0.0
3125.0,2.0,-1.0,2525.0,0.0
3125.0,2.0,-1.0,2525.0,0.0
3125.0,2.0,-1.0,2525.0,0.0
3125.0,2.0,-1.0,2525.0,0.0
3125.0,2.0,-1.0,2525.0,0.0
3125.0,2.0,-1.0,2525.0,0.0
3125.0,2.0,-1.0,2525.0,0.0
3125.0,2.0,-1.0,2525.0,0.0
3125.0,2.0,-1.0,2525.0,0.0
3750.0,0.0,-1.0018653146073417,2825.0,0.0
3125.0,2.0,-1.0,2525.0,0.0
3125.0,2.0,-1.0,2525.0,0.0
3125.0,2.0,-1.0,2525.0,0.0
3125.0,2.0,-1.0,2525.0,0.0
3125.0,2.0,-1.0,2525.0,0.0
3125.0,2.0,-1.0,2525.0,0.0
3125.0,2.0,-1.0,2525.0,0.0
3125.0,2.0,-1.0,2525.0,0.0
3125.0,2.0,-1.0,2525.0,0.0
3125.0,2.0,-1.0,2525.0,0.0
3750.0,0.0,-1.0322056215856021,2825.0,0.0
3450.0,2.0,-0.28619016102200756,2925.0,0.0
3550.0,2.0,-1.0,3550.0,0.0
3550.0,2.0,-1.0,3550.0,0.0
3550.0,2.0,-1.0,3550.0,0.0
3550.0,2.0,-1.0,3550.0,0.0
3550.0,2.0,-1.0,3550.0,0.0
3550.0,2.0,-1.0,3550.0,0.0
3150.0,5.0,-0.2,3150.0,0.0
3125.0,2.0,-1.0,2525.0,0.0
3750.0,0.0,-1.0170304951547622,2825.0,0.0
3450.0,2.0,-0.2718794584618517,2925.0,0.0
3550.0,2.0,-1.0,3550.0,0.0
3550.0,2.0,-1.0,3550.0,0.0
3550.0,2.0,-1.0,3550.0,0.0
3550.0,2.0,-1.0,3550.0,0.0
3550.0,2.0,-1.0,3550.0,0.0
3550.0,2.0,-1.0,3550.0,0.0
3550.0,2.0,-1.0,3550.0,0.0
3150.0,5.0,-0.2,3150.0,0.0
3125.0,2.0,-1.0,2525.0,0.0
3750.0,0.0,-1.0074594855497945,2825.0,0.0
3450.0,2.0,-0.2676303887758702,2925.0,0.0
3150.0,5.0,-0.2,3150.0,0.0
3125.0,2.0,-1.0,2525.0,0.0
3125.0,2.0,-1.0,2525.0,0.0
3125.0,2.0,-1.0,2525.0,0.0
3750.0,0.0,-1.0018328997240926,2825.0,0.0
3125.0,2.0,-1.0,2525.0,0.0
3125.0,2.0,-1.0,2525.0,0.0
3125.0,2.0,-1.0,2525.0,0.0
3125.0,2.0,-1.0,2525.0,0.0
3125.0,2.0,-1.0,2525.0,0.0
3125.0,2.0,-1.0,2525.0,0.0
3125.0,2.0,-1.0,2525.0,0.0
3125.0,2.0,-1.0,2525.0,0.0
3125.0,2.0,-1.0,2525.0,0.0
3125.0,2.0,-1.0,2525.0,0.0
3125.0,2.0,-1.0,2525.0,0.0
3125.0,2.0,-1.0,2525.0,0.0
3125.0,2.0,-1.0,2525.0,0.0
3125.0,2.0,-1.0,2525.0,0.0
3750.0,0.0,-1.0059916805921696,2825.0,0.0
3125.0,2.0,-1.0,2525.0,0.0
3125.0,2.0,-1.0,2525.0,0.0
3125.0,2.0,-1.0,2525.0,0.0
3125.0,2.0,-1.0,2525.0,0.0
3125.0,2.0,-1.0,2525.0,0.0
3125.0,2.0,-1.0,2525.0,0.0
3125.0,2.0,-1.0,2525.0,0.0
3125.0,2.0,-1.0,2525.0,0.0
3125.0,2.0,-1.0,2525.0,0.0
3125.0,2.0,-1.0,2525.0,0.0
3125.0,2.0,-1.0,2525.0,0.0
3125.0,2.0,-1.0,2525.0,0.0
3125.0,2.0,-1.0,2525.0,0.0
3750.0,0.0,-1.0286361607244274,2825.0,0.0
3450.0,2.0,-0.29532672617342415,2925.0,0.0
3550.0,2.0,-1.0,3550.0,0.0
3550.0,2.0,-1.0,3550.0,0.0
3550.0,2.0,-1.0,3550.0,0.0
3550.0,2.0,-1.0,3550.0,0.0
3550.0,2.0,-1.0,3550.0,0.0
3550.0,2.0,-1.0,3550.0,0.0
3550.0,2.0,-1.0,3550.0,0.0
3550.0,2.0,-1.0,3550.0,0.0
3550.0,2.0,-1.0,3550.0,0.0
3150.0,5.0,-0.2,3150.0,0.0
3125.0,2.0,-1.0,2525.0,0.0
3125.0,2.0,-1.0,2525.0,0.0
3125.0,2.0,-1.0,2525.0,0.0
3125.0,2.0,-1.0,2525.0,0.0
3125.0,2.0,-1.0,2525.0,0.0
3125.0,2.0,-1.0,2525.0,0.0
3125.0,2.0,-1.0,2525.0,0.0
3125.0,2.0,-1.0,2525.0,0.0
3125.0,2.0,-1.0,2525.0,0.0
3125.0,2.0,-1.0,2525.0,0.0
3125.0,2.0,-1.0,2525.0,0.0
3125.0,2.0,-1.0,2525.0,0.0
3125.0,2.0,-1.0,2525.0,0.0
3125.0,2.0,-1.0,2525.0,0.0
3750.0,0.0,-1.0320048180330406,2825.0,0.0
3450.0,2.0,-0.2874551452223163,2925.0,0.0
3550.0,2.0,-1.0,3550.0,0.0
3550.0,2.0,-1.0,3550.0,0.0
3550.0,2.0,-1.0,3550.0,0.0
3550.0,2.0,-1.0,3550.0,0.0
3550.0,2.0,-1.0,3550.0,0.0
3550.0,2.0,-1.0,3550.0,0.0
3150.0,5.0,-0.2,3150.0,0.0
3125.0,2.0,-1.0,2525.0,0.0
3125.0,2.0,-1.0,2525.0,0.0
3750.0,0.0,-1.02720915638189,2825.0,0.0
3450.0,2.0,-0.2624246399988842,2925.0,0.0
3550.0,2.0,-1.0,3550.0,0.0
3550.0,2.0,-1.0,3550.0,0.0
3550.0,2.0,-1.0,3550.0,0.0
3550.0,2.0,-1.0,3550.0,0.0
3550.0,2.0,-1.0,3550.0,0.0
3550.0,2.0,-1.0,3550.0,0.0
3150.0,5.0,-0.2,3150.0,0.0
3125.0,2.0,-1.0,2525.0,0.0
3750.0,0.0,-1.0035696234008358,2825.0,0.0
3450.0,2.0,-0.2658775772989618,2925.0,0.0
3150.0,5.0,-0.2,3150.0,0.0
3125.0,2.0,-1.0,2525.0,0.0
3125.0,2.0,-1.0,2525.0,0.0
3125.0,2.0,-1.0,2525.0,0.0
3125.0,2.0,-1.0,2525.0,0.0
3125.0,2.0,-1.0,2525.0,0.0
3125.0,2.0,-1.0,2525.0,0.0
3125.0,2.0,-1.0,2525.0,0.0
3750.0,0.0,-1.0097638587178646,2825.0,0.0
3450.0,2.0,-0.282989226931604,2925.0,0.0
3550.0,2.0,-1.0,3550.0,0.0
3550.0,2.0,-1.0,3550.0,0.0
3150.0,5.0,-0.2,3150.0,0.0
3125.0,2.0,-1.0,2525.0,0.0
3125.0,2.0,-1.0,2525.0,0.0
3125.0,2.0,-1.0,2525.0,0.0
3125.0,2.0,-1.0,2525.0,0.0
3125.0,2.0,-1.0,2525.0,0.0
3125.0,2.0,-1.0,2525.0,0.0
3125.0,2.0,-1.0,2525.0,0.0
3125.0,2.0,-1.0,2525.0,0.0
3125.0,2.0,-1.0,2525.0,0.0
3125.0,2.0,-1.0,2525.0,0.0
3750.0,0.0,-1.0266987769518934,2825.0,0.0
3450.0,2.0,-0.2745625537020353,2925.0,0.0
3550.0,2.0,-1.0,3550.0,0.0
3550.0,2.0,-1.0,3550.0,0.0
3550.0,2.0,-1.0,3550.0,0.0
3550.0,2.0,-1.0,3550.0,0.0
3150.0,5.0,-0.2,3150.0,0.0
3125.0,2.0,-1.0,2525.0,0.0
3125.0,2.0,-1.0,2525.0,0.0
3750.0,0.0,-1.0206055749242888,2825.0,0.0
3450.0,2.0,-0.2624656552429764,2925.0,0.0
3550.0,2.0,-1.0,3550.0,0.0
3550.0,2.0,-1.0,3550.0,0.0
3550.0,2.0,-1.0,3550.0,0.0
3550.0,2.0,-1.0,3550.0,0.0
3150.0,5.0,-0.2,3150.0,0.0
3125.0,2.0,-1.0,2525.0,0.0
3125.0,2.0,-1.0,2525.0,0.0
3125.0,2.0,-1.0,2525.0,0.0
3125.0,2.0,-1.0,2525.0,0.0
3125.0,2.0,-1.0,2525.0,0.0
3125.0,2.0,-1.0,2525.0,0.0
3125.0,2.0,-1.0,2525.0,0.0
3125.0,2.0,-1.0,2525.0,0.0
3125.0,2.0,-1.0,2525.0,0.0
3125.0,2.0,-1.0,2525.0,0.0
3125.0,2.0,-1.0,2525.0,0.0
3125.0,2.0,-1.0,2525.0,0.0
3125.0,2.0,-1.0,2525.0,0.0
3125.0,2.0,-1.0,2525.0,0.0
3125.0,2.0,-1.0,2525.0,0.0
3125.0,2.0,-1.0,2525.0,0.0
3125.0,2.0,-1.0,2525.0,0.0
3125.0,2.0,-1.0,2525.0,0.0
3125.0,2.0,-1.0,2525.0,0.0
3125.0,2.0,-1.0,2525.0,0.0
3125.0,2.0,-1.0,2525.0,0.0
3125.0,2.0,-1.0,2525.0,0.0
3125.0,2.0,-1.0,2525.0,0.0
3750.0,0.0,-1.0090526461698763,2825.0,0.0
3450.0,2.0,-0.29002689058663544,2925.0,0.0
3550.0,2.0,-1.0,3550.0,0.0
3550.0,2.0,-1.0,3550.0,0.0
3150.0,5.0,-0.2,3150.0,0.0
3125.0,2.0,-1.0,2525.0,0.0
3125.0,2.0,-1.0,2525.0,0.0
3125.0,2.0,-1.0,2525.0,0.0
3125.0,2.0,-1.0,2525.0,0.0
3125.0,2.0,-1.0,2525.0,0.0
3125.0,2.0,-1.0,2525.0,0.0
3125.0,2.0,-1.0,2525.0,0.0
3125.0,2.0,-1.0,2525.0,0.0
3750.0,0.0,-1.039252345100413,2825.0,0.0
3450.0,2.0,-0.26376807936952384,2925.0,0.0
3550.0,2.0,-1.0,3550.0,0.0
3550.0,2.0,-1.0,3550.0,0.0
3550.0,2.0,-1.0,3550.0,0.0
3550.0,2.0,-1.0,3550.0,0.0
3550.0,2.0,-1.0,3550.0,0.0
3550.0,2.0,-1.0,3550.0,0.0
3550.0,2.0,-1.0,3550.0,0.0
3150.0,5.0,-0.2,3150.0,0.0
3125.0,2.0,-1.0,2525.0,0.0
3125.0,2.0,-1.0,2525.0,0.0
3125.0,2.0,-1.0,2525.0,0.0
3125.0,2.0,-1.0,2525.0,0.0
3125.0,2.0,-1.0,2525.0,0.0
3125.0,2.0,-1.0,2525.0,0.0
3125.0,2.0,-1.0,2525.0,0.0
3125.0,2.0,-1.0,2525.0,0.0
3125.0,2.0,-1.0,2525.0,0.0
3125.0,2.0,-1.0,2525.0,0.0
3125.0,2.0,-1.0,2525.0,0.0
3125.0,2.0,-1.0,2525.0,0.0
3125.0,2.0,-1.0,2525.0,0.0
3125.0,2.0,-1.0,2525.0,0.0
3125.0,2.0,-1.0,2525.0,0.0
3125.0,2.0,-1.0,2525.0,0.0
3125.0,2.0,-1.0,2525.0,0.0
3125.0,2.0,-1.0,2525.0,0.0
3125.0,2.0,-1.0,2525.0,0.0
3125.0,2.0,-1.0,2525.0,0.0
3125.0,2.0,-1.0,2525.0,0.0
3750.0,0.0,-1.0150468233939816,2825.0,0.0
3450.0,2.0,-0.29398841114617924,2925.0,0.0
3550.0,2.0,-1.0,3550.0,0.0
3550.0,2.0,-1.0,3550.0,0.0
3550.0,2.0,-1.0,3550.0,0.0
3550.0,2.0,-1.0,3550.0,0.0
3150.0,5.0,-0.2,3150.0,0.0
3125.0,2.0,-1.0,2525.0,0.0
3125.0,2.0,-1.0,2525.0,0.0
3125.0,2.0,-1.0,2525.0,0.0
3125.0,2.0,-1.0,2525.0,0.0
3750.0,0.0,-1.0470022829669858,2825.0,0.0
3450.0,2.0,-0.2552932632443322,2925.0,0.0
3550.0,2.0,-1.0,3550.0,0.0
3550.0,2.0,-1.0,3550.0,0.0
3550.0,2.0,-1.0,3550.0,0.0
3550.0,2.0,-1.0,3550.0,0.0
3550.0,2.0,-1.0,3550.0,0.0
3550.0,2.0,-1.0,3550.0,0.0
3550.0,2.0,-1.0,3550.0,0.0
3550.0,2.0,-1.0,3550.0,0.0
3150.0,5.0,-0.2,3150.0,0.0
3125.0,2.0,-1.0,2525.0,0.0
3125.0,2.0,-1.0,2525.0,0.0
3125.0,2.0,-1.0,2525.0,0.0
3750.0,0.0,-1.0071377416320213,2825.0,0.0
3450.0,2.0,-0.2582274696219534,2925.0,0.0
3550.0,2.0,-1.0,3550.0,0.0
3150.0,5.0,-0.2,3150.0,0.0
3125.0,2.0,-1.0,2525.0,0.0
3125.0,2.0,-1.0,2525.0,0.0
3125.0,2.0,-1.0,2525.0,0.0
3125.0,2.0,-1.0,2525.0,0.0
3125.0,2.0,-1.0,2525.0,0.0
3125.0,2.0,-1.0,2525.0,0.0
3750.0,0.0,-1.012351095522294,2825.0,0.0
3450.0,2.0,-0.2742348795332554,2925.0,0.0
3550.0,2.0,-1.0,3550.0,0.0
3150.0,5.0,-0.2,3150.0,0.0
3125.0,2.0,-1.0,2525.0,0.0
3125.0,2.0,-1.0,2525.0,0.0
3125.0,2.0,-1.0,2525.0,0.0
3125.0,2.0,-1.0,2525.0,0.0
3750.0,0.0,-1.0208131644461114,2825.0,0.0
3450.0,2.0,-0.2714930954627103,2925.0,0.0
3550.0,2.0,-1.0,3550.0,0.0
3550.0,2.0,-1.0,3550.0,0.0
3150.0,5.0,-0.2,3150.0,0.0
3125.0,2.0,-1.0,2525.0,0.0
3125.0,2.0,-1.0,2525.0,0.0
3125.0,2.0,-1.0,2525.0,0.0
3125.0,2.0,-1.0,2525.0,0.0
3125.0,2.0,-1.0,2525.0,0.0
3125.0,2.0,-1.0,2525.0,0.0
3750.0,0.0,-1.0281691758481117,2825.0,0.0
3450.0,2.0,-0.2594143275794565,2925.0,0.0
3550.0,2.0,-1.0,3550.0,0.0
3550.0,2.0,-1.0,3550.0,0.0
3550.0,2.0,-1.0,3550.0,0.0
3150.0,5.0,-0.2,3150.0,0.0
3125.0,2.0,-1.0,2525.0,0.0
3125.0,2.0,-1.0,2525.0,0.0
3125.0,2.0,-1.0,2525.0,0.0
3750.0,0.0,-1.021760829938075,2825.0,0.0
3450.0,2.0,-0.24969215153813884,2925.0,0.0
3550.0,2.0,-1.0,3550.0,0.0
3550.0,2.0,-1.0,3550.0,0.0
3550.0,2.0,-1.0,3550.0,0.0
3150.0,5.0,-0.2,3150.0,0.0
3125.0,2.0,-1.0,2525.0,0.0
3125.0,2.0,-1.0,2525.0,0.0
3125.0,2.0,-1.0,2525.0,0.0
3125.0,2.0,-1.0,2525.0,0.0
3125.0,2.0,-1.0,2525.0,0.0
3125.0,2.0,-1.0,2525.0,0.0
3125.0,2.0,-1.0,2525.0,0.0
3125.0,2.0,-1.0,2525.0,0.0
3125.0,2.0,-1.0,2525.0,0.0
3125.0,2.0,-1.0,2525.0,0.0
3125.0,2.0,-1.0,2525.0,0.0
3125.0,2.0,-1.0,2525.0,0.0
3125.0,2.0,-1.0,2525.0,0.0
3125.0,2.0,-1.0,2525.0,0.0
3125.0,2.0,-1.0,2525.0,0.0
3125.0,2.0,-1.0,2525.0,0.0
3750.0,0.0,-1.0088367797188256,2825.0,0.0
4075.0,2.0,-1.0313008039514198,3025.0,0.0
3650.0,2.0,-1.0,3650.0,0.0
3650.0,2.0,-1.0,3650.0,0.0
3450.0,2.0,-0.23399261211072564,2925.0,0.0
4175.0,2.0,-1.0,4175.0,0.0
4175.0,2.0,-1.0,4175.0,0.0
4175.0,2.0,-1.0,4175.0,0.0
4175.0,2.0,-1.0,4175.0,0.0
4175.0,2.0,-1.0,4175.0,0.0
4175.0,2.0,-1.0,4175.0,0.0
4175.0,2.0,-1.0,4175.0,0.0
4175.0,2.0,-1.0,4175.0,0.0
3775.0,4.0,-0.2,3775.0,0.0
3750.0,0.0,-1.0069604867757846,2825.0,0.0
3450.0,2.0,-0.22920784026545982,2925.0,0.0
3550.0,2.0,-1.0,3550.0,0.0
3550.0,2.0,-1.0,3550.0,0.0
3150.0,5.0,-0.2,3150.0,0.0
3125.0,2.0,-1.0,2525.0,0.0
3125.0,2.0,-1.0,2525.0,0.0
3125.0,2.0,-1.0,2525.0,0.0
3125.0,2.0,-1.0,2525.0,0.0
3125.0,2.0,-1.0,2525.0,0.0
3125.0,2.0,-1.0,2525.0,0.0
3125.0,2.0,-1.0,2525.0,0.0
3125.0,2.0,-1.0,2525.0,0.0
3125.0,2.0,-1.0,2525.0,0.0
3125.0,2.0,-1.0,2525.0,0.0
3750.0,0.0,-1.0,2825.0,0.0
3125.0,2.0,-1.0,2525.0,0.0
3125.0,2.0,-1.0,2525.0,0.0
3125.0,2.0,-1.0,2525.0,0.0
3125.0,2.0,-1.0,2525.0,0.0
3125.0,2.0,-1.0,2525.0,0.0
3125.0,2.0,-1.0,2525.0,0.0
3125.0,2.0,-1.0,2525.0,0.0
3125.0,2.0,-1.0,2525.0,0.0
3125.0,2.0,-1.0,2525.0,0.0
3125.0,2.0,-1.0,2525.0,0.0
3125.0,2.0,-1.0,2525.0,0.0
3125.0,2.0,-1.0,2525.0,0.0
3125.0,2.0,-1.0,2525.0,0.0
3125.0,2.0,-1.0,2525.0,0.0
3125.0,2.0,-1.0,2525.0,0.0
3125.0,2.0,-1.0,2525.0,0.0
3125.0,2.0,-1.0,2525.0,0.0
3125.0,2.0,-1.0,2525.0,0.0
3125.0,2.0,-1.0,2525.0,0.0
3125.0,2.0,-1.0,2525.0,0.0
3125.0,2.0,-1.0,2525.0,0.0
3125.0,2.0,-1.0,2525.0,0.0
3125.0,2.0,-1.0,2525.0,0.0
3125.0,2.0,-1.0,2525.0,0.0
3125.0,2.0,-1.0,2525.0,0.0
3125.0,2.0,-1.0,2525.0,0.0
3125.0,2.0,-1.0,2525.0,0.0
3125.0,2.0,-1.0,2525.0,0.0
3125.0,2.0,-1.0,2525.0,0.0
3125.0,2.0,-1.0,2525.0,0.0
3125.0,2.0,-1.0,2525.0,0.0
3125.0,2.0,-1.0,2525.0,0.0
3125.0,2.0,-1.0,2525.0,0.0
3125.0,2.0,-1.0,2525.0,0.0
3750.0,0.0,-1.0316499269214945,2825.0,0.0
3450.0,2.0,-0.3296012525048214,2925.0,0.0
3550.0,2.0,-1.0,3550.0,0.0
3550.0,2.0,-1.0,3550.0,0.0
3550.0,2.0,-1.0,3550.0,0.0
3550.0,2.0,-1.0,3550.0,0.0
3550.0,2.0,-1.0,3550.0,0.0
3550.0,2.0,-1.0,3550.0,0.0
3150.0,5.0,-0.2,3150.0,0.0
3125.0,2.0,-1.0,2525.0,0.0
3125.0,2.0,-1.0,2525.0,0.0
3125.0,2.0,-1.0,2525.0,0.0
3125.0,2.0,-1.0,2525.0,0.0
3125.0,2.0,-1.0,2525.0,0.0
3125.0,2.0,-1.0,2525.0,0.0
3125.0,2.0,-1.0,2525.0,0.0
3750.0,0.0,-1.0999704508184547,2825.0,0.0
3450.0,2.0,-0.25732885644910575,2925.0,0.0
4175.0,2.0,-1.0,4175.0,0.0
4175.0,2.0,-1.0,4175.0,0.0
4175.0,2.0,-1.0,4175.0,0.0
4175.0,2.0,-1.0,4175.0,0.0
4175.0,2.0,-1.0,4175.0,0.0
4175.0,2.0,-1.0,4175.0,0.0
4175.0,2.0,-1.0,4175.0,0.0
4175.0,2.0,-1.0,4175.0,0.0
4175.0,2.0,-1.0,4175.0,0.0
4175.0,2.0,-1.0,4175.0,0.0
4175.0,2.0,-1.0,4175.0,0.0
4175.0,2.0,-1.0,4175.0,0.0
4175.0,2.0,-1.0,4175.0,0.0
4175.0,2.0,-1.0,4175.0,0.0
4175.0,2.0,-1.0,4175.0,0.0
4175.0,2.0,-1.0,4175.0,0.0
3775.0,4.0,-0.2,3775.0,0.0
3750.0,0.0,-1.0333422770145058,2825.0,0.0
3450.0,2.0,-0.22003734636764793,2925.0,0.0
3550.0,2.0,-1.0,3550.0,0.0
3550.0,2.0,-1.0,3550.0,0.0
3150.0,5.0,-0.2,3150.0,0.0
3125.0,2.0,-1.0,2525.0,0.0
3125.0,2.0,-1.0,2525.0,0.0
3125.0,2.0,-1.0,2525.0,0.0
3125.0,2.0,-1.0,2525.0,0.0
3125.0,2.0,-1.0,2525.0,0.0
3125.0,2.0,-1.0,2525.0,0.0
3125.0,2.0,-1.0,2525.0,0.0
3125.0,2.0,-1.0,2525.0,0.0
3125.0,2.0,-1.0,2525.0,0.0
3125.0,2.0,-1.0,2525.0,0.0
3750.0,0.0,-1.0,2825.0,0.0
3125.0,2.0,-1.0,2525.0,0.0
3125.0,2.0,-1.0,2525.0,0.0
3125.0,2.0,-1.0,2525.0,0.0
3750.0,0.0,-1.0207538989146914,2825.0,0.0
3450.0,2.0,-0.22734567159801422,2925.0,0.0
3550.0,2.0,-1.0,3550.0,0.0
3550.0,2.0,-1.0,3550.0,0.0
3550.0,2.0,-1.0,3550.0,0.0
3550.0,2.0,-1.0,3550.0,0.0
3150.0,5.0,-0.2,3150.0,0.0
3125.0,2.0,-1.0,2525.0,0.0
3125.0,2.0,-1.0,2525.0,0.0
3125.0,2.0,-1.0,2525.0,0.0
3125.0,2.0,-1.0,2525.0,0.0
3125.0,2.0,-1.0,2525.0,0.0
3125.0,2.0,-1.0,2525.0,0.0
3125.0,2.0,-1.0,2525.0,0.0
3125.0,2.0,-1.0,2525.0,0.0
3125.0,2.0,-1.0,2525.0,0.0
3125.0,2.0,-1.0,2525.0,0.0
3125.0,2.0,-1.0,2525.0,0.0
3125.0,2.0,-1.0,2525.0,0.0
3125.0,2.0,-1.0,2525.0,0.0
3125.0,2.0,-1.0,2525.0,0.0
3125.0,2.0,-1.0,2525.0,0.0
3125.0,2.0,-1.0,2525.0,0.0
3125.0,2.0,-1.0,2525.0,0.0
3125.0,2.0,-1.0,2525.0,0.0
3125.0,2.0,-1.0,2525.0,0.0
3125.0,2.0,-1.0,2525.0,0.0
3125.0,2.0,-1.0,2525.0,0.0
3125.0,2.0,-1.0,2525.0,0.0
3750.0,0.0,-1.0114498982829123,2825.0,0.0
3450.0,2.0,-0.27937202681919027,2925.0,0.0
3550.0,2.0,-1.0,3550.0,0.0
3150.0,5.0,-0.2,3150.0,0.0
3125.0,2.0,-1.0,2525.0,0.0
3125.0,2.0,-1.0,2525.0,0.0
3125.0,2.0,-1.0,2525.0,0.0
3125.0,2.0,-1.0,2525.0,0.0
3125.0,2.0,-1.0,2525.0,0.0
3125.0,2.0,-1.0,2525.0,0.0
3125.0,2.0,-1.0,2525.0,0.0
3125.0,2.0,-1.0,2525.0,0.0
3125.0,2.0,-1.0,2525.0,0.0
3750.0,0.0,-1.062670417527472,2825.0,0.0
3450.0,2.0,-0.24413362274792894,2925.0,0.0
3550.0,2.0,-1.0,3550.0,0.0
3550.0,2.0,-1.0,3550.0,0.0
3550.0,2.0,-1.0,3550.0,0.0
3550.0,2.0,-1.0,3550.0,0.0
3550.0,2.0,-1.0,3550.0,0.0
3150.0,5.0,-0.2,3150.0,0.0
3125.0,2.0,-1.0,2525.0,0.0
3750.0,0.0,-1.031596800197468,2825.0,0.0
3450.0,2.0,-0.21484115673690363,2925.0,0.0
3550.0,2.0,-1.0,3550.0,0.0
3550.0,2.0,-1.0,3550.0,0.0
3150.0,5.0,-0.2,3150.0,0.0
3125.0,2.0,-1.0,2525.0,0.0
3125.0,2.0,-1.0,2525.0,0.0
3125.0,2.0,-1.0,2525.0,0.0
3125.0,2.0,-1.0,2525.0,0.0
3125.0,2.0,-1.0,2525.0,0.0
3125.0,2.0,-1.0,2525.0,0.0
3125.0,2.0,-1.0,2525.0,0.0
3125.0,2.0,-1.0,2525.0,0.0
3125.0,2.0,-1.0,2525.0,0.0
3125.0,2.0,-1.0,2525.0,0.0
3125.0,2.0,-1.0,2525.0,0.0
3125.0,2.0,-1.0,2525.0,0.0
3125.0,2.0,-1.0,2525.0,0.0
3125.0,2.0,-1.0,2525.0,0.0
3125.0,2.0,-1.0,2525.0,0.0
3125.0,2.0,-1.0,2525.0,0.0
3750.0,0.0,-1.006514663857191,2825.0,0.0
3125.0,2.0,-1.0,2525.0,0.0
3125.0,2.0,-1.0,2525.0,0.0
3125.0,2.0,-1.0,2525.0,0.0
3125.0,2.0,-1.0,2525.0,0.0
3125.0,2.0,-1.0,2525.0,0.0
3125.0,2.0,-1.0,2525.0,0.0
3125.0,2.0,-1.0,2525.0,0.0
3125.0,2.0,-1.0,2525.0,0.0
3125.0,2.0,-1.0,2525.0,0.0
3125.0,2.0,-1.0,2525.0,0.0
3125.0,2.0,-1.0,2525.0,0.0
3125.0,2.0,-1.0,2525.0,0.0
3125.0,2.0,-1.0,2525.0,0.0
3125.0,2.0,-1.0,2525.0,0.0
3125.0,2.0,-1.0,2525.0,0.0
3125.0,2.0,-1.0,2525.0,0.0
3125.0,2.0,-1.0,2525.0,0.0
3125.0,2.0,-1.0,2525.0,0.0
3125.0,2.0,-1.0,2525.0,0.0
3125.0,2.0,-1.0,2525.0,0.0
3125.0,2.0,-1.0,2525.0,0.0
3125.0,2.0,-1.0,2525.0,0.0
3125.0,2.0,-1.0,2525.0,0.0
3750.0,0.0,-1.0359765110000339,2825.0,0.0
3450.0,2.0,-0.2644855851791793,2925.0,0.0
3550.0,2.0,-1.0,3550.0,0.0
3550.0,2.0,-1.0,3550.0,0.0
3550.0,2.0,-1.0,3550.0,0.0
3550.0,2.0,-1.0,3550.0,0.0
3550.0,2.0,-1.0,3550.0,0.0
3150.0,5.0,-0.2,3150.0,0.0
3125.0,2.0,-1.0,2525.0,0.0
3125.0,2.0,-1.0,2525.0,0.0
3125.0,2.0,-1.0,2525.0,0.0
3125.0,2.0,-1.0,2525.0,0.0
3125.0,2.0,-1.0,2525.0,0.0
3125.0,2.0,-1.0,2525.0,0.0
3125.0,2.0,-1.0,2525.0,0.0
3125.0,2.0,-1.0,2525.0,0.0
3125.0,2.0,-1.0,2525.0,0.0
3125.0,2.0,-1.0,2525.0,0.0
3125.0,2.0,-1.0,2525.0,0.0
3125.0,2.0,-1.0,2525.0,0.0
3125.0,2.0,-1.0,2525.0,0.0
3125.0,2.0,-1.0,2525.0,0.0
3125.0,2.0,-1.0,2525.0,0.0
3125.0,2.0,-1.0,2525.0,0.0
3125.0,2.0,-1.0,2525.0,0.0
3125.0,2.0,-1.0,2525.0,0.0
3125.0,2.0,-1.0,2525.0,0.0
3125.0,2.0,-1.0,2525.0,0.0
3125.0,2.0,-1.0,2525.0,0.0
3125.0,2.0,-1.0,2525.0,0.0
3125.0,2.0,-1.0,2525.0,0.0
3125.0,2.0,-1.0,2525.0,0.0
3125.0,2.0,-1.0,2525.0,0.0
3125.0,2.0,-1.0,2525.0,0.0
3125.0,2.0,-1.0,2525.0,0.0
3125.0,2.0,-1.0,2525.0,0.0
3125.0,2.0,-1.0,2525.0,0.0
3125.0,2.0,-1.0,2525.0,0.0
3125.0,2.0,-1.0,2525.0,0.0
3125.0,2.0,-1.0,2525.0,0.0
3125.0,2.0,-1.0,2525.0,0.0
3125.0,2.0,-1.0,2525.0,0.0
3125.0,2.0,-1.0,2525.0,0.0
3750.0,0.0,-1.0605006188057484,2825.0,0.0
3450.0,2.0,-0.3295969090827713,2925.0,0.0
4175.0,2.0,-1.0,4175.0,0.0
4175.0,2.0,-1.0,4175.0,0.0
3775.0,4.0,-0.2,3775.0,0.0
3750.0,0.0,-1.1310132585271642,2825.0,0.0
3450.0,2.0,-0.1967935759345828,2925.0,0.0
3550.0,2.0,-1.0,3550.0,0.0
3550.0,2.0,-1.0,3550.0,0.0
3550.0,2.0,-1.0,3550.0,0.0
3550.0,2.0,-1.0,3550.0,0.0
3550.0,2.0,-1.0,3550.0,0.0
3550.0,2.0,-1.0,3550.0,0.0
3550.0,2.0,-1.0,3550.0,0.0
3550.0,2.0,-1.0,3550.0,0.0
3550.0,2.0,-1.0,3550.0,0.0
3550.0,2.0,-1.0,3550.0,0.0
3550.0,2.0,-1.0,3550.0,0.0
3550.0,2.0,-1.0,3550.0,0.0
3550.0,2.0,-1.0,3550.0,0.0
3550.0,2.0,-1.0,3550.0,0.0
3550.0,2.0,-1.0,3550.0,0.0
3550.0,2.0,-1.0,3550.0,0.0
3150.0,5.0,-0.2,3150.0,0.0
3125.0,2.0,-1.0,2525.0,0.0
3125.0,2.0,-1.0,2525.0,0.0
3125.0,2.0,-1.0,2525.0,0.0
3125.0,2.0,-1.0,2525.0,0.0
3125.0,2.0,-1.0,2525.0,0.0
3125.0,2.0,-1.0,2525.0,0.0
3125.0,2.0,-1.0,2525.0,0.0
3125.0,2.0,-1.0,2525.0,0.0
3125.0,2.0,-1.0,2525.0,0.0
3125.0,2.0,-1.0,2525.0,0.0
3125.0,2.0,-1.0,2525.0,0.0
3125.0,2.0,-1.0,2525.0,0.0
3125.0,2.0,-1.0,2525.0,0.0
3125.0,2.0,-1.0,2525.0,0.0
3125.0,2.0,-1.0,2525.0,0.0
3125.0,2.0,-1.0,2525.0,0.0
3125.0,2.0,-1.0,2525.0,0.0
3125.0,2.0,-1.0,2525.0,0.0
3750.0,0.0,-1.0,2825.0,0.0
3125.0,2.0,-1.0,2525.0,0.0
3125.0,2.0,-1.0,2525.0,0.0
3125.0,2.0,-1.0,2525.0,0.0
3125.0,2.0,-1.0,2525.0,0.0
3125.0,2.0,-1.0,2525.0,0.0
3125.0,2.0,-1.0,2525.0,0.0
3750.0,0.0,-1.085313734518052,2825.0,0.0
3450.0,2.0,-0.2128273927038008,2925.0,0.0
4175.0,2.0,-1.0,4175.0,0.0
3775.0,4.0,-0.2,3775.0,0.0
3750.0,0.0,-1.0313109058655547,2825.0,0.0
3450.0,2.0,-0.17607873066063673,2925.0,0.0
3550.0,2.0,-1.0,3550.0,0.0
3550.0,2.0,-1.0,3550.0,0.0
3550.0,2.0,-1.0,3550.0,0.0
3150.0,5.0,-0.2,3150.0,0.0
3125.0,2.0,-1.0,2525.0,0.0
3125.0,2.0,-1.0,2525.0,0.0
3125.0,2.0,-1.0,2525.0,0.0
3125.0,2.0,-1.0,2525.0,0.0
3125.0,2.0,-1.0,2525.0,0.0
3125.0,2.0,-1.0,2525.0,0.0
3125.0,2.0,-1.0,2525.0,0.0
3125.0,2.0,-1.0,2525.0,0.0
3125.0,2.0,-1.0,2525.0,0.0
3125.0,2.0,-1.0,2525.0,0.0
3125.0,2.0,-1.0,2525.0,0.0
3125.0,2.0,-1.0,2525.0,0.0
3750.0,0.0,-1.0,2825.0,0.0
3125.0,2.0,-1.0,2525.0,0.0
3125.0,2.0,-1.0,2525.0,0.0
3125.0,2.0,-1.0,2525.0,0.0
3750.0,0.0,-1.055063714498081,2825.0,0.0
3450.0,2.0,-0.19298339452174784,2925.0,0.0
3550.0,2.0,-1.0,3550.0,0.0
3550.0,2.0,-1.0,3550.0,0.0
3550.0,2.0,-1.0,3550.0,0.0
3550.0,2.0,-1.0,3550.0,0.0
3150.0,5.0,-0.2,3150.0,0.0
3125.0,2.0,-1.0,2525.0,0.0
3125.0,2.0,-1.0,2525.0,0.0
3125.0,2.0,-1.0,2525.0,0.0
3125.0,2.0,-1.0,2525.0,0.0
3125.0,2.0,-1.0,2525.0,0.0
3125.0,2.0,-1.0,2525.0,0.0
3125.0,2.0,-1.0,2525.0,0.0
3125.0,2.0,-1.0,2525.0,0.0
3125.0,2.0,-1.0,2525.0,0.0
3750.0,0.0,-1.0170338890348345,2825.0,0.0
3450.0,2.0,-0.22460527606521352,2925.0,0.0
3150.0,5.0,-0.2,3150.0,0.0
3125.0,2.0,-1.0,2525.0,0.0
3125.0,2.0,-1.0,2525.0,0.0
3125.0,2.0,-1.0,2525.0,0.0
3125.0,2.0,-1.0,2525.0,0.0
3125.0,2.0,-1.0,2525.0,0.0
3125.0,2.0,-1.0,2525.0,0.0
3750.0,0.0,-1.0555353066594966,2825.0,0.0
4075.0,2.0,-1.0416009933522048,3025.0,0.0
3650.0,2.0,-1.0,3650.0,0.0
3650.0,2.0,-1.0,3650.0,0.0
3650.0,2.0,-1.0,3650.0,0.0
3650.0,2.0,-1.0,3650.0,0.0
3450.0,2.0,-0.16374578794332173,2925.0,0.0
3550.0,2.0,-1.0,3550.0,0.0
3550.0,2.0,-1.0,3550.0,0.0
3550.0,2.0,-1.0,3550.0,0.0
3550.0,2.0,-1.0,3550.0,0.0
3150.0,5.0,-0.2,3150.0,0.0
3125.0,2.0,-1.0,2525.0,0.0
3125.0,2.0,-1.0,2525.0,0.0
3125.0,2.0,-1.0,2525.0,0.0
3125.0,2.0,-1.0,2525.0,0.0
3125.0,2.0,-1.0,2525.0,0.0
3125.0,2.0,-1.0,2525.0,0.0
3125.0,2.0,-1.0,2525.0,0.0
3125.0,2.0,-1.0,2525.0,0.0
3125.0,2.0,-1.0,2525.0,0.0
3125.0,2.0,-1.0,2525.0,0.0
3750.0,0.0,-1.0,2825.0,0.0
3750.0,0.0,-1.0504965258590375,2825.0,0.0
3450.0,2.0,-0.17746770100723985,2925.0,0.0
3550.0,2.0,-1.0,3550.0,0.0
3550.0,2.0,-1.0,3550.0,0.0
3550.0,2.0,-1.0,3550.0,0.0
3150.0,5.0,-0.2,3150.0,0.0
3125.0,2.0,-1.0,2525.0,0.0
3125.0,2.0,-1.0,2525.0,0.0
3750.0,0.0,-1.0073839267103386,2825.0,0.0
3450.0,2.0,-0.1825377804428746,2925.0,0.0
3150.0,5.0,-0.2,3150.0,0.0
3125.0,2.0,-1.0,2525.0,0.0
3125.0,2.0,-1.0,2525.0,0.0
3125.0,2.0,-1.0,2525.0,0.0
3125.0,2.0,-1.0,2525.0,0.0
3125.0,2.0,-1.0,2525.0,0.0
3125.0,2.0,-1.0,2525.0,0.0
3750.0,0.0,-1.0251965583515477,2825.0,0.0
3450.0,2.0,-0.20992624769770307,2925.0,0.0
3775.0,4.0,-0.2,3775.0,0.0
3750.0,0.0,-1.0583980434852864,2825.0,0.0
3450.0,2.0,-0.15330554749438663,2925.0,0.0
3550.0,2.0,-1.0,3550.0,0.0
3550.0,2.0,-1.0,3550.0,0.0
3150.0,5.0,-0.2,3150.0,0.0
3125.0,2.0,-1.0,2525.0,0.0
3125.0,2.0,-1.0,2525.0,0.0
3125.0,2.0,-1.0,2525.0,0.0
3125.0,2.0,-1.0,2525.0,0.0
3750.0,0.0,-1.0,2825.0,0.0
3125.0,2.0,-1.0,2525.0,0.0
3125.0,2.0,-1.0,2525.0,0.0
3125.0,2.0,-1.0,2525.0,0.0
3750.0,0.0,-1.0267633351079741,2825.0,0.0
3450.0,2.0,-0.17556503882088914,2925.0,0.0
3550.0,2.0,-1.0,3550.0,0.0
3150.0,5.0,-0.2,3150.0,0.0
3125.0,2.0,-1.0,2525.0,0.0
3125.0,2.0,-1.0,2525.0,0.0
3125.0,2.0,-1.0,2525.0,0.0
3125.0,2.0,-1.0,2525.0,0.0
3125.0,2.0,-1.0,2525.0,0.0
3750.0,0.0,-1.02579969660069,2825.0,0.0
3450.0,2.0,-0.1984963470530129,2925.0,0.0
3150.0,5.0,-0.2,3150.0,0.0
3125.0,2.0,-1.0,2525.0,0.0
3125.0,2.0,-1.0,2525.0,0.0
3750.0,0.0,-1.0505926970820783,2825.0,0.0
3450.0,2.0,-0.15782938396294144,2925.0,0.0
3550.0,2.0,-1.0,3550.0,0.0
3550.0,2.0,-1.0,3550.0,0.0
3150.0,5.0,-0.2,3150.0,0.0
3125.0,2.0,-1.0,2525.0,0.0
3125.0,2.0,-1.0,2525.0,0.0
3750.0,0.0,-1.0131856589706545,2825.0,0.0
3125.0,2.0,-1.0,2525.0,0.0
3125.0,2.0,-1.0,2525.0,0.0
3125.0,2.0,-1.0,2525.0,0.0
3125.0,2.0,-1.0,2525.0,0.0
3125.0,2.0,-1.0,2525.0,0.0
3125.0,2.0,-1.0,2525.0,0.0
3750.0,0.0,-1.025516569055588,2825.0,0.0
3125.0,2.0,-1.0,2525.0,0.0
3750.0,0.0,-1.0241655339273645,2825.0,0.0
3450.0,2.0,-0.14432996389367847,2925.0,0.0
3150.0,5.0,-0.2,3150.0,0.0
3125.0,2.0,-1.0,2525.0,0.0
3125.0,2.0,-1.0,2525.0,0.0
3125.0,2.0,-1.0,2525.0,0.0
3125.0,2.0,-1.0,2525.0,0.0
3125.0,2.0,-1.0,2525.0,0.0
3125.0,2.0,-1.0,2525.0,0.0
3125.0,2.0,-1.0,2525.0,0.0
3125.0,2.0,-1.0,2525.0,0.0
3125.0,2.0,-1.0,2525.0,0.0
3125.0,2.0,-1.0,2525.0,0.0
3750.0,0.0,-1.0059511397249978,2825.0,0.0
3125.0,2.0,-1.0,2525.0,0.0
3125.0,2.0,-1.0,2525.0,0.0
3750.0,0.0,-1.071720962844838,2825.0,0.0
3450.0,2.0,-0.14593560262578953,2925.0,0.0
3150.0,5.0,-0.2,3150.0,0.0
3125.0,2.0,-1.0,2525.0,0.0
3750.0,0.0,-1.0151302619746136,2825.0,0.0
3450.0,2.0,-0.15934140923509588,2925.0,0.0
3150.0,5.0,-0.2,3150.0,0.0
3125.0,2.0,-1.0,2525.0,0.0
3125.0,2.0,-1.0,2525.0,0.0
3125.0,2.0,-1.0,2525.0,0.0
3125.0,2.0,-1.0,2525.0,0.0
3750.0,0.0,-1.0256284934876334,2825.0,0.0
3125.0,2.0,-1.0,2525.0,0.0
3125.0,2.0,-1.0,2525.0,0.0
3125.0,2.0,-1.0,2525.0,0.0
3125.0,2.0,-1.0,2525.0,0.0
3750.0,0.0,-1.0489929281193544,2825.0,0.0
3450.0,2.0,-0.16600068824898595,2925.0,0.0
3150.0,5.0,-0.2,3150.0,0.0
3125.0,2.0,-1.0,2525.0,0.0
3125.0,2.0,-1.0,2525.0,0.0
3750.0,0.0,-1.0321477357821496,2825.0,0.0
3450.0,2.0,-0.16608773381103348,2925.0,0.0
3550.0,2.0,-1.0,3550.0,0.0
3550.0,2.0,-1.0,3550.0,0.0
3550.0,2.0,-1.0,3550.0,0.0
3150.0,5.0,-0.2,3150.0,0.0
3125.0,2.0,-1.0,2525.0,0.0
3750.0,0.0,-1.048541585449429,2825.0,0.0
3750.0,0.0,-1.0203020323535579,2825.0,0.0
3125.0,2.0,-1.0,2525.0,0.0
3125.0,2.0,-1.0,2525.0,0.0
3750.0,0.0,-1.0169984030629327,2825.0,0.0
3750.0,0.0,-1.0119712651097383,2825.0,0.0
3125.0,2.0,-1.0,2525.0,0.0
3125.0,2.0,-1.0,2525.0,0.0
3750.0,0.0,-1.0355087317578908,2825.0,0.0
3750.0,0.0,-1.0323471631091439,2825.0,0.0
3750.0,0.0,-1.001527543062313,2825.0,0.0
3125.0,2.0,-1.0,2525.0,0.0
3750.0,0.0,-1.0029526469667445,2825.0,0.0
3125.0,2.0,-1.0,2525.0,0.0
3125.0,2.0,-1.0,2525.0,0.0
3125.0,2.0,-1.0,2525.0,0.0
3125.0,2.0,-1.0,2525.0,0.0
3125.0,2.0,-1.0,2525.0,0.0
3750.0,0.0,-1.0228078038110857,2825.0,0.0
3125.0,2.0,-1.0,2525.0,0.0
3125.0,2.0,-1.0,2525.0,0.0
3750.0,0.0,-1.0919353032613273,2825.0,0.0
3125.0,2.0,-1.0,2525.0,0.0
3125.0,2.0,-1.0,2525.0,0.0
3125.0,2.0,-1.0,2525.0,0.0
3750.0,0.0,-1.0120074189038302,2825.0,0.0
3750.0,0.0,-1.0571845093083974,2825.0,0.0
3125.0,2.0,-1.0,2525.0,0.0
3750.0,0.0,-1.0007800852635405,2825.0,0.0
3750.0,0.0,-1.0247962627045062,2825.0,0.0
3125.0,2.0,-1.0,2525.0,0.0
3750.0,0.0,-1.0008379505658145,2825.0,0.0
3750.0,0.0,-1.0237426470243123,2825.0,0.0
3750.0,0.0,-1.0521134421947218,2825.0,0.0
3125.0,2.0,-1.0,2525.0,0.0
3125.0,2.0,-1.0,2525.0,0.0
3750.0,0.0,-1.0288225770691157,2825.0,0.0
3125.0,2.0,-1.0,2525.0,0.0
3750.0,0.0,-1.0190257090577222,2825.0,0.0
3750.0,0.0,-1.0194341054175773,2825.0,0.0
3750.0,0.0,-1.0046413985904954,2825.0,0.0
3125.0,2.0,-1.0,2525.0,0.0
3750.0,0.0,-1.0402561833942607,2825.0,0.0
3750.0,0.0,-1.0130594651714633,2825.0,0.0
3750.0,0.0,-1.028533280997314,2825.0,0.0
3750.0,0.0,-1.0008558694193246,2825.0,0.0
3125.0,2.0,-1.0,2525.0,0.0
3750.0,0.0,-1.0046876468314014,2825.0,0.0
3125.0,2.0,-1.0,2525.0,0.0
3125.0,2.0,-1.0,2525.0,0.0
3750.0,0.0,-1.0257368184264506,2825.0,0.0
3125.0,2.0,-1.0,2525.0,0.0
3125.0,2.0,-1.0,2525.0,0.0
3125.0,2.0,-1.0,2525.0,0.0
3750.0,0.0,-1.0530383096509193,2825.0,0.0
3750.0,0.0,-1.051299852307127,2825.0,0.0
3750.0,0.0,-1.0146095226451655,2825.0,0.0
3750.0,0.0,-1.0109550711217417,2825.0,0.0
3125.0,2.0,-1.0,2525.0,0.0
3750.0,0.0,-1.026774588348068,2825.0,0.0
3750.0,0.0,-1.0455771848524664,2825.0,0.0
3750.0,0.0,-1.0001166516288642,2825.0,0.0
3125.0,2.0,-1.0,2525.0,0.0
3750.0,0.0,-1.0529957431818606,2825.0,0.0
3750.0,0.0,-1.016350270673637,2825.0,0.0
3750.0,0.0,-1.0238858553176688,2825.0,0.0
3125.0,2.0,-1.0,2525.0,0.0
3750.0,0.0,-1.0154068165235999,2825.0,0.0
3750.0,0.0,-1.0965068625263978,2825.0,0.0
3750.0,0.0,-1.0811475244266338,2825.0,0.0
3750.0,0.0,-1.0259138959305871,2825.0,0.0
3750.0,0.0,-1.07423431292229,2825.0,0.0
3750.0,0.0,-1.0235183782205197,2825.0,0.0
3125.0,2.0,-1.0,2525.0,0.0
3125.0,2.0,-1.0,2525.0,0.0
2500.0,4.0,-0.2,2500.0,0.0
