#, task_type_id, size, arrival_time,expected_time_cpu,expected_time_gpu,expected_time_CLOUD,execution_time_cpu,execution_time_gpu,execution_time_CLOUD
1,1,7.0,0.0,2.995,0.203,0.203,2.338,0.326,0.191
2,2,136.0,3.743,6.096,1.129,1.129,5.37,1.311,0.866
3,2,135.0,7.694,6.332,1.429,1.429,5.62,1.197,1.148
4,1,30.0,7.935,2.193,0.191,0.191,2.118,0.341,0.118
5,2,146.0,12.798,6.121,1.174,1.174,6.069,1.275,0.87
6,2,162.0,12.901,6.06,1.292,1.292,6.893,1.319,1.168
7,2,267.0,12.997,6.788,1.04,1.04,6.78,1.044,1.161
8,2,158.0,13.532,6.667,1.317,1.317,6.948,1.397,1.146
9,2,142.0,15.826,5.196,1.194,1.194,7.0,1.044,0.827
10,2,186.0,20.059,6.693,1.452,1.452,5.599,1.007,1.01
11,2,203.0,26.87,6.658,1.219,1.219,5.45,1.058,0.955
12,2,152.0,30.094,6.81,1.5,1.5,5.024,1.223,0.917
13,1,387.0,31.857,1.974,0.162,0.162,2.427,0.319,0.103
14,2,211.0,37.913,5.059,1.024,1.024,6.228,1.298,1.166
15,2,249.0,42.163,5.334,1.103,1.103,6.723,1.195,1.041
16,2,97.0,43.358,5.707,1.424,1.424,6.076,1.035,1.03
17,2,167.0,46.506,5.729,1.311,1.311,5.306,1.299,1.052
18,2,140.0,47.432,6.814,1.044,1.044,6.037,1.306,1.077
19,2,138.0,48.418,6.085,1.249,1.249,5.483,1.044,0.996
20,1,512.0,50.589,1.615,0.395,0.395,2.341,0.13,0.196
21,2,165.0,51.123,5.696,1.411,1.411,5.283,1.219,0.905
22,2,120.0,53.833,5.059,1.306,1.306,6.037,1.323,0.829
23,2,144.0,57.316,6.707,1.048,1.048,5.098,1.128,0.9
24,2,224.0,60.083,5.746,1.164,1.164,6.261,1.007,0.952
25,1,44.0,61.706,2.118,0.433,0.433,1.151,0.106,0.089
26,2,205.0,62.367,6.306,1.185,1.185,5.604,1.472,0.894
27,2,76.0,63.113,6.266,1.476,1.476,6.183,1.349,0.874
28,2,152.0,66.578,5.085,1.135,1.135,6.854,1.067,0.833
29,1,146.0,71.354,2.907,0.131,0.131,1.512,0.409,0.176
30,1,7.0,74.619,1.332,0.29,0.29,1.034,0.473,0.167
31,2,39.0,74.822,6.117,1.495,1.495,5.596,1.249,1.069
32,2,196.0,76.117,6.048,1.429,1.429,5.085,1.28,1.048
33,2,220.0,78.525,5.376,1.022,1.022,6.68,1.093,0.997
34,1,7.0,79.441,1.915,0.244,0.244,1.765,0.118,0.198
35,2,215.0,79.454,5.672,1.013,1.013,6.365,1.378,0.991
36,1,214.0,80.471,2.28,0.348,0.348,2.851,0.385,0.158
37,1,498.0,80.67,2.888,0.38,0.38,1.689,0.475,0.162
38,2,205.0,81.816,6.877,1.198,1.198,5.057,1.026,0.984
39,2,59.0,82.235,5.306,1.486,1.486,5.141,1.108,0.914
40,2,137.0,84.606,6.685,1.44,1.44,5.057,1.276,1.124
41,2,275.0,86.209,5.033,1.5,1.5,6.245,1.166,0.978
42,2,210.0,86.221,6.485,1.11,1.11,5.856,1.151,1.045
43,1,44.0,90.497,2.118,0.476,0.476,1.389,0.325,0.147
44,2,94.0,92.948,5.794,1.284,1.284,5.925,1.437,1.032
45,1,13.0,94.849,2.38,0.135,0.135,1.114,0.188,0.143
46,1,13.0,95.254,2.967,0.2,0.2,1.721,0.142,0.149
47,1,498.0,97.744,2.744,0.244,0.244,1.73,0.39,0.145
48,2,197.0,98.205,5.067,1.277,1.277,5.059,1.495,0.882
49,2,178.0,99.085,6.821,1.49,1.49,6.999,1.165,1.125
50,1,49.0,99.169,2.151,0.264,0.264,1.618,0.452,0.197
51,1,10.0,99.643,1.158,0.175,0.175,2.646,0.467,0.09
52,2,132.0,99.885,5.676,1.165,1.165,5.705,1.248,1.098
53,1,126.0,105.298,1.793,0.462,0.462,1.804,0.454,0.153
54,1,6.0,105.777,1.891,0.446,0.446,1.523,0.198,0.118
55,2,98.0,110.035,5.482,1.442,1.442,6.026,1.12,1.195
56,2,135.0,110.741,5.949,1.053,1.053,6.599,1.278,0.842
57,1,512.0,111.172,1.039,0.49,0.49,2.193,0.286,0.174
58,2,142.0,111.443,6.059,1.18,1.18,5.016,1.292,0.923
59,2,106.0,111.443,5.677,1.2,1.2,6.751,1.366,0.936
60,2,164.0,114.133,6.967,1.175,1.175,6.227,1.46,1.016
61,2,263.0,114.997,5.892,1.468,1.468,6.195,1.008,1.094
62,1,6.0,117.465,1.929,0.346,0.346,1.236,0.282,0.112
63,1,6.0,122.037,1.808,0.427,0.427,1.746,0.217,0.104
64,1,30.0,122.941,1.631,0.157,0.157,1.804,0.233,0.183
65,1,16.0,123.426,2.162,0.389,0.389,1.645,0.466,0.087
66,1,44.0,124.036,2.338,0.161,0.161,2.391,0.227,0.158
67,1,157.0,124.654,2.086,0.102,0.102,2.68,0.407,0.107
68,1,6.0,125.681,1.592,0.301,0.301,1.537,0.129,0.174
69,1,90.0,125.769,1.628,0.115,0.115,1.216,0.445,0.111
70,1,146.0,126.025,2.988,0.421,0.421,1.521,0.366,0.096
71,1,512.0,127.801,1.618,0.316,0.316,2.888,0.181,0.158
72,2,75.0,129.123,5.126,1.138,1.138,5.769,1.12,0.871
73,1,30.0,129.185,1.333,0.24,0.24,2.831,0.155,0.135
74,1,95.0,133.791,1.956,0.358,0.358,2.415,0.189,0.183
75,1,6.0,133.998,2.259,0.364,0.364,1.031,0.226,0.097
76,1,10.0,134.74,2.705,0.284,0.284,2.391,0.192,0.158
77,1,512.0,136.025,2.183,0.354,0.354,1.542,0.329,0.148
78,2,135.0,137.306,6.9,1.313,1.313,6.048,1.325,0.978
79,1,512.0,137.523,1.132,0.258,0.258,2.23,0.498,0.173
80,1,10.0,137.816,2.079,0.39,0.39,1.172,0.425,0.199
81,1,498.0,139.38,1.573,0.468,0.468,1.132,0.267,0.1
82,1,28.0,139.651,2.311,0.141,0.141,2.585,0.456,0.185
83,1,387.0,139.809,1.719,0.172,0.172,1.626,0.134,0.087
84,1,28.0,140.027,2.577,0.13,0.13,1.289,0.49,0.179
85,1,447.0,140.632,2.141,0.343,0.343,1.449,0.173,0.094
86,1,169.0,140.881,1.409,0.456,0.456,2.235,0.315,0.106
87,1,16.0,142.251,1.273,0.18,0.18,2.497,0.445,0.174
88,2,181.0,142.387,6.945,1.203,1.203,5.285,1.333,0.917
89,1,7.0,142.873,2.864,0.262,0.262,2.058,0.254,0.113
90,1,126.0,143.495,1.294,0.327,0.327,2.112,0.192,0.109
91,1,447.0,143.741,2.286,0.287,0.287,1.261,0.327,0.188
92,1,379.0,143.907,1.075,0.408,0.408,2.397,0.275,0.141
93,1,6.0,145.345,1.952,0.341,0.341,1.991,0.337,0.159
94,1,10.0,145.767,1.541,0.254,0.254,1.648,0.479,0.081
95,2,332.0,145.794,5.477,1.162,1.162,6.154,1.12,1.131
96,1,59.0,145.796,2.944,0.477,0.477,2.657,0.253,0.104
97,1,95.0,147.455,1.18,0.419,0.419,2.956,0.489,0.184
98,1,44.0,148.111,2.83,0.439,0.439,2.223,0.488,0.101
99,1,44.0,148.301,1.789,0.34,0.34,1.28,0.118,0.139
100,1,214.0,148.474,2.059,0.102,0.102,1.89,0.122,0.183
101,1,59.0,149.099,2.434,0.325,0.325,1.653,0.403,0.108
102,1,7.0,151.957,2.098,0.357,0.357,1.689,0.281,0.183
103,1,7.0,152.009,2.33,0.287,0.287,1.116,0.452,0.183
104,1,7.0,153.658,2.109,0.463,0.463,2.095,0.226,0.124
105,1,6.0,153.926,1.019,0.324,0.324,2.028,0.235,0.137
106,2,93.0,154.146,5.059,1.35,1.35,5.382,1.359,0.923
107,1,498.0,154.396,2.096,0.233,0.233,1.767,0.418,0.107
108,1,214.0,154.554,2.101,0.191,0.191,2.674,0.287,0.183
109,1,126.0,155.467,2.155,0.366,0.366,2.817,0.273,0.17
110,1,7.0,156.242,1.915,0.385,0.385,1.633,0.369,0.174
111,1,214.0,156.774,1.808,0.314,0.314,2.818,0.452,0.141
112,1,379.0,157.695,1.079,0.309,0.309,1.011,0.381,0.129
113,1,169.0,158.667,1.556,0.22,0.22,1.631,0.204,0.136
114,1,169.0,159.147,1.368,0.463,0.463,1.409,0.277,0.127
115,1,7.0,159.808,1.457,0.173,0.173,2.089,0.306,0.17
116,1,13.0,160.214,2.087,0.412,0.412,1.193,0.443,0.185
117,2,204.0,161.014,6.727,1.188,1.188,6.173,1.424,1.014
118,2,170.0,161.546,6.703,1.387,1.387,6.846,1.01,0.845
119,1,44.0,161.897,2.665,0.227,0.227,2.483,0.331,0.168
120,1,120.0,162.917,1.249,0.48,0.48,2.174,0.317,0.162
121,1,559.0,163.366,2.211,0.39,0.39,2.988,0.346,0.094
122,1,13.0,165.077,1.661,0.484,0.484,1.467,0.416,0.124
123,1,169.0,165.538,2.155,0.153,0.153,1.228,0.367,0.186
124,2,163.0,165.681,6.894,1.185,1.185,6.033,1.362,0.858
125,1,7.0,166.495,2.857,0.414,0.414,2.555,0.326,0.171
126,1,44.0,167.758,1.834,0.376,0.376,2.718,0.48,0.179
127,1,6.0,171.793,2.581,0.14,0.14,1.158,0.181,0.168
128,1,120.0,171.919,2.095,0.379,0.379,2.672,0.144,0.159
129,1,6.0,172.006,2.157,0.117,0.117,2.66,0.171,0.142
130,1,169.0,172.226,1.235,0.434,0.434,1.29,0.173,0.162
131,2,117.0,174.338,6.494,1.114,1.114,5.693,1.151,0.948
132,1,95.0,174.65,1.917,0.118,0.118,1.648,0.192,0.141
133,2,104.0,175.137,5.619,1.37,1.37,5.151,1.274,0.822
134,1,146.0,175.458,2.118,0.281,0.281,1.592,0.417,0.196
135,1,512.0,175.585,1.928,0.481,0.481,1.26,0.143,0.147
136,1,6.0,175.698,2.712,0.416,0.416,1.872,0.317,0.13
137,1,7.0,176.543,2.713,0.211,0.211,1.568,0.211,0.159
138,2,163.0,177.851,6.727,1.231,1.231,5.721,1.315,0.978
139,1,10.0,180.595,2.686,0.45,0.45,2.473,0.306,0.186
140,1,7.0,181.02,1.332,0.174,0.174,1.093,0.467,0.139
141,2,90.0,181.232,5.766,1.093,1.093,6.751,1.276,1.12
142,2,168.0,182.335,6.171,1.133,1.133,5.091,1.092,1.118
143,1,157.0,182.344,2.868,0.438,0.438,2.114,0.233,0.15
144,1,28.0,182.669,1.666,0.162,0.162,1.448,0.308,0.132
145,1,379.0,182.797,1.956,0.429,0.429,1.839,0.256,0.088
146,1,6.0,183.697,1.653,0.407,0.407,2.799,0.161,0.086
147,1,90.0,183.786,1.618,0.49,0.49,1.771,0.382,0.081
148,2,150.0,184.386,5.302,1.241,1.241,6.457,1.451,1.111
149,1,49.0,184.842,1.253,0.15,0.15,2.868,0.471,0.109
150,1,13.0,185.566,1.612,0.47,0.47,1.116,0.451,0.108
151,1,559.0,185.905,2.897,0.264,0.264,2.6,0.487,0.142
152,2,184.0,186.029,6.421,1.304,1.304,6.056,1.303,1.014
153,1,49.0,186.289,1.351,0.348,0.348,2.975,0.232,0.14
154,2,162.0,187.188,5.057,1.303,1.303,5.144,1.275,1.06
155,1,13.0,187.217,2.415,0.315,0.315,2.092,0.37,0.095
156,1,498.0,187.786,2.338,0.471,0.471,1.353,0.405,0.125
157,2,135.0,187.985,5.772,1.301,1.301,6.949,1.473,1.172
158,1,447.0,188.499,2.043,0.446,0.446,1.655,0.284,0.14
159,1,7.0,188.726,2.607,0.366,0.366,1.093,0.182,0.198
160,2,191.0,188.828,5.358,1.461,1.461,5.157,1.322,0.826
161,1,7.0,189.695,1.551,0.338,0.338,2.705,0.426,0.178
162,2,53.0,189.817,6.061,1.397,1.397,5.091,1.146,1.093
163,1,6.0,190.012,2.696,0.185,0.185,1.078,0.41,0.143
164,1,126.0,190.515,1.387,0.189,0.189,2.999,0.448,0.16
165,1,95.0,190.658,1.397,0.209,0.209,1.93,0.44,0.173
166,1,44.0,191.885,2.526,0.384,0.384,1.958,0.342,0.169
167,1,126.0,191.99,1.368,0.238,0.238,2.587,0.176,0.172
168,1,30.0,192.026,2.214,0.217,0.217,1.014,0.135,0.131
169,1,59.0,192.053,1.645,0.13,0.13,2.022,0.13,0.177
170,1,169.0,192.244,2.503,0.307,0.307,2.744,0.384,0.106
171,1,28.0,192.941,1.835,0.185,0.185,1.439,0.245,0.085
172,1,6.0,193.163,2.058,0.437,0.437,2.78,0.307,0.091
173,1,559.0,193.268,1.286,0.203,0.203,2.658,0.228,0.165
174,1,447.0,193.424,1.671,0.304,0.304,2.149,0.136,0.164
175,1,103.0,194.456,2.531,0.407,0.407,1.449,0.281,0.118
176,1,44.0,194.955,1.689,0.118,0.118,2.751,0.292,0.094
177,1,559.0,196.943,1.224,0.472,0.472,1.323,0.22,0.142
178,1,6.0,197.22,1.775,0.301,0.301,1.238,0.347,0.133
179,1,157.0,197.353,2.986,0.284,0.284,3.0,0.195,0.117
180,1,16.0,198.375,2.321,0.213,0.213,1.889,0.384,0.137
181,2,160.0,198.6,6.547,1.467,1.467,6.94,1.064,1.054
182,2,100.0,199.553,6.727,1.423,1.423,5.794,1.127,1.046
183,1,447.0,199.77,2.97,0.3,0.3,2.632,0.284,0.186
184,1,447.0,199.916,1.752,0.327,0.327,1.204,0.181,0.129
185,1,103.0,199.941,2.381,0.315,0.315,2.381,0.392,0.086
186,1,10.0,200.24,1.985,0.255,0.255,2.383,0.27,0.159
187,2,271.0,200.965,5.373,1.104,1.104,6.882,1.307,0.902
188,1,7.0,201.393,2.585,0.178,0.178,1.63,0.355,0.184
189,1,6.0,201.677,2.311,0.304,0.304,2.176,0.44,0.102
190,1,157.0,201.97,1.134,0.31,0.31,2.023,0.164,0.087
191,1,7.0,202.532,2.223,0.18,0.18,2.526,0.353,0.127
192,2,253.0,204.077,5.208,1.082,1.082,6.085,1.261,1.011
193,1,559.0,204.183,1.779,0.219,0.219,1.202,0.287,0.182
194,1,169.0,204.491,2.222,0.304,0.304,2.911,0.189,0.106
195,2,60.0,205.135,6.074,1.426,1.426,6.564,1.11,1.182
196,1,95.0,205.461,1.651,0.364,0.364,2.052,0.386,0.11
197,1,7.0,205.694,1.582,0.385,0.385,1.958,0.473,0.188
198,1,387.0,205.956,1.031,0.129,0.129,2.492,0.347,0.087
199,1,44.0,206.559,2.24,0.22,0.22,2.718,0.361,0.124
200,2,275.0,206.727,5.062,1.197,1.197,6.561,1.187,1.163
201,1,103.0,207.072,2.289,0.481,0.481,1.648,0.437,0.186
202,1,13.0,207.602,2.721,0.248,0.248,1.32,0.391,0.091
203,1,95.0,207.644,2.983,0.254,0.254,2.013,0.457,0.183
204,1,512.0,208.84,1.026,0.306,0.306,1.633,0.394,0.17
205,2,178.0,209.11,6.883,1.334,1.334,6.146,1.306,1.08
206,1,6.0,209.496,2.91,0.164,0.164,1.568,0.469,0.157
207,1,214.0,209.707,1.28,0.278,0.278,2.674,0.256,0.087
208,2,196.0,210.831,5.735,1.04,1.04,6.245,1.409,1.096
209,1,559.0,210.841,2.815,0.469,0.469,1.038,0.184,0.176
210,1,7.0,211.125,1.628,0.464,0.464,2.97,0.452,0.102
211,1,6.0,211.315,2.317,0.476,0.476,2.142,0.295,0.163
212,1,169.0,211.531,1.134,0.329,0.329,2.535,0.403,0.192
213,1,16.0,211.646,1.031,0.284,0.284,1.927,0.175,0.11
214,1,379.0,211.936,2.564,0.253,0.253,1.35,0.326,0.159
215,1,44.0,212.317,2.348,0.24,0.24,1.844,0.185,0.093
216,1,559.0,212.345,1.814,0.429,0.429,1.596,0.494,0.184
217,1,90.0,212.389,1.8,0.252,0.252,2.868,0.415,0.19
218,1,146.0,212.676,1.617,0.442,0.442,1.431,0.184,0.15
219,1,498.0,213.287,2.657,0.369,0.369,1.89,0.258,0.091
220,2,216.0,215.197,6.033,1.461,1.461,5.997,1.172,0.97
221,1,169.0,215.218,1.133,0.438,0.438,1.332,0.18,0.161
222,1,169.0,215.614,2.67,0.457,0.457,1.668,0.434,0.186
223,1,16.0,215.902,1.213,0.131,0.131,1.236,0.357,0.163
224,1,126.0,215.972,2.011,0.316,0.316,1.118,0.2,0.186
225,1,16.0,216.055,1.746,0.217,0.217,1.571,0.278,0.152
226,1,90.0,216.292,1.449,0.301,0.301,1.957,0.197,0.143
227,2,152.0,216.464,6.568,1.143,1.143,5.265,1.068,0.835
228,1,90.0,216.492,1.615,0.429,0.429,2.176,0.282,0.194
229,2,146.0,216.866,5.969,1.096,1.096,6.668,1.476,1.04
230,1,7.0,216.893,2.584,0.472,0.472,2.615,0.256,0.092
231,1,13.0,217.014,2.303,0.24,0.24,2.907,0.455,0.114
232,1,559.0,217.191,1.584,0.281,0.281,1.35,0.228,0.117
233,2,198.0,217.387,5.387,1.093,1.093,5.616,1.178,1.112
234,2,257.0,218.007,6.841,1.152,1.152,6.893,1.01,1.112
235,1,559.0,218.819,2.497,0.316,0.316,2.744,0.416,0.152
236,2,133.0,219.487,6.58,1.438,1.438,6.34,1.063,0.846
237,1,120.0,219.559,1.467,0.282,0.282,2.735,0.338,0.102
238,1,44.0,219.803,1.323,0.486,0.486,2.787,0.385,0.15
239,1,157.0,220.237,1.22,0.306,0.306,2.095,0.209,0.163
240,1,44.0,220.535,1.374,0.452,0.452,2.222,0.454,0.128
241,1,559.0,220.581,2.943,0.281,0.281,2.485,0.428,0.15
242,1,379.0,220.599,2.944,0.256,0.256,1.353,0.46,0.194
243,1,59.0,220.733,2.801,0.368,0.368,1.151,0.214,0.162
244,1,6.0,221.226,2.112,0.359,0.359,2.878,0.379,0.113
245,2,125.0,221.275,5.139,1.14,1.14,5.387,1.286,0.857
246,1,103.0,221.584,2.3,0.106,0.106,1.151,0.164,0.182
247,1,7.0,222.062,2.152,0.132,0.132,2.485,0.315,0.11
248,1,44.0,223.486,2.179,0.238,0.238,2.785,0.197,0.151
249,1,6.0,223.826,2.067,0.462,0.462,2.029,0.331,0.199
250,1,90.0,223.94,1.521,0.217,0.217,1.368,0.15,0.146
251,1,126.0,224.428,1.162,0.443,0.443,1.805,0.483,0.104
252,1,559.0,224.5,2.33,0.253,0.253,2.822,0.112,0.157
253,1,7.0,224.662,1.852,0.132,0.132,1.054,0.419,0.087
254,1,10.0,225.677,1.595,0.158,0.158,1.863,0.467,0.145
255,1,10.0,225.776,1.631,0.254,0.254,1.408,0.357,0.082
256,1,7.0,226.114,2.067,0.473,0.473,1.054,0.15,0.161
257,1,559.0,226.401,2.034,0.498,0.498,2.721,0.398,0.173
258,1,379.0,226.534,2.151,0.121,0.121,2.756,0.142,0.159
259,1,59.0,226.566,1.611,0.173,0.173,2.12,0.115,0.193
260,2,258.0,226.634,5.693,1.047,1.047,6.483,1.214,1.116
261,1,387.0,227.044,1.388,0.415,0.415,1.171,0.185,0.104
262,1,90.0,227.157,1.016,0.114,0.114,1.535,0.114,0.084
263,1,59.0,227.233,1.318,0.407,0.407,2.162,0.395,0.161
264,1,447.0,227.619,1.383,0.44,0.44,2.437,0.248,0.159
265,2,302.0,228.101,5.079,1.108,1.108,6.237,1.154,0.841
266,1,447.0,228.226,1.992,0.491,0.491,1.23,0.284,0.127
267,2,138.0,228.233,6.927,1.416,1.416,5.159,1.133,0.856
268,1,16.0,228.359,1.109,0.403,0.403,2.156,0.44,0.17
269,1,169.0,229.123,2.898,0.362,0.362,1.554,0.447,0.113
270,1,7.0,229.671,2.266,0.465,0.465,2.129,0.287,0.152
271,1,559.0,229.795,2.218,0.138,0.138,2.97,0.396,0.195
272,1,120.0,229.85,2.259,0.266,0.266,2.324,0.145,0.14
273,1,49.0,229.987,1.35,0.175,0.175,1.18,0.382,0.192
274,1,146.0,230.103,2.142,0.417,0.417,2.801,0.39,0.104
275,2,127.0,230.455,6.501,1.384,1.384,5.276,1.353,1.029
276,1,44.0,230.536,1.573,0.107,0.107,2.465,0.203,0.159
277,1,126.0,230.562,1.251,0.482,0.482,2.476,0.152,0.164
278,1,146.0,231.152,1.739,0.318,0.318,1.211,0.467,0.11
279,1,6.0,232.193,2.075,0.38,0.38,2.994,0.24,0.154
280,1,498.0,232.225,1.46,0.232,0.232,2.926,0.295,0.15
281,1,90.0,232.825,2.286,0.499,0.499,2.908,0.107,0.109
282,1,447.0,232.928,1.537,0.37,0.37,2.926,0.31,0.096
283,1,447.0,233.108,2.686,0.256,0.256,2.485,0.396,0.18
284,1,7.0,233.355,1.835,0.295,0.295,1.567,0.132,0.137
285,1,157.0,233.488,1.601,0.383,0.383,1.383,0.326,0.151
286,1,44.0,234.548,2.744,0.191,0.191,2.079,0.366,0.142
287,1,13.0,234.683,1.542,0.131,0.131,2.058,0.311,0.158
288,1,157.0,235.033,2.792,0.45,0.45,1.829,0.369,0.091
289,2,203.0,235.103,6.847,1.077,1.077,6.278,1.201,1.055
290,1,103.0,235.174,2.341,0.381,0.381,2.999,0.331,0.091
291,1,447.0,235.789,2.607,0.306,0.306,1.162,0.483,0.128
292,1,379.0,236.117,2.084,0.186,0.186,1.289,0.121,0.153
293,1,169.0,236.806,2.31,0.313,0.313,1.041,0.419,0.198
294,1,512.0,237.028,1.422,0.441,0.441,2.033,0.27,0.145
295,1,559.0,237.318,2.087,0.307,0.307,2.32,0.314,0.129
296,1,49.0,237.406,1.821,0.266,0.266,2.38,0.27,0.085
297,1,120.0,238.193,1.097,0.106,0.106,1.232,0.255,0.091
298,1,95.0,238.403,2.775,0.357,0.357,1.164,0.228,0.195
299,2,112.0,238.489,5.265,1.483,1.483,6.45,1.082,1.076
300,1,95.0,240.089,2.0,0.487,0.487,2.898,0.409,0.142
301,1,95.0,240.358,1.22,0.39,0.39,1.858,0.315,0.098
302,1,498.0,240.388,2.202,0.158,0.158,2.287,0.473,0.185
303,1,157.0,240.626,1.927,0.199,0.199,1.68,0.466,0.192
304,2,114.0,240.925,5.155,1.301,1.301,5.738,1.215,0.988
305,1,126.0,241.139,1.358,0.383,0.383,1.074,0.272,0.193
306,1,10.0,241.607,2.084,0.456,0.456,2.583,0.319,0.199
307,1,120.0,242.503,1.32,0.102,0.102,2.658,0.281,0.188
308,1,126.0,242.531,1.985,0.254,0.254,2.228,0.37,0.105
309,1,13.0,242.78,1.412,0.279,0.279,2.818,0.169,0.161
310,1,214.0,242.948,1.075,0.446,0.446,1.935,0.146,0.155
311,1,146.0,243.241,1.521,0.11,0.11,1.752,0.362,0.117
312,1,28.0,243.289,2.864,0.253,0.253,1.253,0.343,0.14
313,1,126.0,243.379,2.607,0.228,0.228,2.687,0.482,0.103
314,1,44.0,243.566,1.026,0.158,0.158,2.174,0.11,0.132
315,1,7.0,243.87,2.473,0.331,0.331,1.301,0.145,0.139
316,1,126.0,244.218,2.911,0.495,0.495,2.877,0.382,0.156
317,2,228.0,244.375,5.901,1.091,1.091,5.147,1.38,1.081
318,1,103.0,244.484,2.13,0.281,0.281,1.275,0.48,0.151
319,2,130.0,244.593,6.752,1.2,1.2,6.281,1.421,1.034
320,1,44.0,245.109,1.4,0.41,0.41,2.401,0.357,0.091
321,1,95.0,245.303,2.863,0.115,0.115,2.563,0.203,0.091
322,1,169.0,246.328,1.92,0.289,0.289,1.79,0.451,0.2
323,1,379.0,246.665,2.744,0.324,0.324,2.437,0.432,0.107
324,1,28.0,246.729,1.114,0.403,0.403,1.162,0.445,0.14
325,1,59.0,247.073,2.751,0.239,0.239,2.718,0.306,0.128
326,1,30.0,248.261,1.368,0.454,0.454,1.739,0.181,0.099
327,1,120.0,248.519,2.431,0.129,0.129,2.927,0.145,0.154
328,1,90.0,249.029,2.706,0.136,0.136,2.743,0.468,0.127
329,1,7.0,249.566,2.013,0.217,0.217,2.979,0.234,0.153
330,1,387.0,249.652,2.114,0.292,0.292,2.148,0.457,0.146
331,1,512.0,249.682,1.405,0.3,0.3,1.892,0.36,0.149
332,1,498.0,250.018,1.596,0.366,0.366,1.981,0.382,0.117
333,1,512.0,250.977,1.335,0.341,0.341,2.658,0.217,0.113
334,1,157.0,251.012,1.573,0.349,0.349,2.767,0.286,0.161
335,1,7.0,251.58,2.042,0.222,0.222,2.096,0.258,0.088
336,1,44.0,251.662,2.386,0.37,0.37,1.392,0.459,0.125
337,1,90.0,251.71,1.258,0.23,0.23,1.368,0.349,0.11
338,1,559.0,251.869,1.084,0.306,0.306,1.238,0.135,0.183
339,1,169.0,252.267,2.584,0.18,0.18,2.341,0.472,0.176
340,1,28.0,252.469,1.439,0.173,0.173,2.399,0.365,0.153
341,1,214.0,252.584,1.63,0.486,0.486,1.392,0.327,0.081
342,1,387.0,253.584,2.338,0.109,0.109,1.235,0.281,0.166
343,1,95.0,253.985,2.835,0.191,0.191,2.079,0.392,0.091
344,1,120.0,253.999,2.581,0.329,0.329,2.823,0.201,0.091
345,1,7.0,254.778,1.974,0.385,0.385,1.849,0.33,0.084
346,1,28.0,254.782,1.601,0.352,0.352,1.157,0.205,0.128
347,1,90.0,254.84,2.079,0.197,0.197,2.637,0.113,0.088
348,1,7.0,254.89,1.385,0.376,0.376,1.674,0.466,0.196
349,2,98.0,255.468,5.123,1.439,1.439,5.889,1.099,0.938
350,1,157.0,256.129,1.236,0.188,0.188,1.42,0.26,0.146
351,1,120.0,256.558,2.738,0.109,0.109,1.689,0.318,0.137
352,2,237.0,257.291,6.927,1.127,1.127,6.194,1.234,1.031
353,1,95.0,257.48,1.289,0.317,0.317,2.183,0.268,0.094
354,1,120.0,258.075,1.592,0.189,0.189,1.651,0.252,0.184
355,2,148.0,258.088,6.718,1.172,1.172,5.627,1.315,1.121
356,1,6.0,258.171,2.678,0.442,0.442,2.142,0.327,0.163
357,1,49.0,258.275,1.835,0.452,0.452,2.731,0.158,0.164
358,1,387.0,258.627,2.049,0.38,0.38,2.1,0.324,0.158
359,1,90.0,258.747,1.235,0.359,0.359,1.548,0.337,0.191
360,1,387.0,258.986,1.134,0.312,0.312,1.445,0.304,0.122
361,1,16.0,259.245,1.168,0.37,0.37,2.326,0.269,0.146
362,1,447.0,259.702,1.857,0.172,0.172,1.031,0.109,0.093
363,1,49.0,259.915,1.273,0.141,0.141,2.732,0.341,0.149
364,1,90.0,259.934,1.134,0.483,0.483,2.822,0.463,0.142
365,1,7.0,260.0,1.253,0.452,0.452,2.037,0.166,0.185
366,1,95.0,260.22,2.817,0.424,0.424,2.206,0.284,0.094
367,1,512.0,260.303,2.564,0.346,0.346,1.096,0.34,0.178
368,2,67.0,260.317,5.386,1.44,1.44,6.061,1.04,0.816
369,1,447.0,260.453,2.092,0.23,0.23,2.779,0.288,0.129
370,1,498.0,260.543,2.052,0.275,0.275,1.054,0.281,0.119
371,1,120.0,260.597,2.084,0.287,0.287,2.83,0.184,0.135
372,2,92.0,261.616,5.428,1.246,1.246,5.198,1.483,1.1
373,1,146.0,261.691,2.074,0.363,0.363,1.874,0.46,0.142
374,1,49.0,263.026,1.641,0.301,0.301,1.116,0.157,0.199
375,1,7.0,263.442,2.689,0.466,0.466,2.908,0.452,0.165
376,1,7.0,263.509,2.827,0.114,0.114,2.286,0.37,0.139
377,1,7.0,263.735,1.019,0.392,0.392,2.476,0.315,0.082
378,1,13.0,263.949,2.114,0.318,0.318,1.38,0.472,0.094
379,1,6.0,264.153,2.172,0.45,0.45,1.991,0.425,0.084
380,1,90.0,264.278,2.313,0.217,0.217,1.079,0.398,0.2
381,1,157.0,264.375,1.445,0.395,0.395,2.325,0.307,0.093
382,1,498.0,265.15,1.405,0.377,0.377,1.719,0.477,0.088
383,2,83.0,265.182,5.875,1.467,1.467,5.817,1.353,1.069
384,1,59.0,265.23,1.147,0.326,0.326,1.46,0.416,0.104
385,1,7.0,265.968,1.321,0.348,0.348,1.4,0.152,0.188
386,1,30.0,266.41,2.118,0.388,0.388,2.185,0.15,0.151
387,1,30.0,266.44,2.278,0.442,0.442,1.918,0.175,0.151
388,1,44.0,266.444,1.211,0.211,0.211,2.172,0.252,0.182
389,1,95.0,266.489,2.096,0.275,0.275,1.215,0.492,0.14
390,1,49.0,267.668,2.086,0.445,0.445,2.037,0.145,0.117
391,1,44.0,267.86,2.206,0.384,0.384,1.161,0.307,0.13
392,1,49.0,268.589,2.341,0.273,0.273,1.763,0.469,0.142
393,1,214.0,268.66,1.23,0.306,0.306,1.655,0.239,0.126
394,1,90.0,268.702,2.052,0.168,0.168,1.171,0.284,0.117
395,1,387.0,268.773,2.172,0.437,0.437,2.112,0.33,0.143
396,1,59.0,269.452,2.331,0.311,0.311,1.871,0.306,0.143
397,1,559.0,269.49,1.448,0.107,0.107,2.011,0.364,0.157
398,1,126.0,269.771,1.289,0.233,0.233,2.496,0.454,0.159
399,1,7.0,269.854,2.079,0.136,0.136,2.027,0.206,0.184
400,1,30.0,269.919,2.311,0.265,0.265,2.464,0.446,0.103
401,1,498.0,270.016,1.991,0.143,0.143,2.199,0.121,0.155
402,1,498.0,270.188,1.238,0.295,0.295,2.37,0.37,0.191
403,1,7.0,270.449,1.491,0.13,0.13,1.679,0.113,0.119
404,1,7.0,270.67,2.691,0.228,0.228,2.112,0.184,0.146
405,2,269.0,270.815,6.879,1.374,1.374,6.204,1.13,0.914
406,2,150.0,270.957,6.216,1.053,1.053,6.08,1.451,1.074
407,1,59.0,271.761,1.794,0.323,0.323,2.277,0.335,0.149
408,1,157.0,271.88,1.35,0.354,0.354,1.655,0.267,0.126
409,1,7.0,271.976,2.788,0.407,0.407,2.441,0.224,0.172
410,1,30.0,272.156,2.358,0.314,0.314,1.979,0.492,0.177
411,1,157.0,272.598,2.485,0.161,0.161,1.796,0.228,0.151
412,1,44.0,273.496,2.028,0.15,0.15,1.296,0.275,0.129
413,1,95.0,273.747,1.136,0.377,0.377,2.583,0.464,0.098
414,1,7.0,274.031,1.134,0.175,0.175,1.5,0.228,0.081
415,1,7.0,274.173,1.168,0.436,0.436,2.34,0.353,0.15
416,1,498.0,274.277,2.753,0.357,0.357,1.548,0.25,0.177
417,1,95.0,274.465,2.262,0.367,0.367,1.769,0.498,0.158
418,1,49.0,274.779,2.993,0.469,0.469,2.869,0.438,0.121
419,1,157.0,274.878,2.142,0.481,0.481,2.806,0.254,0.132
420,1,157.0,275.863,1.721,0.273,0.273,2.818,0.244,0.115
421,2,97.0,275.891,5.922,1.274,1.274,5.387,1.379,1.169
422,2,145.0,276.153,5.382,1.103,1.103,5.054,1.044,1.147
423,1,6.0,276.701,1.154,0.203,0.203,2.067,0.326,0.146
424,1,126.0,276.874,2.667,0.471,0.471,1.841,0.2,0.189
425,1,7.0,277.261,1.635,0.457,0.457,2.083,0.227,0.145
426,1,49.0,277.471,2.738,0.157,0.157,1.835,0.443,0.137
427,1,28.0,277.708,1.752,0.459,0.459,2.555,0.191,0.085
428,1,379.0,278.147,1.23,0.458,0.458,1.844,0.198,0.087
429,2,109.0,278.977,5.743,1.102,1.102,5.917,1.04,1.033
430,1,512.0,278.983,2.265,0.281,0.281,1.671,0.455,0.102
431,1,30.0,279.255,1.186,0.121,0.121,2.822,0.449,0.188
432,1,157.0,279.423,1.617,0.233,0.233,2.407,0.458,0.11
433,2,120.0,280.065,6.827,1.212,1.212,5.373,1.044,0.82
434,2,172.0,280.283,6.685,1.123,1.123,6.268,1.181,0.94
435,1,13.0,280.534,1.499,0.475,0.475,2.534,0.356,0.113
436,1,387.0,281.022,1.814,0.172,0.172,2.359,0.326,0.087
437,1,95.0,281.197,1.094,0.198,0.198,1.427,0.345,0.103
438,2,168.0,281.297,5.451,1.138,1.138,5.801,1.355,0.923
439,2,70.0,281.696,5.735,1.081,1.081,6.53,1.186,0.943
440,1,90.0,282.074,2.311,0.419,0.419,1.256,0.334,0.11
441,1,6.0,282.197,1.352,0.473,0.473,2.585,0.132,0.161
442,1,49.0,282.211,2.983,0.392,0.392,2.611,0.488,0.141
443,1,169.0,282.459,2.083,0.381,0.381,1.805,0.12,0.197
444,1,30.0,282.942,1.136,0.201,0.201,1.521,0.255,0.152
445,1,28.0,282.943,1.013,0.455,0.455,1.464,0.132,0.101
446,1,16.0,283.255,1.573,0.197,0.197,2.436,0.177,0.174
447,1,7.0,283.559,1.582,0.114,0.114,1.261,0.462,0.128
448,1,512.0,284.34,1.998,0.18,0.18,1.83,0.239,0.196
449,1,103.0,284.675,1.339,0.211,0.211,1.323,0.191,0.161
450,1,7.0,285.402,1.151,0.378,0.378,2.868,0.462,0.101
451,1,7.0,286.741,2.419,0.498,0.498,2.391,0.282,0.159
452,1,126.0,287.168,1.114,0.266,0.266,2.975,0.436,0.104
453,1,498.0,287.479,1.853,0.313,0.313,1.633,0.178,0.13
454,1,10.0,287.554,1.397,0.387,0.387,2.897,0.46,0.123
455,1,16.0,287.981,1.457,0.357,0.357,2.118,0.444,0.162
456,1,44.0,288.158,1.7,0.454,0.454,1.728,0.194,0.141
457,1,59.0,288.596,2.621,0.476,0.476,2.619,0.186,0.19
458,1,44.0,288.747,2.489,0.336,0.336,2.222,0.206,0.091
459,1,16.0,289.184,2.907,0.143,0.143,2.034,0.454,0.176
460,1,146.0,289.435,1.568,0.39,0.39,2.151,0.364,0.159
461,1,512.0,289.566,2.68,0.344,0.344,2.011,0.419,0.13
462,1,559.0,289.684,2.962,0.348,0.348,2.324,0.349,0.172
463,1,512.0,289.786,1.132,0.284,0.284,2.286,0.317,0.151
464,2,240.0,289.968,5.285,1.072,1.072,5.075,1.153,1.099
465,1,559.0,289.98,2.1,0.138,0.138,2.138,0.158,0.158
466,1,6.0,290.064,1.697,0.479,0.479,2.998,0.183,0.151
467,1,120.0,290.119,1.927,0.166,0.166,2.657,0.48,0.132
468,1,157.0,290.217,1.196,0.467,0.467,2.585,0.324,0.165
469,1,103.0,290.507,1.016,0.109,0.109,1.822,0.131,0.151
470,1,7.0,290.897,2.835,0.13,0.13,1.236,0.257,0.151
471,1,146.0,291.186,1.42,0.307,0.307,1.928,0.462,0.125
472,1,157.0,291.212,2.28,0.324,0.324,1.132,0.144,0.117
473,1,157.0,291.266,1.842,0.135,0.135,2.828,0.167,0.186
474,1,169.0,291.268,1.339,0.379,0.379,2.471,0.107,0.146
475,2,314.0,291.269,5.487,1.412,1.412,5.541,1.135,0.999
476,1,7.0,291.526,2.431,0.222,0.222,2.852,0.368,0.186
477,1,214.0,292.048,2.096,0.346,0.346,2.587,0.376,0.089
478,1,59.0,292.143,2.97,0.468,0.468,2.805,0.282,0.112
479,1,90.0,292.326,1.116,0.106,0.106,1.863,0.326,0.184
480,1,16.0,292.511,2.514,0.179,0.179,2.027,0.279,0.103
481,1,7.0,292.528,2.892,0.268,0.268,2.56,0.277,0.199
482,1,498.0,293.268,1.62,0.189,0.189,2.712,0.21,0.182
483,1,146.0,293.278,2.28,0.45,0.45,1.405,0.253,0.127
484,1,6.0,293.317,1.92,0.324,0.324,1.114,0.389,0.087
485,1,214.0,293.427,2.098,0.237,0.237,1.605,0.232,0.196
486,1,6.0,293.794,2.439,0.384,0.384,1.635,0.189,0.139
487,1,214.0,293.821,2.163,0.129,0.129,1.661,0.455,0.176
488,1,512.0,293.921,2.058,0.184,0.184,1.024,0.176,0.111
489,1,28.0,294.03,2.511,0.464,0.464,2.152,0.356,0.132
490,1,103.0,294.369,1.409,0.389,0.389,1.938,0.409,0.106
491,1,30.0,294.541,1.039,0.211,0.211,1.165,0.121,0.165
492,1,6.0,294.992,1.52,0.118,0.118,2.742,0.276,0.136
493,1,120.0,295.158,1.014,0.198,0.198,1.016,0.18,0.132
494,1,169.0,295.964,2.561,0.363,0.363,2.067,0.473,0.132
495,2,239.0,296.086,5.181,1.277,1.277,5.664,1.293,0.878
496,1,16.0,296.362,1.467,0.145,0.145,2.434,0.201,0.142
497,2,128.0,296.833,5.436,1.053,1.053,6.549,1.053,1.129
498,1,10.0,296.839,2.594,0.173,0.173,2.465,0.327,0.196
499,1,95.0,297.186,2.776,0.328,0.328,1.913,0.448,0.086
500,1,95.0,297.328,1.861,0.13,0.13,1.182,0.495,0.18
501,1,30.0,297.486,2.884,0.255,0.255,1.709,0.278,0.142
502,1,13.0,297.541,1.412,0.455,0.455,2.281,0.332,0.176
503,1,120.0,297.631,2.228,0.13,0.13,2.27,0.381,0.11
504,1,30.0,297.807,2.7,0.317,0.317,1.333,0.135,0.184
505,1,146.0,298.447,2.139,0.415,0.415,2.311,0.446,0.11
506,1,13.0,298.588,1.19,0.184,0.184,1.445,0.11,0.098
507,1,169.0,298.866,2.387,0.489,0.489,2.828,0.307,0.136
508,1,95.0,298.981,1.041,0.361,0.361,1.172,0.136,0.17
509,1,559.0,299.023,1.493,0.376,0.376,1.824,0.424,0.156
510,1,30.0,299.127,2.726,0.13,0.13,2.098,0.355,0.197
511,1,59.0,299.972,2.325,0.376,0.376,1.556,0.492,0.19
512,2,147.0,300.039,5.769,1.363,1.363,6.09,1.128,1.182
513,1,559.0,300.159,2.235,0.403,0.403,2.183,0.363,0.127
514,1,28.0,301.686,1.258,0.282,0.282,1.763,0.192,0.157
515,1,13.0,302.267,2.183,0.18,0.18,2.756,0.192,0.194
516,1,559.0,302.476,1.923,0.427,0.427,1.374,0.366,0.197
517,1,28.0,302.549,2.908,0.218,0.218,1.163,0.454,0.165
518,1,6.0,302.57,1.171,0.443,0.443,2.458,0.114,0.172
519,1,7.0,302.691,2.762,0.252,0.252,1.485,0.327,0.135
520,1,7.0,303.107,2.275,0.466,0.466,2.631,0.203,0.164
521,1,214.0,303.11,2.674,0.498,0.498,1.671,0.113,0.195
522,1,44.0,303.313,1.157,0.281,0.281,2.989,0.18,0.167
523,1,146.0,303.978,2.033,0.467,0.467,2.994,0.126,0.135
524,1,6.0,304.489,1.265,0.184,0.184,2.488,0.275,0.156
525,1,379.0,304.826,2.436,0.348,0.348,1.562,0.139,0.169
526,1,59.0,304.936,2.168,0.194,0.194,1.368,0.284,0.118
527,1,103.0,305.28,1.562,0.189,0.189,1.333,0.335,0.176
528,2,147.0,305.309,6.672,1.093,1.093,7.0,1.12,0.906
529,1,512.0,305.569,2.475,0.269,0.269,2.684,0.356,0.096
530,1,90.0,305.722,2.587,0.263,0.263,2.415,0.135,0.107
531,1,126.0,305.819,2.409,0.171,0.171,2.107,0.457,0.188
532,1,13.0,306.338,1.136,0.46,0.46,1.769,0.269,0.17
533,1,498.0,306.478,1.839,0.439,0.439,1.171,0.349,0.138
534,1,387.0,306.611,2.973,0.223,0.223,1.891,0.385,0.122
535,2,209.0,306.867,5.455,1.007,1.007,5.477,1.341,1.018
536,1,10.0,308.845,2.983,0.26,0.26,1.321,0.267,0.135
537,1,59.0,309.061,2.864,0.258,0.258,2.162,0.486,0.157
538,1,447.0,309.853,2.994,0.146,0.146,1.259,0.427,0.162
539,1,447.0,310.145,1.537,0.171,0.171,2.615,0.172,0.13
540,2,230.0,310.777,6.821,1.211,1.211,5.302,1.343,0.871
541,1,59.0,310.83,1.273,0.42,0.42,1.408,0.168,0.152
542,1,90.0,310.936,1.829,0.132,0.132,1.825,0.26,0.142
543,1,16.0,310.938,1.923,0.353,0.353,1.891,0.315,0.106
544,1,120.0,311.321,1.041,0.468,0.468,1.399,0.49,0.112
545,1,28.0,311.421,2.607,0.257,0.257,2.563,0.441,0.149
546,1,447.0,311.516,1.202,0.203,0.203,1.401,0.341,0.118
547,1,95.0,311.701,2.958,0.191,0.191,1.078,0.146,0.172
548,2,168.0,312.198,6.07,1.299,1.299,5.807,1.097,1.199
549,1,146.0,312.613,1.011,0.329,0.329,1.928,0.367,0.166
550,1,157.0,312.631,1.047,0.135,0.135,2.956,0.427,0.184
551,1,498.0,312.835,2.341,0.131,0.131,2.889,0.45,0.129
552,1,120.0,312.844,1.275,0.417,0.417,1.844,0.317,0.095
553,1,95.0,312.894,1.83,0.394,0.394,1.301,0.467,0.187
554,1,126.0,313.362,2.461,0.473,0.473,1.834,0.224,0.127
555,1,28.0,314.13,1.224,0.442,0.442,2.38,0.191,0.187
556,2,186.0,314.331,6.281,1.158,1.158,6.999,1.185,0.816
557,1,7.0,314.791,2.458,0.257,0.257,2.719,0.228,0.122
558,1,28.0,314.796,2.642,0.221,0.221,1.849,0.377,0.182
559,1,49.0,315.018,2.174,0.195,0.195,1.721,0.33,0.096
560,1,126.0,315.215,1.246,0.137,0.137,1.025,0.252,0.159
561,1,6.0,315.457,1.026,0.157,0.157,2.815,0.466,0.13
562,1,498.0,315.459,1.485,0.164,0.164,2.325,0.315,0.105
563,1,512.0,315.784,2.494,0.348,0.348,2.052,0.473,0.187
564,1,169.0,315.906,1.323,0.395,0.395,1.361,0.464,0.136
565,2,131.0,316.312,6.826,1.143,1.143,6.228,1.205,0.839
566,1,7.0,316.331,1.333,0.306,0.306,1.28,0.157,0.161
567,1,44.0,316.569,1.985,0.113,0.113,2.132,0.164,0.131
568,1,126.0,316.824,2.399,0.138,0.138,2.815,0.199,0.172
569,1,120.0,316.945,2.927,0.307,0.307,1.361,0.348,0.11
570,1,512.0,317.193,2.823,0.264,0.264,2.204,0.434,0.146
571,1,103.0,317.277,2.828,0.279,0.279,2.823,0.239,0.159
572,1,6.0,317.515,1.172,0.132,0.132,1.361,0.451,0.096
573,1,7.0,317.593,1.289,0.106,0.106,2.317,0.115,0.109
574,2,170.0,318.103,5.022,1.165,1.165,5.447,1.189,0.931
575,1,379.0,318.628,1.485,0.378,0.378,2.779,0.284,0.14
576,1,447.0,318.758,1.016,0.267,0.267,1.024,0.316,0.127
577,1,44.0,320.284,2.975,0.315,0.315,2.511,0.296,0.108
578,1,6.0,320.531,2.981,0.341,0.341,1.161,0.376,0.174
579,1,146.0,320.61,1.619,0.446,0.446,2.767,0.195,0.198
580,1,6.0,320.668,1.332,0.349,0.349,1.299,0.462,0.199
581,1,44.0,320.708,2.994,0.454,0.454,1.709,0.132,0.172
582,2,136.0,321.488,5.151,1.182,1.182,6.894,1.408,0.853
583,1,379.0,321.638,1.671,0.44,0.44,2.049,0.109,0.101
584,1,146.0,322.067,2.098,0.227,0.227,2.223,0.282,0.108
585,1,10.0,322.377,1.752,0.263,0.263,2.338,0.457,0.125
586,2,76.0,323.13,5.81,1.317,1.317,5.317,1.005,0.969
587,1,120.0,323.711,1.134,0.274,0.274,2.095,0.438,0.158
588,1,6.0,324.357,1.752,0.492,0.492,2.012,0.285,0.122
589,1,16.0,324.466,2.665,0.354,0.354,1.689,0.194,0.176
590,1,30.0,325.528,1.116,0.185,0.185,2.022,0.424,0.171
591,1,10.0,326.216,1.645,0.396,0.396,1.842,0.269,0.158
592,1,103.0,326.33,1.296,0.183,0.183,2.807,0.392,0.194
593,1,44.0,326.573,2.787,0.394,0.394,1.981,0.102,0.103
594,1,157.0,326.982,2.581,0.273,0.273,1.29,0.389,0.107
595,2,261.0,327.606,5.552,1.077,1.077,6.237,1.196,1.186
596,1,10.0,327.643,2.275,0.155,0.155,1.238,0.355,0.191
597,1,146.0,328.533,1.401,0.131,0.131,1.78,0.403,0.16
598,1,49.0,329.079,2.013,0.366,0.366,1.852,0.384,0.157
599,1,559.0,329.61,2.317,0.104,0.104,1.241,0.456,0.103
600,1,387.0,330.438,2.882,0.143,0.143,2.807,0.415,0.104
601,1,387.0,330.608,1.325,0.201,0.201,1.251,0.133,0.12
602,1,387.0,331.466,1.401,0.308,0.308,1.327,0.409,0.142
603,1,6.0,331.586,1.956,0.312,0.312,1.844,0.378,0.159
604,1,157.0,331.874,1.099,0.458,0.458,1.632,0.281,0.089
605,1,90.0,331.961,1.551,0.227,0.227,2.306,0.369,0.096
606,1,95.0,332.006,1.241,0.213,0.213,2.331,0.299,0.103
607,2,223.0,332.281,5.902,1.244,1.244,5.638,1.306,0.882
608,2,170.0,332.434,5.867,1.359,1.359,5.957,1.199,1.133
609,1,30.0,333.106,1.979,0.348,0.348,2.748,0.434,0.089
610,2,76.0,333.379,6.581,1.199,1.199,6.501,1.033,1.159
611,1,44.0,333.443,2.079,0.326,0.326,1.048,0.152,0.19
612,1,90.0,333.729,1.241,0.405,0.405,2.489,0.213,0.159
613,1,214.0,333.859,2.107,0.306,0.306,2.074,0.317,0.125
614,1,379.0,333.904,2.68,0.257,0.257,1.353,0.188,0.147
615,2,293.0,333.919,6.008,1.022,1.022,5.336,1.492,1.004
616,1,157.0,334.123,2.918,0.254,0.254,1.287,0.392,0.095
617,1,49.0,334.393,2.38,0.226,0.226,2.18,0.311,0.163
618,1,120.0,334.51,1.578,0.441,0.441,2.67,0.479,0.144
619,1,49.0,335.476,1.835,0.331,0.331,2.155,0.488,0.081
620,1,7.0,335.932,2.587,0.191,0.191,2.043,0.264,0.088
621,1,387.0,336.701,2.323,0.481,0.481,2.788,0.109,0.081
622,1,103.0,337.125,2.657,0.304,0.304,1.19,0.311,0.129
623,2,143.0,337.414,5.406,1.433,1.433,5.935,1.072,0.993
624,2,168.0,337.602,6.76,1.429,1.429,5.44,1.001,1.166
625,1,559.0,338.259,1.485,0.264,0.264,1.835,0.281,0.112
626,1,44.0,338.555,2.348,0.18,0.18,2.114,0.332,0.095
627,2,184.0,339.269,5.766,1.042,1.042,5.58,1.355,0.831
628,1,6.0,340.551,2.615,0.475,0.475,1.839,0.121,0.172
629,1,90.0,340.691,2.641,0.457,0.457,2.32,0.467,0.199
630,1,169.0,341.044,1.618,0.126,0.126,1.721,0.454,0.161
631,1,16.0,341.088,1.074,0.296,0.296,1.641,0.439,0.159
632,1,103.0,341.44,1.175,0.361,0.361,1.991,0.392,0.091
633,1,379.0,341.798,1.405,0.336,0.336,1.193,0.191,0.101
634,1,30.0,342.02,2.607,0.263,0.263,2.223,0.115,0.104
635,1,6.0,342.145,1.628,0.26,0.26,1.236,0.214,0.157
636,2,126.0,342.317,5.123,1.151,1.151,6.925,1.308,1.056
637,2,177.0,342.319,5.451,1.163,1.163,6.0,1.44,1.148
638,1,44.0,342.844,2.438,0.46,0.46,1.421,0.381,0.126
639,1,7.0,344.232,2.483,0.344,0.344,2.144,0.439,0.149
640,1,126.0,344.249,2.631,0.224,0.224,1.32,0.142,0.141
641,1,16.0,344.499,1.788,0.291,0.291,1.772,0.268,0.129
642,1,7.0,344.505,1.596,0.224,0.224,2.685,0.15,0.144
643,1,10.0,344.538,1.56,0.263,0.263,2.719,0.477,0.153
644,1,7.0,345.845,2.465,0.133,0.133,1.764,0.213,0.084
645,1,95.0,345.892,1.422,0.197,0.197,1.917,0.126,0.12
646,1,157.0,346.036,1.084,0.416,0.416,1.421,0.354,0.167
647,1,103.0,346.067,1.397,0.364,0.364,1.445,0.301,0.162
648,1,512.0,346.278,2.431,0.114,0.114,2.261,0.136,0.19
649,1,95.0,346.703,2.442,0.415,0.415,1.003,0.491,0.102
650,1,512.0,346.856,2.404,0.24,0.24,1.73,0.26,0.084
651,1,379.0,347.126,1.391,0.191,0.191,1.133,0.27,0.141
652,1,49.0,347.274,2.24,0.306,0.306,1.168,0.186,0.158
653,1,13.0,347.538,2.473,0.209,0.209,1.282,0.15,0.131
654,1,59.0,347.626,1.401,0.377,0.377,2.153,0.135,0.131
655,1,103.0,347.653,1.288,0.15,0.15,2.294,0.499,0.14
656,1,7.0,348.05,2.162,0.189,0.189,1.003,0.173,0.133
657,1,6.0,348.119,1.89,0.295,0.295,1.196,0.286,0.104
658,1,30.0,348.361,1.391,0.405,0.405,2.983,0.183,0.134
659,1,512.0,348.401,1.116,0.369,0.369,1.651,0.235,0.118
660,1,7.0,349.644,2.027,0.484,0.484,1.822,0.433,0.119
661,1,44.0,349.754,1.499,0.471,0.471,2.554,0.145,0.123
662,1,16.0,349.869,1.841,0.263,0.263,2.753,0.471,0.085
663,1,447.0,350.015,1.5,0.448,0.448,1.9,0.449,0.108
664,2,234.0,350.189,5.455,1.353,1.353,6.995,1.368,0.845
665,1,7.0,350.416,2.807,0.259,0.259,2.324,0.355,0.194
666,1,447.0,351.547,1.093,0.248,0.248,2.801,0.268,0.082
667,1,6.0,352.59,2.965,0.466,0.466,2.032,0.314,0.133
668,1,10.0,353.13,1.172,0.189,0.189,1.29,0.252,0.19
669,1,512.0,353.473,2.114,0.168,0.168,1.796,0.391,0.102
670,1,30.0,353.515,2.497,0.389,0.389,2.155,0.136,0.192
671,2,230.0,354.037,5.376,1.361,1.361,5.638,1.345,1.07
672,1,169.0,354.276,1.361,0.368,0.368,2.642,0.284,0.193
673,1,498.0,354.499,1.95,0.118,0.118,1.421,0.46,0.143
674,1,512.0,355.155,2.981,0.282,0.282,1.162,0.257,0.191
675,1,13.0,355.21,1.719,0.206,0.206,2.995,0.296,0.151
676,1,95.0,355.399,1.835,0.358,0.358,2.301,0.268,0.107
677,1,214.0,355.624,2.189,0.249,0.249,2.118,0.364,0.189
678,1,59.0,356.179,2.306,0.317,0.317,2.214,0.324,0.112
679,1,44.0,356.806,2.718,0.196,0.196,2.464,0.186,0.114
680,1,10.0,357.017,1.977,0.347,0.347,1.246,0.48,0.188
681,1,30.0,357.235,1.979,0.308,0.308,2.83,0.256,0.113
682,1,157.0,357.733,1.537,0.44,0.44,2.417,0.395,0.161
683,1,157.0,357.753,1.541,0.213,0.213,2.211,0.384,0.17
684,1,214.0,358.162,2.672,0.284,0.284,1.644,0.314,0.099
685,1,7.0,358.344,2.981,0.253,0.253,1.405,0.109,0.108
686,2,226.0,358.642,6.976,1.333,1.333,6.85,1.335,1.046
687,1,169.0,358.731,2.822,0.27,0.27,1.573,0.306,0.189
688,1,387.0,359.221,1.957,0.407,0.407,1.114,0.158,0.089
689,1,379.0,360.137,2.939,0.436,0.436,2.268,0.155,0.1
690,1,512.0,360.161,2.503,0.163,0.163,2.658,0.227,0.105
691,1,30.0,360.483,1.253,0.117,0.117,2.107,0.164,0.184
692,1,10.0,360.964,1.427,0.167,0.167,2.587,0.15,0.147
693,2,214.0,361.405,6.719,1.449,1.449,6.641,1.416,1.136
694,1,6.0,361.59,1.019,0.232,0.232,2.657,0.468,0.135
695,1,126.0,361.754,1.83,0.18,0.18,1.074,0.389,0.156
696,2,119.0,362.127,5.62,1.155,1.155,6.839,1.2,0.826
697,1,95.0,362.483,1.114,0.407,0.407,1.914,0.415,0.096
698,1,7.0,362.734,2.223,0.155,0.155,1.163,0.445,0.153
699,1,6.0,362.772,1.938,0.407,0.407,2.776,0.129,0.142
700,1,126.0,363.038,1.273,0.253,0.253,2.827,0.348,0.129
701,1,214.0,363.368,1.923,0.232,0.232,2.011,0.257,0.157
702,1,49.0,363.915,1.498,0.454,0.454,1.027,0.415,0.103
703,1,120.0,364.674,2.484,0.15,0.15,1.125,0.185,0.159
704,1,126.0,365.764,2.492,0.14,0.14,2.897,0.226,0.154
705,1,95.0,365.877,2.281,0.314,0.314,1.796,0.254,0.165
706,1,7.0,366.531,1.974,0.498,0.498,1.186,0.232,0.161
707,1,120.0,366.577,2.281,0.284,0.284,1.318,0.198,0.161
708,1,13.0,366.982,2.694,0.281,0.281,2.015,0.226,0.116
709,1,512.0,367.695,2.261,0.15,0.15,2.458,0.179,0.198
710,1,512.0,367.834,2.489,0.301,0.301,1.872,0.201,0.181
711,1,13.0,368.066,1.332,0.369,0.369,1.491,0.164,0.112
712,1,146.0,368.161,1.923,0.458,0.458,2.082,0.215,0.191
713,1,157.0,368.442,1.853,0.108,0.108,1.26,0.262,0.136
714,1,44.0,369.047,1.605,0.305,0.305,2.825,0.237,0.187
715,2,165.0,369.122,5.009,1.479,1.479,5.496,1.498,0.981
716,1,126.0,369.133,1.295,0.185,0.185,2.287,0.287,0.172
717,2,224.0,369.518,5.36,1.29,1.29,6.063,1.374,1.148
718,1,498.0,370.6,2.83,0.376,0.376,2.617,0.366,0.191
719,1,498.0,370.857,2.013,0.327,0.327,1.175,0.306,0.142
720,1,6.0,371.049,2.964,0.172,0.172,1.171,0.311,0.17
721,1,13.0,371.067,1.843,0.377,0.377,2.095,0.178,0.153
722,1,59.0,371.288,1.385,0.392,0.392,1.983,0.256,0.089
723,1,103.0,371.525,1.829,0.27,0.27,1.35,0.125,0.18
724,1,214.0,371.907,2.705,0.119,0.119,2.813,0.15,0.176
725,1,498.0,371.977,2.868,0.308,0.308,2.979,0.21,0.166
726,1,387.0,372.141,1.678,0.13,0.13,1.35,0.269,0.144
727,1,16.0,373.683,2.863,0.364,0.364,1.891,0.166,0.159
728,1,28.0,373.721,2.834,0.203,0.203,1.096,0.307,0.119
729,1,214.0,373.897,2.694,0.341,0.341,2.183,0.448,0.103
730,1,498.0,373.909,2.193,0.395,0.395,2.391,0.135,0.17
731,1,498.0,374.37,2.142,0.418,0.418,2.027,0.488,0.149
732,1,387.0,374.42,2.642,0.183,0.183,2.939,0.415,0.192
733,1,90.0,374.676,2.183,0.455,0.455,2.079,0.318,0.088
734,1,447.0,375.0,2.223,0.312,0.312,2.079,0.271,0.177
735,1,379.0,375.295,1.635,0.395,0.395,1.793,0.123,0.144
736,1,7.0,375.534,1.211,0.35,0.35,2.56,0.368,0.135
737,1,95.0,376.052,2.727,0.361,0.361,2.34,0.236,0.148
738,1,6.0,376.65,1.821,0.484,0.484,2.141,0.315,0.092
739,1,498.0,376.695,2.672,0.362,0.362,2.979,0.472,0.105
740,1,7.0,377.639,2.199,0.283,0.283,2.223,0.333,0.125
741,2,152.0,378.193,6.308,1.286,1.286,6.518,1.276,0.873
742,1,6.0,378.54,3.0,0.419,0.419,2.427,0.407,0.093
743,1,30.0,378.753,2.621,0.217,0.217,1.52,0.111,0.118
744,1,559.0,378.921,1.57,0.138,0.138,2.139,0.204,0.088
745,1,559.0,378.961,1.186,0.281,0.281,2.326,0.484,0.147
746,1,90.0,379.017,2.484,0.392,0.392,1.648,0.39,0.118
747,1,44.0,379.047,2.615,0.284,0.284,2.118,0.284,0.092
748,1,103.0,379.076,1.06,0.444,0.444,1.999,0.275,0.111
749,1,10.0,379.156,1.612,0.461,0.461,1.794,0.166,0.11
750,2,226.0,379.25,6.976,1.268,1.268,6.318,1.354,0.809
751,1,126.0,380.14,2.202,0.213,0.213,1.655,0.486,0.099
752,1,103.0,381.691,2.174,0.306,0.306,1.493,0.117,0.133
753,2,177.0,382.219,6.667,1.335,1.335,6.595,1.181,1.14
754,1,13.0,382.976,2.758,0.448,0.448,1.397,0.267,0.117
755,1,16.0,383.146,2.534,0.353,0.353,2.911,0.433,0.101
756,1,559.0,383.241,1.147,0.213,0.213,1.251,0.325,0.16
757,1,7.0,383.314,1.45,0.168,0.168,2.032,0.387,0.082
758,1,157.0,383.75,2.623,0.33,0.33,2.76,0.222,0.137
759,1,7.0,384.058,2.835,0.317,0.317,1.075,0.472,0.157
760,1,559.0,384.193,1.093,0.468,0.468,2.275,0.3,0.147
761,1,103.0,384.204,1.519,0.403,0.403,1.983,0.386,0.123
762,1,146.0,384.409,1.097,0.466,0.466,2.489,0.425,0.087
763,1,44.0,384.483,2.277,0.33,0.33,1.451,0.246,0.18
764,1,95.0,384.973,2.101,0.18,0.18,1.238,0.287,0.117
765,1,16.0,385.486,2.223,0.191,0.191,1.421,0.15,0.142
766,2,102.0,385.508,6.485,1.005,1.005,6.919,1.205,0.881
767,1,559.0,385.513,1.412,0.348,0.348,2.118,0.324,0.147
768,1,6.0,386.798,2.706,0.155,0.155,1.031,0.268,0.121
769,1,16.0,387.259,2.986,0.337,0.337,1.238,0.286,0.118
770,1,120.0,387.385,1.246,0.172,0.172,2.484,0.267,0.12
771,1,95.0,387.436,2.815,0.253,0.253,1.68,0.134,0.193
772,1,7.0,387.642,1.595,0.163,0.163,1.016,0.319,0.146
773,1,512.0,387.887,1.551,0.217,0.217,1.794,0.158,0.114
774,1,95.0,388.168,1.849,0.327,0.327,1.592,0.364,0.086
775,1,169.0,388.889,1.914,0.13,0.13,2.492,0.127,0.178
776,1,157.0,388.992,1.369,0.226,0.226,2.594,0.211,0.083
777,1,95.0,389.086,1.207,0.172,0.172,2.028,0.307,0.145
778,1,447.0,389.265,2.649,0.462,0.462,1.596,0.132,0.16
779,2,125.0,389.87,5.866,1.444,1.444,5.285,1.287,0.851
780,2,101.0,390.013,6.117,1.369,1.369,6.194,1.185,0.902
781,1,16.0,390.252,2.86,0.172,0.172,2.291,0.468,0.111
782,1,30.0,390.943,1.863,0.128,0.128,2.679,0.136,0.131
783,1,214.0,391.26,1.418,0.299,0.299,2.625,0.24,0.18
784,1,7.0,391.927,1.282,0.369,0.369,2.409,0.305,0.149
785,1,16.0,392.046,1.834,0.433,0.433,1.186,0.164,0.084
786,2,142.0,392.541,6.279,1.373,1.373,5.423,1.433,0.856
787,2,193.0,392.721,5.743,1.082,1.082,5.43,1.211,0.979
788,1,512.0,392.81,2.137,0.439,0.439,2.096,0.227,0.116
789,1,512.0,393.006,1.891,0.424,0.424,2.824,0.106,0.195
790,1,169.0,393.14,1.391,0.268,0.268,1.26,0.417,0.134
791,1,90.0,393.278,2.185,0.337,0.337,1.35,0.429,0.112
792,1,7.0,393.647,2.726,0.341,0.341,1.708,0.141,0.196
793,1,6.0,394.359,1.421,0.387,0.387,2.144,0.389,0.107
794,1,7.0,394.436,1.537,0.38,0.38,2.204,0.212,0.105
795,2,75.0,395.064,6.879,1.335,1.335,6.854,1.345,0.997
796,1,146.0,395.218,2.956,0.357,0.357,2.079,0.187,0.178
797,1,30.0,396.642,1.843,0.445,0.445,2.554,0.308,0.151
798,1,59.0,396.845,1.167,0.307,0.307,1.617,0.297,0.124
799,1,44.0,397.695,1.931,0.38,0.38,2.286,0.434,0.142
800,1,559.0,397.782,2.753,0.478,0.478,2.391,0.297,0.081
801,1,13.0,397.835,2.744,0.424,0.424,1.457,0.15,0.164
802,2,269.0,397.905,5.619,1.322,1.322,6.279,1.315,1.046
803,1,214.0,398.37,1.537,0.21,0.21,2.642,0.341,0.086
804,1,6.0,398.635,1.834,0.109,0.109,2.25,0.344,0.187
805,1,30.0,398.738,2.657,0.175,0.175,2.321,0.115,0.114
806,1,10.0,398.86,1.891,0.446,0.446,2.835,0.299,0.158
807,1,169.0,398.926,1.537,0.137,0.137,2.183,0.277,0.164
808,1,559.0,399.07,2.206,0.123,0.123,2.787,0.302,0.11
809,1,13.0,399.452,2.586,0.486,0.486,1.216,0.463,0.091
810,1,59.0,399.583,1.808,0.269,0.269,2.868,0.18,0.193
811,1,512.0,400.857,2.049,0.132,0.132,1.301,0.268,0.198
812,1,44.0,401.423,1.9,0.307,0.307,2.993,0.452,0.166
813,1,10.0,402.025,1.049,0.42,0.42,1.047,0.136,0.151
814,1,95.0,402.363,2.082,0.161,0.161,2.033,0.469,0.165
815,1,120.0,403.39,1.77,0.433,0.433,2.504,0.454,0.192
816,1,44.0,403.791,2.34,0.462,0.462,1.771,0.106,0.146
817,1,59.0,404.234,2.563,0.26,0.26,1.74,0.389,0.123
818,1,146.0,404.251,2.433,0.421,0.421,2.058,0.171,0.127
819,1,30.0,404.501,2.141,0.284,0.284,2.471,0.142,0.091
820,1,379.0,404.808,2.689,0.106,0.106,1.95,0.396,0.159
821,1,126.0,404.851,2.684,0.459,0.459,2.792,0.466,0.121
822,1,7.0,405.044,2.401,0.251,0.251,1.132,0.466,0.137
823,1,7.0,405.482,2.458,0.287,0.287,1.671,0.462,0.081
824,1,559.0,405.667,2.013,0.198,0.198,2.407,0.304,0.183
825,1,28.0,405.788,1.653,0.269,0.269,2.317,0.311,0.083
826,1,387.0,405.913,2.958,0.393,0.393,1.277,0.281,0.159
827,1,6.0,405.975,1.612,0.264,0.264,2.267,0.121,0.131
828,2,192.0,406.289,5.176,1.297,1.297,5.142,1.341,1.196
829,1,95.0,406.773,2.979,0.13,0.13,1.834,0.369,0.12
830,1,103.0,406.822,1.115,0.227,0.227,2.986,0.325,0.185
831,1,214.0,406.873,2.779,0.227,0.227,1.654,0.395,0.091
832,1,95.0,407.008,2.78,0.381,0.381,2.516,0.282,0.168
833,1,44.0,407.384,2.968,0.352,0.352,2.744,0.376,0.172
834,1,7.0,407.405,2.294,0.24,0.24,1.653,0.417,0.197
835,1,157.0,407.989,1.8,0.332,0.332,2.341,0.126,0.118
836,2,201.0,409.062,6.425,1.153,1.153,6.228,1.181,1.13
837,1,126.0,409.092,1.55,0.274,0.274,1.775,0.477,0.101
838,1,49.0,410.467,1.9,0.449,0.449,1.541,0.491,0.174
839,1,7.0,411.918,1.981,0.263,0.263,1.47,0.33,0.173
840,1,169.0,412.254,1.06,0.174,0.174,2.504,0.253,0.155
841,2,110.0,413.028,5.385,1.094,1.094,5.433,1.471,0.948
842,1,379.0,413.282,2.852,0.261,0.261,1.485,0.452,0.113
843,1,379.0,413.661,2.221,0.257,0.257,2.286,0.289,0.17
844,1,120.0,413.723,1.358,0.189,0.189,1.019,0.355,0.125
845,1,6.0,413.959,2.557,0.278,0.278,2.256,0.118,0.183
846,1,44.0,414.264,2.868,0.162,0.162,1.449,0.179,0.133
847,1,7.0,414.594,2.46,0.239,0.239,2.46,0.478,0.174
848,1,59.0,414.859,2.077,0.157,0.157,2.857,0.305,0.185
849,1,44.0,416.871,2.674,0.155,0.155,2.788,0.344,0.184
850,2,169.0,417.15,5.469,1.088,1.088,5.376,1.2,1.026
851,1,559.0,417.178,1.273,0.388,0.388,1.689,0.288,0.179
852,1,95.0,417.89,2.686,0.172,0.172,1.358,0.192,0.192
853,1,90.0,418.341,2.631,0.171,0.171,1.235,0.213,0.151
854,1,44.0,418.47,2.686,0.436,0.436,2.7,0.145,0.19
855,1,7.0,418.475,2.286,0.384,0.384,1.449,0.268,0.12
856,1,103.0,418.9,2.137,0.118,0.118,2.397,0.135,0.112
857,1,10.0,419.231,1.075,0.268,0.268,1.68,0.426,0.096
858,2,234.0,419.371,5.569,1.454,1.454,6.065,1.433,1.14
859,1,120.0,419.579,1.537,0.304,0.304,2.944,0.266,0.141
860,1,6.0,419.884,2.822,0.284,0.284,2.719,0.366,0.111
861,1,10.0,419.895,1.71,0.239,0.239,2.168,0.293,0.148
862,1,7.0,420.706,2.898,0.232,0.232,1.596,0.368,0.098
863,1,447.0,420.875,1.927,0.26,0.26,2.029,0.109,0.158
864,1,30.0,421.63,2.938,0.266,0.266,1.319,0.49,0.168
865,1,30.0,422.392,2.979,0.275,0.275,2.237,0.447,0.087
866,1,214.0,422.713,2.658,0.147,0.147,2.868,0.39,0.162
867,1,6.0,422.908,2.185,0.354,0.354,2.358,0.394,0.104
868,1,10.0,424.806,2.148,0.467,0.467,2.303,0.284,0.183
869,1,44.0,424.994,2.516,0.376,0.376,1.121,0.278,0.183
870,1,120.0,425.023,2.991,0.268,0.268,1.843,0.455,0.127
871,1,10.0,425.292,1.405,0.237,0.237,1.448,0.454,0.094
872,1,59.0,425.736,2.888,0.297,0.297,1.114,0.105,0.129
873,1,95.0,426.253,2.049,0.212,0.212,1.196,0.267,0.168
874,1,44.0,426.563,1.746,0.236,0.236,1.228,0.191,0.117
875,2,223.0,429.571,5.582,1.393,1.393,6.967,1.362,1.032
876,1,44.0,429.962,1.789,0.412,0.412,2.323,0.268,0.199
877,1,169.0,430.222,1.626,0.282,0.282,2.262,0.136,0.125
878,1,214.0,431.434,1.666,0.182,0.182,1.449,0.143,0.088
879,1,13.0,431.949,2.744,0.176,0.176,1.448,0.254,0.153
880,2,264.0,432.332,5.265,1.2,1.2,5.534,1.014,1.044
881,1,169.0,432.597,1.207,0.278,0.278,1.35,0.281,0.083
882,1,49.0,433.002,1.391,0.264,0.264,1.439,0.305,0.157
883,1,7.0,433.464,1.991,0.395,0.395,2.727,0.22,0.13
884,2,92.0,434.538,5.775,1.342,1.342,5.721,1.494,0.902
885,2,38.0,434.859,6.979,1.091,1.091,6.854,1.349,0.805
886,1,30.0,434.924,2.986,0.266,0.266,1.074,0.387,0.175
887,1,387.0,435.013,1.431,0.269,0.269,2.83,0.184,0.108
888,2,85.0,435.352,5.866,1.198,1.198,5.376,1.0,0.984
889,2,203.0,435.962,5.703,1.353,1.353,6.433,1.483,0.903
890,1,7.0,436.629,2.39,0.256,0.256,1.261,0.12,0.135
891,2,187.0,436.96,5.271,1.231,1.231,6.887,1.167,0.877
892,1,6.0,437.837,2.268,0.306,0.306,2.241,0.397,0.145
893,2,96.0,437.88,5.363,1.214,1.214,6.403,1.005,1.002
894,1,387.0,438.471,2.186,0.232,0.232,1.724,0.275,0.171
895,1,90.0,438.501,2.084,0.289,0.289,1.084,0.46,0.17
896,1,512.0,438.992,2.562,0.312,0.312,2.805,0.38,0.12
897,1,512.0,439.431,1.615,0.121,0.121,1.519,0.279,0.131
898,1,59.0,439.591,1.118,0.409,0.409,2.24,0.13,0.18
899,1,13.0,439.623,1.026,0.11,0.11,1.608,0.357,0.183
900,1,512.0,440.199,1.632,0.377,0.377,1.041,0.13,0.104
901,1,379.0,440.2,2.326,0.331,0.331,2.475,0.187,0.183
902,1,126.0,441.047,1.499,0.462,0.462,2.719,0.11,0.102
903,1,498.0,443.708,2.998,0.343,0.343,1.296,0.127,0.167
904,1,7.0,444.359,2.34,0.454,0.454,1.889,0.403,0.159
905,1,49.0,446.035,2.324,0.268,0.268,1.241,0.236,0.147
906,2,172.0,447.568,5.088,1.127,1.127,6.059,1.053,0.905
907,1,379.0,449.221,2.968,0.194,0.194,1.825,0.244,0.094
908,1,13.0,449.238,1.421,0.316,0.316,2.944,0.304,0.103
909,1,126.0,450.42,1.793,0.333,0.333,2.694,0.132,0.09
910,1,146.0,450.782,2.994,0.304,0.304,1.289,0.476,0.088
911,1,7.0,451.305,2.033,0.154,0.154,2.907,0.396,0.125
912,2,208.0,452.201,6.044,1.467,1.467,5.838,1.301,0.855
913,1,6.0,453.096,1.985,0.213,0.213,1.18,0.314,0.157
914,1,16.0,454.085,2.812,0.203,0.203,1.63,0.433,0.192
915,1,157.0,454.146,2.363,0.403,0.403,2.823,0.389,0.136
916,1,30.0,454.946,2.287,0.199,0.199,1.712,0.463,0.127
917,1,498.0,455.993,2.637,0.302,0.302,2.614,0.407,0.129
918,1,90.0,456.36,1.144,0.13,0.13,2.163,0.226,0.171
919,1,512.0,457.051,1.977,0.192,0.192,1.542,0.384,0.142
920,2,155.0,457.389,5.977,1.012,1.012,5.109,1.188,1.062
921,1,559.0,457.616,1.567,0.469,0.469,2.801,0.499,0.116
922,1,10.0,457.669,1.835,0.15,0.15,1.974,0.263,0.121
923,2,174.0,458.593,5.483,1.059,1.059,5.703,1.091,1.125
924,2,252.0,458.999,7.0,1.348,1.348,5.086,1.296,0.974
925,2,132.0,459.47,5.062,1.44,1.44,5.374,1.093,0.948
926,1,157.0,459.711,1.391,0.265,0.265,2.109,0.15,0.113
927,1,120.0,460.015,2.91,0.164,0.164,2.029,0.389,0.12
928,2,182.0,462.318,6.823,1.473,1.473,5.838,1.205,0.956
929,1,28.0,463.688,2.086,0.282,0.282,1.799,0.171,0.139
930,1,447.0,464.487,1.927,0.122,0.122,2.139,0.246,0.096
931,2,62.0,467.726,5.155,1.222,1.222,6.38,1.292,1.148
932,1,126.0,467.807,2.259,0.116,0.116,1.689,0.451,0.095
933,2,149.0,468.33,5.788,1.299,1.299,6.839,1.256,1.088
934,2,249.0,471.357,5.801,1.029,1.029,6.906,1.411,0.941
935,2,150.0,471.719,5.552,1.211,1.211,5.49,1.264,0.928
936,1,146.0,474.157,2.417,0.111,0.111,1.938,0.141,0.16
937,1,10.0,475.286,1.352,0.363,0.363,1.084,0.183,0.187
938,1,103.0,476.067,2.743,0.349,0.349,1.202,0.118,0.142
939,1,30.0,476.613,1.202,0.135,0.135,1.18,0.433,0.093
940,1,387.0,476.665,2.33,0.47,0.47,1.259,0.324,0.114
941,1,157.0,478.786,1.849,0.252,0.252,2.078,0.332,0.157
942,1,30.0,478.851,1.571,0.354,0.354,2.889,0.196,0.182
943,2,147.0,479.025,5.207,1.495,1.495,6.454,1.422,0.945
944,2,228.0,480.124,5.649,1.381,1.381,6.847,1.033,0.863
945,2,162.0,482.251,5.036,1.075,1.075,6.4,1.221,0.879
946,1,28.0,483.244,2.709,0.317,0.317,2.321,0.145,0.094
947,2,168.0,484.451,5.176,1.161,1.161,6.471,1.05,1.051
948,2,168.0,485.161,6.76,1.077,1.077,6.933,1.307,1.169
949,1,447.0,486.981,1.439,0.331,0.331,2.015,0.284,0.159
950,1,498.0,487.926,1.981,0.382,0.382,1.345,0.204,0.163
951,1,6.0,489.087,1.421,0.15,0.15,1.849,0.202,0.174
952,2,229.0,491.43,5.631,1.077,1.077,5.37,1.12,1.157
953,2,217.0,494.086,6.68,1.124,1.124,6.874,1.451,1.154
954,1,387.0,497.094,2.027,0.309,0.309,2.483,0.136,0.109
955,1,146.0,499.319,2.927,0.417,0.417,1.521,0.191,0.106
956,2,69.0,500.509,6.206,1.439,1.439,5.801,1.458,1.169
957,1,44.0,502.867,1.956,0.448,0.448,1.751,0.287,0.153
958,1,6.0,504.569,2.419,0.409,0.409,1.857,0.316,0.091
959,2,118.0,505.573,6.946,1.476,1.476,5.406,1.369,1.149
960,2,79.0,507.321,6.056,1.275,1.275,5.305,1.222,1.187
961,1,49.0,512.833,1.752,0.126,0.126,2.926,0.233,0.113
962,1,120.0,513.569,1.68,0.433,0.433,2.743,0.349,0.147
963,2,166.0,514.956,5.738,1.223,1.223,5.591,1.005,1.145
964,1,7.0,515.354,1.457,0.222,0.222,2.172,0.18,0.158
965,1,6.0,516.949,2.534,0.437,0.437,1.849,0.369,0.177
966,1,6.0,517.441,2.0,0.187,0.187,1.653,0.382,0.174
967,2,95.0,519.684,5.307,1.339,1.339,5.961,1.292,0.824
968,1,49.0,520.471,2.632,0.145,0.145,2.986,0.189,0.113
969,2,296.0,520.962,5.693,1.089,1.089,6.974,1.222,0.874
970,2,116.0,521.146,6.752,1.077,1.077,6.222,1.429,1.075
971,1,6.0,521.278,1.571,0.356,0.356,2.951,0.299,0.149
972,1,28.0,523.034,2.052,0.425,0.425,1.548,0.358,0.174
973,2,139.0,524.456,5.583,1.172,1.172,5.509,1.065,1.121
974,2,263.0,524.839,5.066,1.424,1.424,5.81,1.429,1.183
975,2,124.0,525.215,6.67,1.406,1.406,6.281,1.381,0.825
976,1,7.0,527.393,2.892,0.284,0.284,2.357,0.217,0.188
977,2,89.0,531.003,6.994,1.396,1.396,5.92,1.396,0.974
978,2,185.0,533.172,5.113,1.088,1.088,6.279,1.415,1.116
979,2,174.0,533.593,6.618,1.47,1.47,6.076,1.254,1.135
980,2,275.0,536.807,5.788,1.138,1.138,6.187,1.432,0.905
981,1,169.0,537.561,2.223,0.242,0.242,1.743,0.366,0.141
982,2,214.0,537.586,6.278,1.422,1.422,6.173,1.431,1.125
983,2,122.0,538.004,6.518,1.022,1.022,6.948,1.439,0.945
984,1,559.0,544.204,1.151,0.295,0.295,1.35,0.462,0.098
985,2,120.0,546.934,6.713,1.055,1.055,6.811,1.444,0.833
986,2,165.0,547.211,6.52,1.489,1.489,5.696,1.044,1.085
987,1,7.0,548.337,1.541,0.141,0.141,1.394,0.434,0.095
988,2,226.0,549.674,5.083,1.18,1.18,5.458,1.343,1.102
989,2,130.0,550.905,5.793,1.089,1.089,6.724,1.412,1.073
990,2,33.0,559.864,5.042,1.383,1.383,6.228,1.175,0.863
991,2,150.0,563.378,6.976,1.244,1.244,5.631,1.154,1.104
992,1,6.0,568.002,2.086,0.378,0.378,2.637,0.416,0.092
993,2,204.0,571.755,6.651,1.319,1.319,6.581,1.246,0.963
994,2,78.0,572.571,6.007,1.007,1.007,5.451,1.12,1.154
995,2,77.0,572.909,5.928,1.151,1.151,5.344,1.232,0.94
996,1,49.0,574.593,1.542,0.157,0.157,1.277,0.288,0.18
997,1,7.0,578.455,2.083,0.395,0.395,1.913,0.305,0.113
998,2,323.0,583.33,5.925,1.366,1.366,5.596,1.363,0.908
999,2,195.0,592.888,5.566,1.21,1.21,6.961,1.376,1.199
1000,2,110.0,597.704,5.269,1.436,1.436,6.439,1.125,1.023
