task_type_id,arrival_time,est_m1,est_m2,est_m3,est_m4,est_m5,ext_m1-1,ext_m2-1,ext_m3-1,ext_m4-1,ext_m5-1
1,0.286,9.832,9.114,9.554,1.139,1.248,9.83,9.157,9.567,1.134,1.23
1,0.36,9.821,9.146,9.51,1.139,1.221,9.804,9.11,9.537,1.149,1.232
1,0.68,9.837,9.195,9.551,1.115,1.225,9.825,9.102,9.524,1.125,1.238
1,0.927,9.802,9.129,9.531,1.111,1.22,9.839,9.158,9.55,1.135,1.214
1,0.986,9.86,9.143,9.597,1.104,1.238,9.827,9.151,9.569,1.102,1.23
1,1.777,9.816,9.186,9.544,1.117,1.202,9.879,9.126,9.519,1.114,1.241
1,3.25,9.82,9.162,9.579,1.128,1.243,9.876,9.113,9.524,1.149,1.239
1,5.204,9.869,9.106,9.587,1.118,1.214,9.861,9.132,9.52,1.142,1.215
1,5.524,9.832,9.105,9.523,1.105,1.24,9.818,9.145,9.56,1.141,1.226
1,5.546,9.847,9.159,9.532,1.131,1.238,9.837,9.113,9.532,1.107,1.231
1,5.79,9.837,9.128,9.583,1.131,1.244,9.805,9.157,9.542,1.148,1.237
1,6.084,9.898,9.163,9.515,1.139,1.213,9.835,9.147,9.527,1.143,1.233
1,6.299,9.8,9.134,9.532,1.1,1.248,9.838,9.125,9.59,1.139,1.209
1,6.729,9.886,9.16,9.549,1.123,1.201,9.814,9.171,9.584,1.125,1.21
1,6.868,9.84,9.197,9.594,1.137,1.202,9.804,9.186,9.508,1.15,1.201
1,7.713,9.83,9.105,9.6,1.134,1.226,9.892,9.166,9.593,1.123,1.248
1,7.939,9.863,9.185,9.552,1.146,1.225,9.865,9.168,9.598,1.135,1.227
1,8.126,9.821,9.112,9.521,1.101,1.226,9.879,9.144,9.523,1.118,1.234
1,8.963,9.848,9.167,9.58,1.141,1.236,9.819,9.175,9.593,1.133,1.219
1,9.448,9.84,9.19,9.505,1.13,1.237,9.889,9.136,9.504,1.102,1.235
1,9.659,9.897,9.112,9.58,1.126,1.245,9.848,9.12,9.516,1.105,1.204
1,9.686,9.894,9.124,9.574,1.126,1.232,9.887,9.189,9.522,1.135,1.233
1,10.137,9.851,9.158,9.523,1.13,1.212,9.833,9.18,9.56,1.148,1.201
1,10.539,9.897,9.154,9.523,1.103,1.203,9.821,9.169,9.511,1.133,1.222
1,11.033,9.848,9.101,9.545,1.146,1.239,9.827,9.1,9.508,1.118,1.209
1,13.247,9.84,9.176,9.573,1.115,1.201,9.801,9.133,9.545,1.111,1.22
1,13.513,9.842,9.168,9.552,1.127,1.247,9.818,9.1,9.529,1.118,1.205
1,13.734,9.851,9.136,9.582,1.12,1.249,9.847,9.164,9.531,1.129,1.21
1,14.919,9.809,9.18,9.501,1.133,1.229,9.834,9.129,9.599,1.107,1.235
1,15.893,9.81,9.159,9.54,1.149,1.211,9.852,9.158,9.585,1.126,1.241
1,16.456,9.834,9.166,9.57,1.117,1.242,9.861,9.122,9.542,1.112,1.202
1,17.262,9.836,9.129,9.503,1.129,1.228,9.842,9.171,9.533,1.101,1.235
1,17.361,9.834,9.166,9.582,1.118,1.218,9.846,9.167,9.518,1.105,1.209
1,17.665,9.891,9.104,9.575,1.133,1.241,9.807,9.124,9.562,1.147,1.205
1,18.514,9.843,9.182,9.54,1.129,1.242,9.887,9.17,9.55,1.136,1.223
1,18.591,9.884,9.121,9.566,1.127,1.207,9.859,9.128,9.532,1.132,1.211
1,19.364,9.896,9.158,9.545,1.131,1.223,9.832,9.142,9.568,1.129,1.23
1,19.641,9.872,9.112,9.56,1.128,1.246,9.823,9.102,9.55,1.127,1.209
1,20.066,9.887,9.179,9.596,1.118,1.21,9.867,9.115,9.526,1.134,1.22
1,20.356,9.895,9.141,9.546,1.112,1.25,9.816,9.161,9.504,1.136,1.207
1,20.709,9.829,9.141,9.565,1.124,1.222,9.86,9.187,9.592,1.124,1.216
1,20.976,9.898,9.195,9.557,1.124,1.236,9.887,9.133,9.558,1.133,1.229
1,21.958,9.862,9.157,9.516,1.116,1.242,9.833,9.17,9.521,1.123,1.202
1,22.012,9.817,9.152,9.549,1.14,1.25,9.891,9.171,9.558,1.12,1.212
1,22.194,9.811,9.121,9.593,1.122,1.24,9.885,9.185,9.542,1.118,1.249
1,22.315,9.87,9.128,9.597,1.12,1.238,9.866,9.178,9.508,1.137,1.209
1,22.407,9.855,9.179,9.55,1.119,1.201,9.815,9.135,9.538,1.101,1.241
1,22.887,9.868,9.127,9.513,1.116,1.241,9.807,9.127,9.538,1.141,1.243
1,24.477,9.822,9.178,9.525,1.121,1.238,9.808,9.114,9.583,1.137,1.214
1,24.57,9.899,9.152,9.582,1.114,1.215,9.815,9.139,9.55,1.15,1.202
1,25.186,9.851,9.116,9.579,1.115,1.235,9.89,9.124,9.52,1.111,1.244
1,25.217,9.883,9.107,9.539,1.135,1.214,9.826,9.18,9.584,1.12,1.247
1,25.919,9.879,9.196,9.57,1.148,1.215,9.887,9.152,9.55,1.113,1.241
1,26.195,9.836,9.1,9.515,1.1,1.226,9.882,9.151,9.564,1.107,1.2
1,27.03,9.804,9.182,9.524,1.14,1.224,9.872,9.128,9.593,1.11,1.225
1,27.151,9.867,9.155,9.565,1.115,1.218,9.868,9.139,9.535,1.134,1.24
1,27.535,9.892,9.198,9.522,1.139,1.235,9.805,9.197,9.591,1.134,1.207
1,27.825,9.883,9.132,9.52,1.123,1.238,9.841,9.153,9.545,1.14,1.222
1,28.077,9.858,9.12,9.585,1.104,1.233,9.867,9.107,9.595,1.141,1.233
1,28.811,9.831,9.187,9.537,1.102,1.243,9.827,9.132,9.53,1.114,1.206
1,28.821,9.846,9.137,9.563,1.13,1.24,9.892,9.136,9.509,1.106,1.223
1,29.224,9.889,9.187,9.509,1.112,1.204,9.841,9.115,9.584,1.12,1.243
1,29.757,9.884,9.116,9.525,1.112,1.248,9.848,9.179,9.589,1.139,1.214
1,30.082,9.841,9.167,9.546,1.101,1.214,9.834,9.195,9.543,1.115,1.208
1,30.529,9.877,9.166,9.598,1.146,1.216,9.846,9.101,9.537,1.103,1.241
1,30.548,9.802,9.145,9.511,1.126,1.219,9.801,9.12,9.539,1.111,1.245
1,30.801,9.859,9.142,9.557,1.111,1.231,9.823,9.119,9.6,1.119,1.225
1,31.638,9.803,9.147,9.559,1.116,1.205,9.849,9.185,9.565,1.106,1.21
1,31.755,9.867,9.115,9.512,1.129,1.244,9.821,9.15,9.538,1.117,1.235
1,33.931,9.811,9.141,9.569,1.113,1.239,9.828,9.184,9.571,1.109,1.243
1,34.182,9.883,9.171,9.538,1.131,1.214,9.817,9.124,9.517,1.138,1.246
1,34.311,9.852,9.193,9.596,1.125,1.207,9.829,9.186,9.595,1.12,1.249
1,35.498,9.899,9.137,9.557,1.134,1.223,9.863,9.182,9.564,1.15,1.216
1,36.776,9.888,9.19,9.518,1.113,1.245,9.868,9.182,9.529,1.124,1.214
1,38.138,9.813,9.127,9.533,1.117,1.201,9.805,9.185,9.535,1.137,1.202
1,38.248,9.886,9.132,9.596,1.111,1.208,9.886,9.121,9.532,1.118,1.249
1,38.608,9.801,9.145,9.529,1.103,1.217,9.885,9.189,9.513,1.125,1.235
1,38.616,9.855,9.153,9.566,1.111,1.232,9.865,9.189,9.596,1.128,1.206
1,38.662,9.892,9.146,9.532,1.102,1.248,9.853,9.157,9.527,1.124,1.234
1,38.712,9.803,9.183,9.573,1.149,1.214,9.869,9.163,9.537,1.103,1.217
1,38.908,9.863,9.19,9.577,1.115,1.232,9.802,9.134,9.507,1.109,1.203
1,39.223,9.899,9.193,9.574,1.136,1.224,9.872,9.185,9.517,1.102,1.204
1,40.172,9.806,9.186,9.532,1.149,1.235,9.863,9.124,9.535,1.141,1.248
1,40.618,9.889,9.161,9.519,1.143,1.209,9.88,9.18,9.542,1.115,1.239
1,40.619,9.815,9.189,9.558,1.143,1.205,9.883,9.185,9.518,1.135,1.236
1,40.641,9.846,9.124,9.6,1.125,1.222,9.833,9.17,9.57,1.106,1.246
1,41.051,9.864,9.138,9.548,1.118,1.229,9.899,9.148,9.565,1.147,1.234
1,41.24,9.823,9.132,9.569,1.108,1.203,9.858,9.155,9.55,1.138,1.208
1,41.551,9.88,9.155,9.517,1.123,1.232,9.885,9.11,9.563,1.109,1.218
1,41.891,9.837,9.167,9.527,1.121,1.232,9.871,9.125,9.554,1.135,1.236
1,41.96,9.852,9.159,9.588,1.14,1.215,9.806,9.154,9.513,1.148,1.248
1,42.54,9.837,9.154,9.558,1.119,1.242,9.831,9.188,9.514,1.109,1.232
1,42.687,9.835,9.169,9.578,1.105,1.22,9.843,9.179,9.583,1.125,1.234
1,42.812,9.86,9.189,9.505,1.141,1.247,9.857,9.177,9.578,1.107,1.212
1,43.576,9.814,9.117,9.541,1.133,1.214,9.849,9.162,9.551,1.141,1.243
1,44.465,9.836,9.114,9.501,1.108,1.238,9.803,9.168,9.578,1.146,1.206
1,44.538,9.853,9.129,9.54,1.135,1.211,9.84,9.192,9.533,1.106,1.234
1,44.644,9.802,9.142,9.565,1.124,1.25,9.893,9.166,9.598,1.124,1.243
1,45.89,9.854,9.113,9.578,1.101,1.221,9.896,9.151,9.509,1.106,1.225
1,46.569,9.881,9.126,9.561,1.149,1.246,9.831,9.17,9.531,1.118,1.226
1,46.733,9.81,9.164,9.599,1.101,1.231,9.829,9.125,9.501,1.117,1.226
1,46.9,9.832,9.186,9.597,1.139,1.225,9.822,9.132,9.542,1.104,1.237
1,47.07,9.881,9.13,9.533,1.12,1.24,9.851,9.159,9.598,1.113,1.23
1,47.433,9.876,9.155,9.563,1.112,1.222,9.88,9.173,9.597,1.108,1.216
1,48.933,9.823,9.18,9.543,1.108,1.237,9.82,9.157,9.544,1.149,1.216
1,50.542,9.823,9.195,9.584,1.107,1.24,9.811,9.185,9.571,1.107,1.235
1,51.502,9.849,9.142,9.504,1.116,1.246,9.871,9.2,9.584,1.117,1.227
1,51.772,9.853,9.118,9.588,1.148,1.203,9.827,9.127,9.557,1.143,1.203
1,51.802,9.802,9.144,9.552,1.123,1.212,9.864,9.124,9.559,1.133,1.23
1,51.909,9.868,9.189,9.559,1.107,1.224,9.816,9.119,9.538,1.124,1.235
1,52.037,9.826,9.141,9.57,1.127,1.243,9.802,9.112,9.543,1.119,1.242
1,52.242,9.854,9.102,9.56,1.117,1.234,9.883,9.119,9.554,1.13,1.206
1,52.987,9.863,9.165,9.507,1.105,1.223,9.894,9.162,9.564,1.115,1.238
1,53.575,9.869,9.11,9.561,1.126,1.218,9.82,9.143,9.517,1.114,1.249
1,53.948,9.869,9.159,9.566,1.141,1.241,9.867,9.144,9.588,1.109,1.22
1,54.034,9.829,9.16,9.584,1.144,1.212,9.829,9.178,9.554,1.129,1.241
1,56.45,9.803,9.134,9.59,1.139,1.245,9.875,9.133,9.58,1.124,1.221
1,57.128,9.834,9.152,9.546,1.112,1.237,9.891,9.14,9.563,1.138,1.248
1,58.208,9.858,9.195,9.509,1.13,1.219,9.854,9.162,9.577,1.13,1.242
1,59.201,9.801,9.167,9.591,1.118,1.201,9.818,9.106,9.559,1.148,1.22
1,59.297,9.866,9.187,9.525,1.116,1.232,9.826,9.129,9.6,1.123,1.234
1,59.344,9.851,9.155,9.529,1.115,1.247,9.804,9.166,9.59,1.102,1.234
1,59.577,9.874,9.102,9.541,1.106,1.22,9.882,9.155,9.577,1.137,1.215
1,59.692,9.803,9.15,9.559,1.121,1.234,9.846,9.19,9.514,1.134,1.23
1,60.462,9.815,9.171,9.524,1.128,1.221,9.8,9.181,9.596,1.101,1.249
1,60.88,9.871,9.146,9.524,1.118,1.229,9.847,9.163,9.546,1.123,1.218
1,61.971,9.895,9.161,9.524,1.114,1.207,9.864,9.178,9.512,1.118,1.217
1,62.035,9.865,9.108,9.598,1.111,1.204,9.887,9.178,9.533,1.11,1.234
1,62.115,9.868,9.151,9.584,1.149,1.215,9.84,9.183,9.578,1.114,1.246
1,62.116,9.854,9.163,9.526,1.117,1.243,9.832,9.131,9.519,1.105,1.229
1,62.761,9.88,9.124,9.536,1.117,1.206,9.816,9.196,9.509,1.119,1.25
1,62.99,9.88,9.174,9.53,1.115,1.209,9.877,9.187,9.598,1.146,1.246
1,63.207,9.818,9.118,9.589,1.111,1.231,9.849,9.176,9.523,1.133,1.222
1,63.735,9.829,9.128,9.555,1.13,1.211,9.889,9.124,9.547,1.126,1.224
1,64.382,9.814,9.152,9.582,1.101,1.222,9.801,9.193,9.513,1.115,1.23
1,64.523,9.858,9.145,9.59,1.109,1.209,9.846,9.108,9.575,1.111,1.206
1,64.789,9.893,9.149,9.501,1.139,1.235,9.866,9.117,9.53,1.129,1.206
1,65.848,9.85,9.139,9.52,1.114,1.203,9.866,9.186,9.554,1.108,1.216
1,65.974,9.817,9.193,9.561,1.134,1.22,9.829,9.156,9.536,1.148,1.241
1,67.239,9.885,9.161,9.568,1.135,1.212,9.834,9.164,9.542,1.121,1.223
1,67.291,9.801,9.109,9.582,1.135,1.215,9.88,9.131,9.6,1.111,1.213
1,68.353,9.864,9.113,9.506,1.148,1.222,9.898,9.2,9.568,1.137,1.228
1,68.582,9.88,9.117,9.564,1.144,1.218,9.817,9.131,9.503,1.104,1.235
1,69.784,9.876,9.161,9.571,1.144,1.209,9.863,9.18,9.56,1.124,1.201
1,69.888,9.875,9.11,9.527,1.106,1.231,9.898,9.168,9.593,1.119,1.229
1,69.945,9.827,9.143,9.568,1.13,1.232,9.88,9.156,9.589,1.144,1.205
1,70.353,9.895,9.195,9.572,1.121,1.21,9.845,9.154,9.519,1.132,1.219
1,71.429,9.837,9.186,9.515,1.129,1.228,9.821,9.116,9.501,1.107,1.206
1,71.556,9.818,9.106,9.547,1.124,1.207,9.808,9.146,9.598,1.127,1.232
1,71.656,9.817,9.136,9.536,1.15,1.236,9.808,9.187,9.511,1.105,1.248
1,72.226,9.858,9.144,9.592,1.136,1.247,9.848,9.153,9.595,1.149,1.203
1,72.338,9.866,9.148,9.521,1.101,1.232,9.861,9.151,9.504,1.144,1.215
1,72.443,9.874,9.133,9.561,1.14,1.248,9.888,9.127,9.514,1.101,1.21
1,72.499,9.823,9.167,9.595,1.101,1.232,9.864,9.187,9.533,1.128,1.202
1,72.605,9.858,9.17,9.596,1.119,1.25,9.833,9.139,9.577,1.111,1.212
1,72.772,9.894,9.173,9.508,1.147,1.23,9.864,9.142,9.597,1.135,1.242
1,73.054,9.801,9.163,9.598,1.125,1.212,9.804,9.178,9.574,1.147,1.212
1,73.139,9.896,9.128,9.57,1.103,1.22,9.825,9.136,9.527,1.146,1.236
1,73.17,9.867,9.136,9.534,1.127,1.235,9.837,9.133,9.518,1.147,1.219
1,73.442,9.867,9.116,9.59,1.134,1.225,9.844,9.129,9.52,1.144,1.22
1,73.48,9.811,9.122,9.568,1.119,1.223,9.865,9.114,9.56,1.114,1.23
1,75.66,9.833,9.113,9.521,1.121,1.243,9.826,9.156,9.511,1.144,1.221
1,75.747,9.805,9.144,9.535,1.123,1.238,9.84,9.126,9.582,1.139,1.249
1,76.333,9.809,9.151,9.522,1.143,1.231,9.883,9.152,9.514,1.109,1.235
1,76.879,9.852,9.165,9.548,1.119,1.241,9.888,9.151,9.577,1.101,1.225
1,77.054,9.892,9.183,9.591,1.13,1.238,9.835,9.193,9.532,1.119,1.236
1,77.366,9.812,9.18,9.523,1.127,1.226,9.811,9.119,9.553,1.116,1.23
1,77.672,9.809,9.183,9.519,1.123,1.214,9.885,9.128,9.51,1.127,1.222
1,78.298,9.823,9.155,9.572,1.139,1.247,9.837,9.167,9.558,1.124,1.207
1,78.532,9.825,9.136,9.546,1.137,1.223,9.814,9.179,9.534,1.142,1.235
1,79.943,9.888,9.129,9.562,1.116,1.243,9.852,9.158,9.578,1.107,1.24
1,79.995,9.867,9.157,9.554,1.141,1.222,9.864,9.156,9.519,1.142,1.211
1,80.04,9.802,9.121,9.527,1.111,1.229,9.886,9.192,9.58,1.112,1.206
1,80.163,9.802,9.173,9.524,1.116,1.219,9.807,9.128,9.568,1.136,1.241
1,80.953,9.884,9.124,9.548,1.126,1.221,9.854,9.116,9.58,1.129,1.233
1,80.972,9.871,9.161,9.575,1.125,1.225,9.818,9.134,9.584,1.134,1.212
1,81.223,9.813,9.2,9.538,1.121,1.232,9.856,9.188,9.596,1.114,1.245
1,81.396,9.836,9.109,9.502,1.113,1.221,9.837,9.173,9.528,1.126,1.221
1,81.641,9.861,9.144,9.574,1.122,1.233,9.847,9.111,9.572,1.117,1.22
1,82.402,9.858,9.145,9.537,1.149,1.228,9.815,9.128,9.594,1.115,1.223
1,83.167,9.837,9.118,9.587,1.112,1.221,9.839,9.124,9.59,1.131,1.23
1,83.835,9.811,9.115,9.53,1.109,1.235,9.855,9.152,9.565,1.118,1.214
1,83.885,9.803,9.158,9.589,1.139,1.241,9.879,9.124,9.584,1.129,1.248
1,84.867,9.811,9.199,9.503,1.134,1.227,9.803,9.155,9.585,1.104,1.22
1,85.061,9.874,9.188,9.559,1.108,1.248,9.858,9.157,9.54,1.137,1.232
1,86.651,9.834,9.139,9.539,1.131,1.216,9.831,9.108,9.585,1.129,1.214
1,86.79,9.81,9.148,9.566,1.123,1.2,9.877,9.182,9.526,1.122,1.2
1,86.855,9.842,9.171,9.588,1.105,1.206,9.842,9.132,9.543,1.139,1.239
1,87.535,9.851,9.192,9.59,1.141,1.239,9.897,9.142,9.509,1.124,1.205
1,88.073,9.805,9.179,9.504,1.144,1.217,9.881,9.158,9.561,1.123,1.21
1,88.878,9.851,9.104,9.549,1.124,1.222,9.883,9.183,9.544,1.1,1.235
1,89.185,9.826,9.158,9.544,1.142,1.247,9.825,9.158,9.542,1.111,1.208
1,89.909,9.839,9.14,9.55,1.115,1.222,9.882,9.194,9.593,1.112,1.242
1,90.152,9.862,9.19,9.536,1.131,1.242,9.877,9.114,9.575,1.139,1.249
1,91.518,9.864,9.188,9.547,1.12,1.249,9.887,9.107,9.539,1.146,1.249
1,91.587,9.882,9.177,9.584,1.118,1.227,9.816,9.111,9.582,1.12,1.222
1,91.672,9.857,9.14,9.543,1.137,1.23,9.857,9.121,9.534,1.107,1.247
1,91.746,9.823,9.106,9.502,1.147,1.236,9.826,9.155,9.573,1.149,1.22
1,92.158,9.893,9.189,9.503,1.116,1.203,9.817,9.136,9.52,1.136,1.238
1,92.483,9.888,9.128,9.578,1.131,1.234,9.864,9.183,9.536,1.101,1.218
1,93.187,9.823,9.106,9.501,1.133,1.245,9.826,9.118,9.558,1.111,1.237
1,93.189,9.826,9.132,9.567,1.111,1.24,9.816,9.164,9.506,1.123,1.239
1,94.283,9.805,9.145,9.503,1.114,1.232,9.875,9.141,9.558,1.116,1.206
1,94.368,9.854,9.178,9.531,1.101,1.206,9.873,9.136,9.561,1.124,1.22
1,94.437,9.882,9.186,9.518,1.108,1.212,9.816,9.154,9.559,1.134,1.201
1,94.825,9.827,9.148,9.539,1.101,1.232,9.8,9.13,9.534,1.128,1.225
1,94.944,9.846,9.173,9.552,1.147,1.244,9.895,9.129,9.545,1.122,1.248
1,96.431,9.854,9.188,9.574,1.135,1.235,9.837,9.147,9.52,1.146,1.22
1,96.484,9.861,9.187,9.588,1.116,1.228,9.838,9.192,9.533,1.136,1.219
1,97.07,9.837,9.143,9.599,1.13,1.213,9.85,9.132,9.578,1.107,1.236
1,97.167,9.846,9.154,9.56,1.106,1.2,9.848,9.173,9.595,1.124,1.221
1,97.977,9.855,9.124,9.544,1.124,1.23,9.897,9.2,9.571,1.12,1.217
1,98.193,9.895,9.113,9.511,1.142,1.241,9.821,9.175,9.577,1.116,1.219
1,99.772,9.862,9.141,9.583,1.125,1.232,9.854,9.139,9.529,1.137,1.236
1,100.759,9.802,9.17,9.573,1.123,1.208,9.87,9.156,9.597,1.112,1.249
1,101.687,9.865,9.152,9.517,1.105,1.218,9.829,9.151,9.532,1.111,1.248
1,102.111,9.892,9.154,9.545,1.141,1.241,9.85,9.165,9.591,1.111,1.236
1,102.472,9.857,9.128,9.55,1.131,1.229,9.831,9.178,9.531,1.132,1.214
1,102.764,9.849,9.188,9.599,1.117,1.208,9.86,9.1,9.537,1.109,1.241
1,102.766,9.842,9.138,9.584,1.149,1.232,9.809,9.129,9.533,1.147,1.218
1,103.559,9.804,9.186,9.598,1.13,1.227,9.869,9.173,9.507,1.124,1.249
1,105.086,9.829,9.171,9.52,1.11,1.201,9.865,9.116,9.569,1.13,1.24
1,105.353,9.871,9.199,9.537,1.13,1.243,9.815,9.142,9.532,1.116,1.224
1,106.094,9.83,9.18,9.523,1.123,1.237,9.81,9.117,9.519,1.117,1.223
1,106.797,9.864,9.124,9.591,1.136,1.207,9.841,9.155,9.575,1.103,1.202
1,107.65,9.828,9.162,9.583,1.109,1.211,9.894,9.157,9.537,1.127,1.235
1,108.377,9.894,9.155,9.562,1.13,1.221,9.804,9.116,9.527,1.14,1.243
1,110.266,9.881,9.151,9.517,1.14,1.205,9.848,9.17,9.577,1.119,1.211
1,110.52,9.862,9.158,9.554,1.121,1.233,9.849,9.119,9.583,1.121,1.209
1,110.575,9.873,9.167,9.536,1.117,1.247,9.872,9.121,9.568,1.118,1.244
1,111.028,9.811,9.187,9.567,1.102,1.246,9.871,9.154,9.598,1.127,1.236
1,111.809,9.833,9.173,9.588,1.123,1.209,9.857,9.144,9.582,1.144,1.215
1,112.552,9.821,9.176,9.577,1.108,1.25,9.804,9.157,9.524,1.103,1.245
1,112.761,9.836,9.131,9.501,1.101,1.222,9.853,9.13,9.573,1.142,1.243
1,112.812,9.861,9.185,9.557,1.142,1.238,9.818,9.159,9.546,1.134,1.247
1,113.538,9.818,9.184,9.555,1.105,1.208,9.884,9.195,9.581,1.107,1.232
1,113.876,9.873,9.16,9.529,1.126,1.227,9.855,9.166,9.577,1.127,1.206
1,113.893,9.887,9.2,9.512,1.144,1.223,9.865,9.142,9.598,1.103,1.244
1,113.957,9.844,9.171,9.557,1.103,1.223,9.867,9.146,9.526,1.122,1.233
1,114.052,9.84,9.168,9.544,1.149,1.224,9.822,9.177,9.595,1.142,1.247
1,115.337,9.883,9.116,9.517,1.142,1.228,9.891,9.153,9.52,1.114,1.213
1,115.635,9.842,9.155,9.598,1.142,1.219,9.812,9.183,9.593,1.101,1.244
1,115.643,9.802,9.177,9.585,1.104,1.228,9.843,9.18,9.521,1.135,1.218
1,115.942,9.846,9.186,9.505,1.116,1.22,9.804,9.195,9.547,1.125,1.228
1,116.385,9.865,9.129,9.564,1.123,1.232,9.808,9.19,9.503,1.13,1.243
1,116.564,9.803,9.111,9.508,1.143,1.219,9.802,9.145,9.524,1.124,1.212
1,116.711,9.816,9.11,9.547,1.12,1.222,9.881,9.15,9.527,1.117,1.2
1,116.791,9.898,9.127,9.568,1.115,1.216,9.867,9.135,9.507,1.139,1.201
1,117.023,9.861,9.12,9.559,1.107,1.209,9.898,9.1,9.531,1.148,1.237
1,117.124,9.858,9.175,9.542,1.133,1.225,9.843,9.125,9.574,1.129,1.235
1,117.972,9.894,9.138,9.566,1.122,1.242,9.849,9.163,9.501,1.123,1.246
1,118.113,9.827,9.182,9.537,1.124,1.228,9.802,9.13,9.508,1.14,1.222
1,118.128,9.855,9.187,9.553,1.136,1.208,9.873,9.134,9.512,1.126,1.243
1,118.298,9.865,9.136,9.574,1.118,1.219,9.824,9.126,9.596,1.143,1.218
1,118.522,9.88,9.141,9.557,1.109,1.243,9.897,9.115,9.587,1.127,1.224
1,118.568,9.84,9.127,9.515,1.116,1.208,9.889,9.148,9.552,1.11,1.232
1,119.049,9.851,9.126,9.588,1.144,1.234,9.869,9.142,9.585,1.147,1.24
1,119.403,9.878,9.155,9.577,1.15,1.243,9.837,9.184,9.513,1.133,1.201
1,119.773,9.819,9.161,9.584,1.116,1.245,9.86,9.106,9.571,1.135,1.243
1,120.231,9.889,9.131,9.504,1.126,1.236,9.841,9.107,9.519,1.119,1.209
1,120.686,9.804,9.142,9.595,1.109,1.203,9.803,9.179,9.543,1.106,1.202
1,120.894,9.826,9.139,9.535,1.114,1.232,9.866,9.138,9.585,1.116,1.214
1,121.544,9.851,9.162,9.552,1.108,1.234,9.898,9.189,9.577,1.112,1.215
1,121.666,9.879,9.143,9.535,1.116,1.205,9.859,9.167,9.505,1.105,1.233
1,122.453,9.842,9.132,9.557,1.105,1.247,9.824,9.144,9.597,1.11,1.203
1,123.417,9.807,9.135,9.546,1.127,1.204,9.823,9.189,9.513,1.129,1.23
1,125.997,9.84,9.157,9.598,1.138,1.232,9.84,9.137,9.56,1.125,1.216
1,126.323,9.865,9.194,9.552,1.134,1.207,9.898,9.109,9.566,1.121,1.226
1,126.745,9.861,9.17,9.589,1.126,1.2,9.876,9.153,9.544,1.101,1.209
1,126.89,9.809,9.116,9.548,1.14,1.227,9.818,9.109,9.596,1.141,1.203
1,127.877,9.801,9.111,9.551,1.11,1.23,9.865,9.101,9.523,1.1,1.236
1,128.872,9.812,9.137,9.532,1.118,1.24,9.864,9.157,9.587,1.108,1.212
1,129.015,9.838,9.152,9.574,1.126,1.224,9.864,9.125,9.582,1.125,1.202
1,129.14,9.856,9.183,9.531,1.108,1.207,9.893,9.109,9.521,1.115,1.205
1,129.217,9.846,9.138,9.598,1.124,1.226,9.817,9.12,9.543,1.149,1.236
1,129.615,9.838,9.118,9.575,1.12,1.235,9.888,9.136,9.504,1.133,1.243
1,130.264,9.848,9.128,9.549,1.123,1.242,9.815,9.131,9.574,1.113,1.202
1,130.346,9.8,9.142,9.509,1.105,1.231,9.897,9.183,9.563,1.137,1.209
1,130.478,9.823,9.198,9.591,1.139,1.238,9.897,9.185,9.578,1.138,1.244
1,130.755,9.875,9.151,9.534,1.127,1.238,9.829,9.122,9.517,1.109,1.202
1,131.102,9.845,9.174,9.518,1.126,1.235,9.874,9.131,9.52,1.108,1.228
1,131.956,9.876,9.166,9.573,1.137,1.232,9.837,9.192,9.508,1.102,1.209
1,134.277,9.857,9.179,9.504,1.118,1.247,9.891,9.152,9.503,1.12,1.219
1,134.593,9.897,9.128,9.597,1.114,1.224,9.881,9.185,9.568,1.138,1.222
1,135.075,9.856,9.19,9.588,1.127,1.224,9.84,9.104,9.553,1.103,1.229
1,135.326,9.874,9.119,9.511,1.106,1.238,9.843,9.136,9.512,1.127,1.209
1,135.449,9.836,9.121,9.501,1.122,1.217,9.828,9.129,9.513,1.132,1.232
1,136.67,9.851,9.151,9.508,1.137,1.219,9.842,9.133,9.531,1.102,1.23
1,136.673,9.888,9.104,9.521,1.137,1.241,9.864,9.159,9.588,1.117,1.22
1,137.866,9.894,9.199,9.542,1.108,1.214,9.802,9.106,9.527,1.115,1.247
1,139.334,9.82,9.136,9.528,1.116,1.238,9.837,9.136,9.581,1.116,1.235
1,139.631,9.836,9.167,9.528,1.105,1.239,9.825,9.129,9.524,1.134,1.238
1,139.729,9.829,9.132,9.513,1.123,1.209,9.847,9.112,9.572,1.137,1.244
1,140.605,9.898,9.109,9.548,1.119,1.215,9.848,9.11,9.596,1.149,1.232
1,140.795,9.888,9.163,9.556,1.101,1.239,9.893,9.156,9.551,1.108,1.214
1,140.966,9.88,9.1,9.589,1.124,1.246,9.888,9.199,9.528,1.125,1.229
1,141.515,9.876,9.155,9.543,1.142,1.223,9.839,9.11,9.539,1.129,1.245
1,141.528,9.823,9.153,9.514,1.111,1.202,9.864,9.186,9.558,1.131,1.21
1,142.183,9.809,9.144,9.525,1.141,1.231,9.801,9.144,9.543,1.136,1.248
1,142.517,9.808,9.195,9.507,1.125,1.228,9.879,9.12,9.568,1.127,1.206
1,143.407,9.824,9.151,9.513,1.108,1.208,9.821,9.176,9.556,1.144,1.211
1,143.611,9.816,9.157,9.523,1.136,1.219,9.82,9.186,9.585,1.116,1.206
1,143.857,9.859,9.161,9.527,1.134,1.245,9.833,9.151,9.584,1.1,1.224
1,144.164,9.805,9.161,9.575,1.119,1.24,9.835,9.106,9.53,1.149,1.205
1,144.272,9.801,9.134,9.542,1.141,1.244,9.893,9.141,9.503,1.142,1.221
1,144.644,9.89,9.133,9.513,1.125,1.234,9.898,9.177,9.518,1.137,1.246
1,146.221,9.865,9.163,9.588,1.101,1.202,9.88,9.178,9.532,1.116,1.215
1,146.344,9.802,9.175,9.59,1.106,1.248,9.861,9.161,9.531,1.133,1.241
1,146.672,9.893,9.102,9.534,1.139,1.233,9.817,9.19,9.577,1.133,1.219
1,146.717,9.802,9.118,9.509,1.109,1.232,9.842,9.129,9.558,1.109,1.236
1,148.086,9.839,9.105,9.525,1.144,1.22,9.887,9.115,9.599,1.142,1.25
1,148.513,9.81,9.164,9.55,1.125,1.209,9.838,9.105,9.559,1.143,1.22
1,148.988,9.847,9.174,9.577,1.124,1.245,9.887,9.124,9.555,1.114,1.206
1,149.885,9.854,9.101,9.541,1.143,1.205,9.842,9.115,9.582,1.102,1.226
1,151.127,9.841,9.155,9.592,1.114,1.238,9.879,9.154,9.522,1.123,1.233
1,151.724,9.815,9.173,9.583,1.103,1.213,9.833,9.147,9.568,1.145,1.223
1,152.768,9.881,9.108,9.513,1.123,1.218,9.857,9.127,9.568,1.118,1.214
1,153.908,9.864,9.132,9.57,1.13,1.218,9.807,9.167,9.504,1.109,1.212
1,154.324,9.844,9.173,9.599,1.102,1.219,9.816,9.163,9.555,1.13,1.242
1,154.662,9.861,9.155,9.514,1.11,1.225,9.8,9.167,9.563,1.131,1.239
1,154.755,9.879,9.112,9.532,1.116,1.238,9.821,9.176,9.542,1.116,1.209
1,155.056,9.839,9.136,9.505,1.13,1.247,9.856,9.176,9.542,1.147,1.249
1,155.578,9.837,9.155,9.501,1.13,1.203,9.858,9.18,9.511,1.103,1.202
1,155.705,9.9,9.156,9.543,1.149,1.201,9.836,9.187,9.571,1.118,1.201
1,155.741,9.814,9.128,9.564,1.109,1.24,9.841,9.165,9.561,1.139,1.223
1,155.91,9.818,9.116,9.57,1.126,1.206,9.88,9.128,9.58,1.126,1.232
1,156.743,9.817,9.129,9.596,1.134,1.249,9.838,9.179,9.554,1.139,1.229
1,156.781,9.853,9.155,9.524,1.118,1.209,9.875,9.132,9.573,1.135,1.224
1,157.239,9.845,9.164,9.582,1.136,1.244,9.814,9.2,9.529,1.104,1.206
1,157.476,9.887,9.123,9.584,1.106,1.228,9.869,9.132,9.527,1.144,1.219
1,158.709,9.854,9.158,9.548,1.106,1.215,9.843,9.188,9.543,1.117,1.221
1,159.114,9.837,9.158,9.558,1.146,1.228,9.858,9.137,9.568,1.13,1.212
1,159.143,9.82,9.184,9.559,1.128,1.235,9.883,9.112,9.542,1.115,1.229
1,159.76,9.824,9.188,9.538,1.114,1.213,9.861,9.161,9.533,1.142,1.247
1,159.83,9.832,9.142,9.519,1.108,1.218,9.849,9.131,9.597,1.117,1.228
1,160.115,9.846,9.107,9.541,1.138,1.248,9.817,9.19,9.547,1.12,1.23
1,160.142,9.83,9.131,9.598,1.144,1.202,9.88,9.139,9.582,1.126,1.212
1,160.401,9.836,9.174,9.541,1.122,1.235,9.858,9.158,9.563,1.11,1.238
1,161.616,9.823,9.111,9.53,1.144,1.238,9.837,9.119,9.577,1.139,1.239
1,162.619,9.848,9.12,9.572,1.134,1.2,9.837,9.2,9.532,1.124,1.215
1,162.703,9.871,9.138,9.534,1.133,1.218,9.861,9.116,9.518,1.114,1.216
1,162.829,9.889,9.177,9.526,1.136,1.209,9.851,9.15,9.573,1.116,1.239
1,163.243,9.899,9.142,9.521,1.139,1.232,9.846,9.174,9.573,1.111,1.238
1,163.277,9.832,9.161,9.552,1.14,1.247,9.866,9.155,9.585,1.104,1.21
1,163.495,9.864,9.17,9.558,1.12,1.209,9.87,9.145,9.509,1.124,1.223
1,163.972,9.837,9.151,9.577,1.148,1.241,9.848,9.131,9.534,1.124,1.232
1,164.039,9.851,9.188,9.501,1.117,1.231,9.818,9.143,9.572,1.131,1.22
1,164.217,9.872,9.175,9.545,1.115,1.2,9.851,9.144,9.579,1.104,1.227
1,164.412,9.832,9.176,9.524,1.1,1.201,9.889,9.19,9.541,1.137,1.241
1,165.137,9.835,9.19,9.592,1.119,1.247,9.837,9.194,9.57,1.135,1.237
1,166.498,9.847,9.195,9.514,1.101,1.226,9.851,9.169,9.534,1.122,1.248
1,166.785,9.883,9.133,9.573,1.142,1.2,9.836,9.1,9.577,1.105,1.223
1,167.048,9.884,9.106,9.568,1.139,1.221,9.869,9.159,9.553,1.149,1.214
1,168.703,9.837,9.181,9.561,1.104,1.22,9.878,9.143,9.534,1.103,1.249
1,168.841,9.872,9.153,9.532,1.105,1.209,9.869,9.162,9.547,1.106,1.208
1,169.147,9.852,9.116,9.511,1.115,1.205,9.823,9.133,9.534,1.114,1.221
1,169.149,9.841,9.183,9.568,1.143,1.206,9.838,9.115,9.541,1.126,1.225
1,169.234,9.861,9.1,9.589,1.109,1.235,9.847,9.135,9.513,1.129,1.211
1,169.635,9.883,9.124,9.558,1.135,1.241,9.889,9.167,9.568,1.141,1.223
1,170.17,9.846,9.128,9.537,1.129,1.234,9.812,9.103,9.592,1.147,1.241
1,170.294,9.884,9.193,9.577,1.135,1.204,9.88,9.137,9.56,1.149,1.223
1,170.569,9.817,9.177,9.559,1.133,1.249,9.854,9.106,9.521,1.123,1.237
1,171.037,9.864,9.175,9.566,1.147,1.232,9.804,9.167,9.55,1.105,1.225
1,171.348,9.843,9.157,9.543,1.102,1.217,9.83,9.183,9.567,1.103,1.245
1,171.536,9.852,9.129,9.571,1.136,1.2,9.899,9.158,9.507,1.113,1.208
1,172.873,9.845,9.165,9.592,1.146,1.225,9.879,9.156,9.528,1.134,1.245
1,172.891,9.829,9.179,9.507,1.119,1.21,9.854,9.122,9.578,1.112,1.219
1,173.214,9.815,9.129,9.545,1.129,1.229,9.808,9.17,9.524,1.133,1.237
1,173.232,9.869,9.153,9.574,1.148,1.249,9.823,9.183,9.569,1.137,1.218
1,173.573,9.861,9.164,9.525,1.127,1.212,9.812,9.193,9.585,1.117,1.234
1,173.971,9.84,9.118,9.568,1.124,1.22,9.807,9.138,9.585,1.115,1.246
1,174.375,9.876,9.181,9.523,1.123,1.247,9.868,9.124,9.575,1.102,1.204
1,174.409,9.887,9.155,9.567,1.13,1.249,9.857,9.186,9.585,1.122,1.238
1,175.287,9.873,9.105,9.568,1.13,1.228,9.811,9.155,9.564,1.131,1.212
1,175.484,9.869,9.179,9.553,1.133,1.246,9.868,9.104,9.501,1.113,1.246
1,175.828,9.882,9.181,9.579,1.123,1.225,9.893,9.122,9.535,1.117,1.209
1,176.374,9.811,9.131,9.569,1.121,1.235,9.842,9.17,9.531,1.119,1.238
1,177.045,9.842,9.155,9.518,1.116,1.241,9.82,9.144,9.512,1.108,1.232
1,177.12,9.841,9.181,9.508,1.142,1.211,9.823,9.128,9.576,1.104,1.212
1,177.519,9.817,9.12,9.537,1.136,1.229,9.88,9.155,9.596,1.125,1.242
1,178.025,9.88,9.136,9.537,1.107,1.217,9.82,9.107,9.537,1.114,1.21
1,178.618,9.864,9.157,9.565,1.117,1.209,9.8,9.138,9.6,1.114,1.247
1,178.813,9.826,9.198,9.555,1.133,1.209,9.828,9.188,9.559,1.123,1.212
1,179.262,9.865,9.155,9.526,1.115,1.226,9.883,9.182,9.519,1.119,1.23
1,179.561,9.84,9.111,9.592,1.104,1.22,9.897,9.157,9.524,1.112,1.236
1,180.282,9.836,9.121,9.541,1.102,1.226,9.885,9.114,9.57,1.125,1.217
1,181.464,9.895,9.112,9.558,1.107,1.226,9.865,9.164,9.509,1.117,1.232
1,182.033,9.844,9.108,9.519,1.143,1.245,9.829,9.117,9.549,1.126,1.222
1,182.615,9.84,9.11,9.517,1.113,1.241,9.88,9.192,9.583,1.127,1.21
1,183.704,9.82,9.137,9.549,1.133,1.205,9.828,9.162,9.555,1.136,1.209
1,185.087,9.872,9.129,9.597,1.132,1.24,9.836,9.186,9.525,1.125,1.244
1,185.646,9.886,9.163,9.546,1.104,1.205,9.897,9.111,9.523,1.145,1.213
1,185.967,9.817,9.144,9.525,1.112,1.245,9.865,9.188,9.595,1.102,1.238
1,186.053,9.881,9.194,9.528,1.115,1.204,9.858,9.128,9.597,1.126,1.23
1,186.252,9.889,9.173,9.565,1.139,1.212,9.865,9.129,9.596,1.132,1.226
1,186.624,9.832,9.176,9.59,1.13,1.245,9.867,9.168,9.534,1.13,1.235
1,186.885,9.833,9.146,9.566,1.134,1.216,9.874,9.101,9.532,1.124,1.235
1,187.206,9.869,9.142,9.583,1.125,1.22,9.805,9.167,9.52,1.146,1.2
1,188.893,9.881,9.153,9.574,1.123,1.215,9.893,9.134,9.531,1.147,1.229
1,189.093,9.829,9.132,9.516,1.106,1.23,9.867,9.1,9.557,1.133,1.231
1,189.131,9.829,9.189,9.582,1.143,1.23,9.831,9.162,9.574,1.105,1.232
1,190.235,9.864,9.128,9.582,1.116,1.206,9.845,9.176,9.549,1.139,1.214
1,192.093,9.864,9.199,9.571,1.102,1.248,9.843,9.187,9.587,1.126,1.243
1,192.444,9.874,9.115,9.596,1.134,1.244,9.851,9.154,9.507,1.144,1.228
1,192.538,9.833,9.175,9.561,1.104,1.228,9.867,9.164,9.579,1.124,1.225
1,192.77,9.844,9.102,9.514,1.134,1.232,9.815,9.154,9.502,1.148,1.211
1,193.582,9.815,9.112,9.575,1.114,1.227,9.868,9.163,9.586,1.12,1.23
1,194.097,9.839,9.168,9.521,1.131,1.225,9.842,9.154,9.582,1.114,1.212
1,195.195,9.899,9.113,9.556,1.101,1.249,9.861,9.136,9.591,1.115,1.211
1,195.635,9.87,9.181,9.587,1.12,1.249,9.848,9.152,9.585,1.128,1.247
1,195.641,9.858,9.105,9.597,1.149,1.217,9.82,9.17,9.558,1.101,1.237
1,196.328,9.842,9.138,9.504,1.103,1.226,9.836,9.115,9.572,1.133,1.2
1,197.103,9.811,9.181,9.592,1.121,1.226,9.869,9.112,9.506,1.14,1.216
1,197.597,9.812,9.168,9.6,1.117,1.214,9.824,9.163,9.522,1.128,1.215
1,197.736,9.818,9.133,9.521,1.125,1.223,9.883,9.109,9.541,1.101,1.205
1,197.743,9.86,9.196,9.573,1.111,1.206,9.825,9.174,9.501,1.118,1.23
1,198.3,9.811,9.165,9.595,1.127,1.227,9.82,9.188,9.523,1.122,1.24
1,198.318,9.833,9.14,9.575,1.128,1.227,9.808,9.127,9.589,1.121,1.211
1,198.357,9.825,9.11,9.518,1.122,1.23,9.814,9.134,9.551,1.11,1.237
1,198.517,9.823,9.159,9.568,1.125,1.231,9.85,9.123,9.502,1.125,1.239
1,198.787,9.812,9.131,9.596,1.14,1.244,9.84,9.198,9.589,1.139,1.249
1,198.92,9.871,9.129,9.551,1.129,1.228,9.886,9.15,9.517,1.116,1.225
1,199.234,9.824,9.153,9.523,1.116,1.223,9.883,9.152,9.541,1.142,1.237
1,199.329,9.842,9.167,9.546,1.147,1.248,9.845,9.185,9.534,1.148,1.241
1,200.97,9.868,9.1,9.543,1.13,1.218,9.871,9.102,9.501,1.133,1.225
1,201.126,9.898,9.159,9.587,1.122,1.24,9.859,9.176,9.514,1.129,1.228
1,201.869,9.812,9.116,9.569,1.101,1.248,9.816,9.142,9.513,1.114,1.239
1,202.019,9.873,9.124,9.501,1.118,1.238,9.874,9.196,9.501,1.113,1.219
1,202.024,9.865,9.136,9.56,1.133,1.221,9.897,9.116,9.587,1.107,1.247
1,202.613,9.813,9.196,9.524,1.108,1.209,9.831,9.129,9.501,1.101,1.215
1,204.912,9.873,9.195,9.564,1.144,1.23,9.865,9.192,9.554,1.127,1.215
1,204.942,9.807,9.159,9.526,1.106,1.242,9.802,9.195,9.582,1.128,1.248
1,205.635,9.815,9.195,9.572,1.138,1.235,9.899,9.127,9.561,1.103,1.207
1,205.776,9.845,9.189,9.542,1.102,1.212,9.875,9.128,9.511,1.148,1.211
1,208.175,9.88,9.12,9.591,1.112,1.205,9.898,9.124,9.537,1.133,1.229
1,208.972,9.861,9.102,9.536,1.103,1.243,9.806,9.116,9.582,1.126,1.206
1,209.095,9.846,9.127,9.565,1.148,1.229,9.805,9.17,9.534,1.12,1.225
1,209.192,9.801,9.177,9.548,1.13,1.239,9.845,9.116,9.564,1.13,1.209
1,209.268,9.897,9.171,9.598,1.109,1.214,9.804,9.156,9.553,1.116,1.2
1,209.28,9.84,9.116,9.548,1.143,1.205,9.887,9.117,9.533,1.104,1.218
1,210.845,9.834,9.161,9.528,1.101,1.212,9.881,9.177,9.503,1.148,1.245
1,211.852,9.869,9.181,9.588,1.141,1.202,9.845,9.156,9.525,1.137,1.218
1,212.452,9.859,9.192,9.529,1.118,1.216,9.837,9.124,9.559,1.122,1.209
1,213.691,9.82,9.159,9.554,1.133,1.206,9.869,9.159,9.543,1.127,1.226
1,214.571,9.865,9.163,9.511,1.101,1.25,9.83,9.132,9.575,1.106,1.239
1,214.586,9.823,9.129,9.56,1.116,1.239,9.89,9.197,9.552,1.118,1.2
1,214.649,9.874,9.187,9.574,1.132,1.21,9.872,9.173,9.57,1.113,1.23
1,215.299,9.886,9.195,9.512,1.111,1.215,9.889,9.145,9.535,1.136,1.225
1,215.346,9.868,9.124,9.59,1.101,1.211,9.865,9.194,9.569,1.104,1.228
1,216.001,9.807,9.156,9.571,1.142,1.212,9.82,9.11,9.591,1.142,1.238
1,216.222,9.879,9.141,9.554,1.123,1.212,9.843,9.13,9.588,1.101,1.248
1,216.292,9.895,9.183,9.581,1.135,1.247,9.84,9.175,9.509,1.148,1.216
1,216.606,9.826,9.115,9.501,1.123,1.247,9.804,9.197,9.533,1.118,1.247
1,217.01,9.887,9.142,9.573,1.139,1.211,9.804,9.184,9.502,1.11,1.23
1,217.149,9.845,9.178,9.522,1.125,1.249,9.861,9.176,9.585,1.137,1.232
1,217.228,9.836,9.133,9.561,1.108,1.209,9.836,9.122,9.534,1.105,1.221
1,217.277,9.803,9.129,9.557,1.119,1.236,9.899,9.129,9.546,1.14,1.235
1,217.541,9.848,9.18,9.583,1.115,1.246,9.804,9.188,9.542,1.149,1.222
1,218.228,9.831,9.123,9.574,1.106,1.228,9.865,9.12,9.527,1.141,1.204
1,219.236,9.894,9.144,9.56,1.134,1.225,9.898,9.181,9.557,1.115,1.21
1,219.716,9.866,9.128,9.571,1.132,1.202,9.859,9.122,9.578,1.114,1.212
1,220.925,9.875,9.101,9.52,1.144,1.236,9.893,9.158,9.561,1.102,1.215
1,221.601,9.853,9.132,9.535,1.123,1.215,9.895,9.165,9.523,1.101,1.203
1,221.767,9.844,9.164,9.529,1.115,1.203,9.892,9.159,9.508,1.104,1.216
1,221.988,9.844,9.131,9.585,1.116,1.218,9.857,9.192,9.597,1.146,1.243
1,223.625,9.841,9.185,9.529,1.138,1.237,9.801,9.153,9.543,1.105,1.22
1,223.784,9.83,9.186,9.512,1.101,1.228,9.8,9.169,9.582,1.123,1.221
1,225.294,9.847,9.113,9.512,1.13,1.224,9.847,9.12,9.576,1.112,1.212
1,225.83,9.829,9.148,9.597,1.133,1.22,9.879,9.123,9.587,1.118,1.228
1,225.996,9.815,9.169,9.517,1.118,1.229,9.829,9.171,9.544,1.125,1.231
1,226.764,9.887,9.117,9.509,1.137,1.249,9.833,9.169,9.597,1.106,1.233
1,227.16,9.818,9.174,9.519,1.127,1.213,9.826,9.124,9.519,1.116,1.227
1,227.174,9.88,9.122,9.578,1.114,1.25,9.805,9.184,9.502,1.118,1.242
1,227.223,9.882,9.134,9.574,1.12,1.236,9.841,9.127,9.528,1.122,1.232
1,227.485,9.876,9.161,9.589,1.139,1.228,9.884,9.18,9.511,1.107,1.241
1,228.054,9.833,9.199,9.573,1.14,1.241,9.886,9.116,9.518,1.134,1.234
1,228.217,9.872,9.179,9.568,1.115,1.21,9.827,9.156,9.554,1.134,1.221
1,228.842,9.813,9.116,9.572,1.101,1.211,9.871,9.104,9.508,1.12,1.231
1,228.959,9.802,9.113,9.568,1.144,1.212,9.897,9.174,9.505,1.126,1.241
1,230.7,9.803,9.142,9.543,1.124,1.213,9.84,9.133,9.532,1.105,1.206
1,231.246,9.828,9.123,9.521,1.102,1.241,9.807,9.119,9.561,1.139,1.204
1,231.576,9.861,9.139,9.585,1.11,1.225,9.837,9.174,9.512,1.106,1.218
1,231.601,9.816,9.123,9.501,1.131,1.203,9.806,9.184,9.541,1.133,1.219
1,231.731,9.817,9.165,9.575,1.131,1.215,9.831,9.15,9.554,1.118,1.247
1,232.198,9.836,9.147,9.503,1.138,1.235,9.873,9.15,9.544,1.135,1.222
1,232.615,9.805,9.185,9.544,1.107,1.224,9.858,9.146,9.543,1.142,1.25
1,234.375,9.841,9.185,9.502,1.142,1.236,9.843,9.185,9.585,1.117,1.238
1,236.896,9.864,9.179,9.584,1.136,1.205,9.883,9.165,9.558,1.122,1.241
1,237.029,9.874,9.128,9.511,1.137,1.234,9.871,9.199,9.599,1.104,1.229
1,237.203,9.897,9.198,9.543,1.106,1.23,9.8,9.154,9.558,1.142,1.21
1,237.328,9.882,9.115,9.551,1.13,1.228,9.882,9.112,9.543,1.121,1.205
1,238.499,9.89,9.133,9.517,1.139,1.211,9.83,9.165,9.516,1.148,1.201
1,238.87,9.881,9.151,9.583,1.142,1.215,9.823,9.188,9.543,1.103,1.233
1,239.871,9.831,9.116,9.507,1.105,1.221,9.892,9.152,9.596,1.137,1.243
1,240.596,9.838,9.109,9.508,1.116,1.224,9.885,9.173,9.55,1.111,1.246
1,240.715,9.869,9.2,9.596,1.11,1.221,9.847,9.17,9.503,1.116,1.218
1,240.757,9.8,9.184,9.574,1.142,1.245,9.803,9.101,9.574,1.119,1.214
1,241.262,9.82,9.185,9.55,1.147,1.214,9.845,9.11,9.545,1.109,1.222
1,241.387,9.894,9.182,9.513,1.148,1.205,9.854,9.143,9.583,1.114,1.234
1,241.635,9.833,9.111,9.512,1.107,1.215,9.9,9.161,9.545,1.117,1.214
1,242.642,9.81,9.164,9.56,1.125,1.234,9.848,9.104,9.531,1.124,1.222
1,242.951,9.823,9.147,9.538,1.114,1.242,9.877,9.113,9.573,1.122,1.21
1,243.141,9.862,9.168,9.567,1.12,1.203,9.854,9.19,9.568,1.143,1.205
1,243.222,9.829,9.139,9.563,1.111,1.214,9.881,9.144,9.573,1.117,1.206
1,243.268,9.84,9.181,9.502,1.138,1.219,9.833,9.186,9.59,1.101,1.238
1,244.627,9.883,9.114,9.568,1.107,1.214,9.862,9.174,9.529,1.132,1.231
1,244.698,9.809,9.112,9.592,1.129,1.234,9.846,9.17,9.555,1.146,1.237
1,246.027,9.898,9.159,9.542,1.136,1.235,9.823,9.117,9.529,1.124,1.211
1,246.968,9.861,9.174,9.507,1.127,1.212,9.887,9.168,9.515,1.117,1.236
1,247.45,9.897,9.129,9.525,1.131,1.238,9.842,9.128,9.522,1.125,1.22
1,247.955,9.801,9.196,9.501,1.15,1.236,9.868,9.121,9.595,1.105,1.247
1,248.031,9.861,9.126,9.557,1.121,1.249,9.87,9.123,9.514,1.121,1.213
1,249.178,9.833,9.19,9.573,1.128,1.236,9.894,9.199,9.551,1.105,1.223
1,249.567,9.839,9.107,9.573,1.148,1.238,9.878,9.151,9.54,1.104,1.234
1,250.935,9.882,9.151,9.541,1.137,1.232,9.877,9.132,9.582,1.121,1.206
1,251.032,9.861,9.189,9.526,1.104,1.232,9.866,9.155,9.533,1.139,1.215
1,251.078,9.873,9.192,9.584,1.104,1.218,9.876,9.128,9.521,1.15,1.203
1,251.085,9.831,9.115,9.572,1.147,1.211,9.802,9.191,9.524,1.124,1.236
1,251.667,9.856,9.109,9.582,1.12,1.228,9.823,9.125,9.521,1.122,1.248
1,252.49,9.825,9.108,9.538,1.143,1.23,9.841,9.128,9.529,1.137,1.245
1,252.796,9.869,9.171,9.563,1.139,1.23,9.886,9.143,9.512,1.104,1.204
1,253.049,9.838,9.169,9.56,1.137,1.209,9.893,9.168,9.564,1.135,1.22
1,253.209,9.808,9.156,9.564,1.137,1.205,9.883,9.177,9.55,1.11,1.213
1,253.212,9.819,9.167,9.573,1.142,1.214,9.857,9.141,9.566,1.119,1.225
1,253.608,9.818,9.136,9.595,1.128,1.219,9.826,9.139,9.599,1.137,1.232
1,254.357,9.868,9.148,9.504,1.101,1.235,9.858,9.112,9.593,1.142,1.205
1,254.416,9.853,9.128,9.551,1.117,1.234,9.848,9.139,9.511,1.118,1.205
1,254.883,9.803,9.134,9.517,1.104,1.228,9.865,9.185,9.508,1.122,1.205
1,255.047,9.86,9.198,9.579,1.127,1.247,9.821,9.11,9.572,1.133,1.218
1,255.08,9.842,9.136,9.566,1.108,1.232,9.835,9.137,9.508,1.127,1.204
1,257.579,9.896,9.142,9.58,1.106,1.229,9.835,9.184,9.527,1.138,1.228
1,257.817,9.858,9.163,9.579,1.148,1.218,9.832,9.13,9.551,1.133,1.247
1,258.874,9.819,9.139,9.56,1.105,1.216,9.838,9.113,9.502,1.11,1.206
1,259.76,9.843,9.105,9.532,1.118,1.217,9.852,9.139,9.511,1.118,1.226
1,259.987,9.869,9.156,9.573,1.105,1.217,9.825,9.142,9.592,1.139,1.229
1,260.321,9.886,9.158,9.501,1.126,1.2,9.898,9.186,9.595,1.103,1.212
1,260.484,9.814,9.101,9.519,1.134,1.22,9.865,9.101,9.545,1.101,1.211
1,261.123,9.802,9.173,9.565,1.129,1.21,9.889,9.127,9.526,1.115,1.212
1,262.875,9.838,9.19,9.554,1.111,1.231,9.887,9.111,9.514,1.114,1.241
1,263.079,9.813,9.183,9.564,1.147,1.237,9.83,9.154,9.54,1.11,1.205
1,263.292,9.882,9.133,9.58,1.122,1.21,9.802,9.139,9.558,1.122,1.239
1,263.358,9.804,9.198,9.586,1.142,1.234,9.829,9.161,9.544,1.127,1.227
1,263.563,9.825,9.151,9.537,1.111,1.216,9.884,9.178,9.564,1.104,1.219
1,264.446,9.854,9.189,9.565,1.118,1.205,9.861,9.158,9.505,1.103,1.232
1,265.403,9.812,9.154,9.546,1.103,1.235,9.846,9.116,9.524,1.115,1.203
1,266.913,9.869,9.136,9.594,1.116,1.206,9.833,9.152,9.51,1.126,1.21
1,267.917,9.812,9.188,9.584,1.144,1.246,9.865,9.175,9.573,1.107,1.222
1,269.144,9.865,9.106,9.524,1.14,1.207,9.823,9.187,9.526,1.11,1.238
1,269.195,9.817,9.144,9.533,1.147,1.235,9.869,9.112,9.581,1.118,1.233
1,269.293,9.851,9.158,9.595,1.105,1.248,9.852,9.144,9.534,1.107,1.204
1,269.625,9.869,9.161,9.584,1.11,1.216,9.801,9.143,9.525,1.128,1.201
1,270.015,9.843,9.157,9.589,1.147,1.205,9.875,9.179,9.574,1.107,1.233
1,270.772,9.85,9.152,9.597,1.101,1.234,9.857,9.139,9.529,1.144,1.21
1,271.327,9.803,9.156,9.56,1.143,1.249,9.874,9.116,9.591,1.117,1.229
1,271.62,9.881,9.119,9.584,1.117,1.209,9.839,9.137,9.592,1.132,1.215
1,272.457,9.856,9.124,9.571,1.118,1.244,9.826,9.13,9.569,1.105,1.203
1,272.663,9.891,9.163,9.562,1.14,1.225,9.826,9.187,9.517,1.106,1.244
1,273.281,9.889,9.19,9.575,1.129,1.218,9.844,9.136,9.533,1.144,1.215
1,273.507,9.829,9.172,9.558,1.102,1.218,9.819,9.184,9.589,1.123,1.207
1,274.614,9.888,9.192,9.592,1.14,1.232,9.867,9.136,9.573,1.149,1.221
1,275.216,9.83,9.121,9.56,1.129,1.224,9.853,9.131,9.578,1.121,1.202
1,275.463,9.872,9.168,9.522,1.114,1.205,9.892,9.167,9.542,1.116,1.243
1,275.467,9.806,9.164,9.515,1.131,1.231,9.805,9.181,9.531,1.134,1.235
1,275.944,9.836,9.146,9.553,1.136,1.214,9.857,9.161,9.565,1.14,1.23
1,276.531,9.834,9.179,9.579,1.133,1.225,9.837,9.134,9.515,1.127,1.225
1,276.574,9.839,9.122,9.535,1.146,1.218,9.866,9.136,9.53,1.143,1.236
1,277.77,9.842,9.13,9.559,1.117,1.218,9.809,9.18,9.524,1.119,1.243
1,277.786,9.857,9.156,9.596,1.138,1.203,9.842,9.141,9.55,1.123,1.245
1,277.935,9.897,9.12,9.584,1.117,1.235,9.838,9.155,9.534,1.101,1.219
1,277.977,9.873,9.128,9.523,1.124,1.239,9.838,9.189,9.524,1.133,1.202
1,278.124,9.828,9.159,9.581,1.114,1.245,9.891,9.109,9.565,1.101,1.212
1,278.951,9.828,9.143,9.549,1.102,1.234,9.884,9.124,9.558,1.129,1.228
1,280.397,9.829,9.179,9.526,1.132,1.239,9.882,9.132,9.55,1.104,1.235
1,281.482,9.818,9.129,9.527,1.105,1.201,9.854,9.105,9.506,1.138,1.238
1,281.626,9.873,9.129,9.558,1.135,1.237,9.858,9.19,9.597,1.116,1.205
1,282.36,9.872,9.123,9.567,1.129,1.217,9.888,9.166,9.565,1.147,1.247
1,282.684,9.846,9.102,9.531,1.107,1.226,9.818,9.127,9.596,1.133,1.249
1,282.741,9.837,9.174,9.584,1.108,1.246,9.83,9.162,9.53,1.116,1.205
1,283.176,9.846,9.186,9.507,1.121,1.246,9.831,9.107,9.509,1.149,1.202
1,283.186,9.845,9.17,9.599,1.106,1.236,9.816,9.155,9.552,1.147,1.242
1,283.925,9.864,9.142,9.511,1.143,1.25,9.837,9.109,9.521,1.121,1.213
1,283.97,9.846,9.18,9.559,1.105,1.201,9.893,9.155,9.564,1.109,1.208
1,284.757,9.865,9.176,9.534,1.149,1.222,9.83,9.156,9.515,1.104,1.211
1,284.809,9.875,9.117,9.552,1.116,1.203,9.858,9.143,9.561,1.107,1.234
1,285.03,9.854,9.154,9.534,1.105,1.219,9.887,9.186,9.528,1.149,1.25
1,285.446,9.881,9.174,9.504,1.116,1.206,9.891,9.139,9.585,1.14,1.231
1,285.484,9.837,9.113,9.581,1.115,1.21,9.837,9.123,9.525,1.138,1.231
1,285.737,9.842,9.114,9.583,1.137,1.206,9.827,9.151,9.563,1.105,1.207
1,286.043,9.839,9.124,9.587,1.121,1.223,9.888,9.187,9.524,1.123,1.234
1,287.489,9.834,9.188,9.529,1.104,1.229,9.882,9.119,9.523,1.117,1.207
1,287.491,9.899,9.109,9.517,1.111,1.21,9.887,9.187,9.597,1.125,1.228
1,287.544,9.854,9.131,9.559,1.142,1.208,9.889,9.196,9.568,1.139,1.246
1,287.581,9.881,9.142,9.587,1.107,1.244,9.803,9.139,9.554,1.144,1.221
1,287.839,9.875,9.138,9.503,1.149,1.216,9.879,9.173,9.568,1.148,1.207
1,288.121,9.872,9.107,9.545,1.131,1.248,9.833,9.139,9.519,1.116,1.233
1,289.497,9.887,9.181,9.509,1.134,1.236,9.894,9.168,9.51,1.125,1.239
1,289.619,9.891,9.153,9.539,1.13,1.21,9.898,9.192,9.553,1.121,1.229
1,289.924,9.879,9.185,9.556,1.117,1.209,9.836,9.175,9.56,1.101,1.201
1,290.861,9.826,9.152,9.597,1.122,1.23,9.825,9.151,9.58,1.141,1.225
1,290.874,9.857,9.192,9.543,1.109,1.238,9.883,9.144,9.574,1.137,1.215
1,291.31,9.848,9.134,9.563,1.118,1.211,9.852,9.124,9.572,1.111,1.24
1,291.405,9.815,9.185,9.532,1.118,1.221,9.875,9.124,9.591,1.118,1.243
1,291.463,9.836,9.166,9.575,1.111,1.227,9.867,9.164,9.56,1.133,1.235
1,292.405,9.83,9.128,9.578,1.129,1.243,9.838,9.146,9.521,1.128,1.241
1,292.86,9.856,9.119,9.571,1.124,1.214,9.879,9.12,9.512,1.137,1.217
1,293.499,9.882,9.176,9.577,1.108,1.2,9.889,9.186,9.507,1.117,1.245
1,293.532,9.831,9.111,9.544,1.119,1.228,9.882,9.173,9.587,1.133,1.207
1,293.564,9.84,9.127,9.51,1.12,1.243,9.853,9.154,9.512,1.126,1.209
1,293.872,9.882,9.191,9.594,1.134,1.202,9.885,9.136,9.53,1.148,1.218
1,294.78,9.833,9.112,9.555,1.116,1.209,9.818,9.175,9.598,1.127,1.229
1,294.83,9.804,9.171,9.527,1.105,1.234,9.822,9.145,9.585,1.13,1.238
1,294.896,9.815,9.104,9.559,1.129,1.217,9.86,9.156,9.553,1.106,1.23
1,295.02,9.894,9.165,9.561,1.105,1.213,9.807,9.138,9.53,1.144,1.223
1,295.483,9.868,9.112,9.516,1.126,1.211,9.841,9.119,9.584,1.133,1.238
1,295.562,9.801,9.132,9.573,1.106,1.241,9.888,9.125,9.512,1.106,1.207
1,295.784,9.837,9.119,9.526,1.12,1.218,9.825,9.136,9.574,1.146,1.246
1,296.775,9.801,9.123,9.525,1.113,1.218,9.82,9.159,9.548,1.114,1.249
1,297.339,9.888,9.146,9.554,1.137,1.207,9.891,9.183,9.567,1.15,1.213
1,297.726,9.89,9.163,9.51,1.142,1.242,9.818,9.11,9.577,1.118,1.248
1,298.055,9.877,9.127,9.523,1.124,1.217,9.858,9.153,9.584,1.134,1.204
1,298.149,9.863,9.126,9.565,1.112,1.231,9.846,9.153,9.56,1.116,1.231
1,298.238,9.845,9.115,9.509,1.126,1.207,9.865,9.167,9.591,1.12,1.239
1,298.706,9.803,9.152,9.563,1.142,1.205,9.875,9.168,9.577,1.124,1.209
1,299.183,9.891,9.103,9.533,1.108,1.242,9.863,9.138,9.504,1.132,1.209
1,299.284,9.843,9.102,9.56,1.131,1.214,9.823,9.116,9.53,1.115,1.225
1,299.532,9.848,9.157,9.581,1.106,1.225,9.801,9.129,9.582,1.149,1.222
1,300.014,9.858,9.11,9.563,1.134,1.209,9.87,9.181,9.517,1.118,1.221
1,301.18,9.833,9.171,9.582,1.134,1.236,9.834,9.199,9.596,1.102,1.208
1,302.343,9.821,9.139,9.511,1.122,1.25,9.804,9.106,9.584,1.105,1.235
1,302.464,9.871,9.169,9.527,1.132,1.224,9.874,9.169,9.533,1.133,1.205
1,302.717,9.882,9.134,9.543,1.144,1.223,9.879,9.176,9.551,1.135,1.207
1,302.943,9.874,9.173,9.531,1.123,1.23,9.812,9.136,9.513,1.114,1.209
1,303.494,9.817,9.136,9.503,1.13,1.201,9.864,9.155,9.529,1.149,1.221
1,303.708,9.826,9.159,9.531,1.139,1.229,9.804,9.127,9.579,1.107,1.245
1,303.759,9.865,9.173,9.582,1.146,1.238,9.802,9.115,9.575,1.107,1.248
1,303.929,9.849,9.108,9.539,1.125,1.209,9.816,9.181,9.542,1.133,1.204
1,304.783,9.855,9.144,9.527,1.149,1.236,9.86,9.179,9.576,1.101,1.241
1,305.414,9.835,9.155,9.534,1.121,1.247,9.831,9.137,9.567,1.123,1.24
1,305.427,9.853,9.134,9.593,1.142,1.216,9.861,9.113,9.517,1.125,1.249
1,306.031,9.853,9.171,9.556,1.104,1.249,9.818,9.135,9.59,1.121,1.231
1,306.723,9.834,9.127,9.551,1.114,1.203,9.803,9.156,9.557,1.101,1.206
1,307.521,9.811,9.127,9.545,1.106,1.2,9.813,9.152,9.503,1.122,1.236
1,307.856,9.847,9.196,9.563,1.148,1.206,9.818,9.182,9.521,1.136,1.229
1,308.34,9.823,9.1,9.551,1.104,1.248,9.856,9.137,9.548,1.116,1.222
1,308.481,9.838,9.194,9.574,1.104,1.214,9.851,9.129,9.535,1.114,1.211
1,308.799,9.836,9.114,9.511,1.129,1.209,9.83,9.126,9.501,1.148,1.221
1,309.363,9.862,9.18,9.517,1.127,1.235,9.873,9.122,9.564,1.142,1.222
1,310.072,9.891,9.142,9.589,1.119,1.21,9.818,9.113,9.548,1.133,1.222
1,310.172,9.852,9.135,9.566,1.144,1.211,9.837,9.1,9.564,1.13,1.203
1,310.858,9.845,9.11,9.573,1.116,1.25,9.865,9.157,9.587,1.149,1.241
1,312.936,9.823,9.127,9.539,1.125,1.22,9.854,9.187,9.573,1.131,1.23
1,313.405,9.867,9.134,9.561,1.111,1.236,9.864,9.174,9.541,1.145,1.205
1,314.169,9.812,9.13,9.557,1.11,1.241,9.889,9.128,9.516,1.101,1.231
1,316.449,9.863,9.19,9.51,1.111,1.249,9.874,9.175,9.546,1.101,1.232
1,316.522,9.846,9.188,9.557,1.113,1.205,9.868,9.123,9.54,1.117,1.218
1,316.973,9.847,9.156,9.508,1.108,1.224,9.874,9.177,9.551,1.118,1.235
1,317.084,9.891,9.14,9.508,1.106,1.225,9.852,9.132,9.563,1.133,1.215
1,317.307,9.889,9.145,9.548,1.125,1.213,9.841,9.151,9.562,1.12,1.207
1,317.366,9.836,9.196,9.585,1.112,1.229,9.842,9.178,9.563,1.142,1.25
1,317.964,9.854,9.163,9.521,1.127,1.24,9.809,9.137,9.561,1.111,1.231
1,318.104,9.87,9.117,9.524,1.104,1.209,9.857,9.176,9.559,1.108,1.201
1,318.401,9.823,9.101,9.51,1.121,1.218,9.861,9.143,9.573,1.137,1.246
1,318.58,9.892,9.181,9.561,1.127,1.248,9.838,9.166,9.521,1.105,1.238
1,319.028,9.818,9.127,9.559,1.121,1.221,9.827,9.113,9.598,1.107,1.237
1,319.675,9.822,9.116,9.575,1.107,1.214,9.872,9.137,9.556,1.1,1.246
1,319.764,9.824,9.175,9.524,1.13,1.226,9.895,9.119,9.52,1.107,1.207
1,319.989,9.871,9.149,9.526,1.14,1.222,9.858,9.154,9.515,1.139,1.236
1,320.162,9.883,9.12,9.546,1.147,1.221,9.868,9.174,9.59,1.139,1.211
1,320.378,9.855,9.184,9.584,1.138,1.218,9.824,9.173,9.586,1.131,1.208
1,321.853,9.813,9.143,9.532,1.126,1.212,9.81,9.152,9.544,1.126,1.231
1,321.856,9.841,9.124,9.518,1.127,1.22,9.822,9.159,9.526,1.123,1.234
1,322.074,9.865,9.112,9.547,1.149,1.232,9.837,9.125,9.588,1.141,1.227
1,322.204,9.832,9.165,9.531,1.133,1.204,9.826,9.144,9.52,1.101,1.219
1,322.252,9.859,9.11,9.504,1.148,1.249,9.851,9.133,9.591,1.122,1.23
1,322.698,9.822,9.159,9.522,1.108,1.209,9.824,9.184,9.546,1.119,1.223
1,323.126,9.803,9.139,9.596,1.12,1.219,9.817,9.166,9.579,1.129,1.245
1,323.421,9.856,9.173,9.574,1.127,1.204,9.869,9.2,9.511,1.123,1.248
1,323.443,9.829,9.127,9.514,1.11,1.209,9.826,9.18,9.551,1.129,1.248
1,323.566,9.861,9.165,9.563,1.107,1.234,9.889,9.106,9.533,1.142,1.228
1,323.998,9.855,9.104,9.596,1.128,1.247,9.894,9.185,9.537,1.148,1.209
1,324.201,9.826,9.174,9.582,1.104,1.227,9.814,9.177,9.564,1.142,1.232
1,324.339,9.848,9.107,9.549,1.112,1.232,9.852,9.124,9.509,1.126,1.239
1,325.763,9.882,9.162,9.517,1.142,1.215,9.806,9.162,9.529,1.113,1.208
1,326.127,9.837,9.181,9.525,1.146,1.205,9.891,9.161,9.559,1.148,1.24
1,326.34,9.871,9.19,9.531,1.139,1.235,9.851,9.134,9.537,1.115,1.202
1,326.364,9.89,9.119,9.529,1.104,1.218,9.846,9.108,9.547,1.122,1.243
1,327.236,9.831,9.155,9.537,1.12,1.247,9.806,9.11,9.521,1.138,1.219
1,328.293,9.811,9.158,9.559,1.15,1.225,9.852,9.171,9.572,1.102,1.201
1,328.602,9.833,9.171,9.567,1.101,1.247,9.888,9.181,9.546,1.103,1.208
1,328.691,9.843,9.122,9.595,1.127,1.223,9.804,9.191,9.566,1.107,1.239
1,329.495,9.867,9.141,9.521,1.117,1.242,9.842,9.148,9.585,1.149,1.218
1,329.579,9.869,9.14,9.56,1.131,1.202,9.871,9.199,9.582,1.126,1.212
1,332.3,9.832,9.155,9.599,1.125,1.201,9.889,9.152,9.517,1.109,1.234
1,332.315,9.867,9.169,9.521,1.121,1.241,9.83,9.12,9.522,1.147,1.206
1,332.682,9.825,9.13,9.505,1.116,1.24,9.863,9.125,9.56,1.134,1.216
1,332.705,9.899,9.113,9.525,1.117,1.231,9.89,9.156,9.557,1.148,1.221
1,333.368,9.879,9.157,9.577,1.128,1.236,9.84,9.118,9.595,1.111,1.243
1,333.518,9.833,9.119,9.574,1.139,1.225,9.868,9.138,9.55,1.103,1.214
1,333.605,9.897,9.167,9.554,1.122,1.203,9.868,9.153,9.521,1.117,1.243
1,334.14,9.829,9.158,9.529,1.124,1.233,9.87,9.16,9.561,1.127,1.241
1,334.291,9.837,9.195,9.591,1.118,1.219,9.884,9.192,9.533,1.101,1.203
1,334.624,9.869,9.151,9.525,1.137,1.221,9.823,9.149,9.558,1.126,1.242
1,334.718,9.833,9.155,9.508,1.144,1.214,9.83,9.138,9.566,1.107,1.242
1,334.887,9.818,9.142,9.508,1.101,1.238,9.826,9.192,9.582,1.124,1.238
1,335.032,9.871,9.157,9.52,1.147,1.221,9.802,9.195,9.503,1.114,1.247
1,335.767,9.823,9.118,9.523,1.115,1.229,9.833,9.136,9.51,1.139,1.236
1,335.957,9.809,9.181,9.585,1.108,1.224,9.81,9.18,9.53,1.149,1.201
1,336.151,9.81,9.139,9.564,1.105,1.236,9.88,9.19,9.588,1.125,1.2
1,337.275,9.838,9.155,9.583,1.113,1.247,9.806,9.19,9.501,1.128,1.24
1,337.529,9.817,9.169,9.591,1.142,1.229,9.808,9.144,9.594,1.138,1.218
1,338.027,9.851,9.173,9.543,1.127,1.226,9.895,9.12,9.552,1.127,1.209
1,338.138,9.826,9.138,9.596,1.139,1.248,9.854,9.1,9.537,1.141,1.25
1,339.458,9.817,9.124,9.533,1.135,1.208,9.895,9.122,9.591,1.112,1.234
1,339.903,9.822,9.17,9.583,1.107,1.206,9.812,9.127,9.54,1.119,1.229
1,340.176,9.816,9.179,9.503,1.134,1.21,9.869,9.115,9.596,1.115,1.241
1,340.51,9.834,9.138,9.558,1.119,1.222,9.807,9.131,9.539,1.139,1.238
1,340.763,9.895,9.113,9.573,1.139,1.234,9.818,9.112,9.524,1.103,1.232
1,341.167,9.883,9.115,9.512,1.111,1.248,9.865,9.112,9.524,1.128,1.217
1,341.32,9.881,9.106,9.549,1.147,1.246,9.818,9.131,9.551,1.13,1.226
1,341.547,9.832,9.108,9.524,1.101,1.241,9.817,9.189,9.582,1.137,1.222
1,341.821,9.848,9.177,9.531,1.117,1.207,9.807,9.127,9.53,1.128,1.232
1,342.049,9.829,9.183,9.547,1.134,1.235,9.824,9.136,9.542,1.117,1.236
1,342.33,9.822,9.189,9.583,1.147,1.237,9.833,9.13,9.519,1.123,1.207
1,343.502,9.87,9.124,9.534,1.124,1.206,9.837,9.12,9.529,1.113,1.237
1,344.053,9.857,9.117,9.542,1.142,1.232,9.811,9.153,9.519,1.119,1.24
1,344.673,9.854,9.1,9.58,1.114,1.201,9.843,9.108,9.546,1.116,1.221
1,344.878,9.887,9.165,9.569,1.132,1.205,9.833,9.117,9.597,1.14,1.228
1,345.208,9.873,9.159,9.565,1.119,1.235,9.855,9.154,9.588,1.134,1.225
1,345.595,9.857,9.2,9.53,1.139,1.211,9.807,9.159,9.532,1.12,1.222
1,345.789,9.806,9.187,9.573,1.109,1.232,9.836,9.102,9.537,1.133,1.232
1,345.901,9.801,9.122,9.527,1.111,1.222,9.894,9.154,9.502,1.145,1.202
1,345.972,9.835,9.185,9.585,1.148,1.231,9.839,9.137,9.53,1.106,1.247
1,346.291,9.886,9.171,9.566,1.133,1.226,9.853,9.19,9.559,1.105,1.215
1,346.888,9.871,9.134,9.514,1.137,1.24,9.866,9.112,9.571,1.146,1.202
1,347.779,9.826,9.151,9.588,1.105,1.225,9.892,9.154,9.583,1.109,1.205
1,347.987,9.866,9.104,9.537,1.137,1.215,9.861,9.126,9.562,1.148,1.216
1,348.529,9.836,9.132,9.502,1.106,1.212,9.87,9.194,9.548,1.143,1.214
1,349.003,9.841,9.186,9.519,1.125,1.236,9.876,9.139,9.523,1.115,1.225
1,349.104,9.837,9.106,9.536,1.115,1.235,9.858,9.111,9.527,1.145,1.217
1,349.563,9.894,9.158,9.512,1.135,1.218,9.83,9.139,9.539,1.117,1.201
1,350.589,9.834,9.116,9.596,1.147,1.214,9.861,9.158,9.568,1.112,1.219
1,351.361,9.867,9.154,9.523,1.119,1.235,9.888,9.168,9.58,1.142,1.222
1,351.802,9.871,9.136,9.596,1.139,1.218,9.836,9.128,9.539,1.109,1.211
1,352.236,9.888,9.139,9.56,1.127,1.213,9.886,9.102,9.598,1.122,1.205
1,352.681,9.875,9.175,9.526,1.11,1.203,9.809,9.14,9.597,1.106,1.211
1,352.924,9.885,9.132,9.522,1.121,1.215,9.823,9.185,9.566,1.124,1.208
1,353.424,9.822,9.171,9.524,1.124,1.238,9.842,9.133,9.54,1.117,1.246
1,353.636,9.851,9.167,9.597,1.123,1.221,9.807,9.191,9.511,1.121,1.235
1,354.213,9.885,9.132,9.501,1.134,1.218,9.898,9.131,9.505,1.121,1.206
1,354.595,9.897,9.102,9.502,1.115,1.238,9.864,9.183,9.6,1.122,1.208
1,356.626,9.852,9.176,9.564,1.124,1.214,9.854,9.175,9.531,1.134,1.244
1,356.679,9.81,9.112,9.512,1.139,1.227,9.899,9.176,9.51,1.127,1.22
1,357.656,9.889,9.195,9.555,1.106,1.239,9.894,9.131,9.596,1.11,1.219
1,358.878,9.841,9.131,9.589,1.116,1.242,9.857,9.108,9.561,1.116,1.201
1,358.935,9.865,9.193,9.507,1.111,1.219,9.872,9.186,9.521,1.115,1.211
1,359.559,9.841,9.115,9.542,1.147,1.221,9.864,9.179,9.503,1.123,1.21
1,359.795,9.859,9.113,9.518,1.134,1.212,9.803,9.124,9.512,1.134,1.212
1,361.026,9.873,9.141,9.538,1.115,1.2,9.839,9.17,9.57,1.103,1.226
1,362.048,9.843,9.157,9.565,1.109,1.221,9.833,9.123,9.509,1.119,1.228
1,362.426,9.858,9.191,9.563,1.134,1.244,9.842,9.187,9.512,1.122,1.228
1,362.47,9.85,9.148,9.54,1.149,1.217,9.803,9.121,9.512,1.139,1.243
1,362.873,9.844,9.131,9.572,1.146,1.233,9.826,9.131,9.507,1.14,1.218
1,362.928,9.815,9.2,9.533,1.119,1.235,9.827,9.119,9.549,1.149,1.235
1,363.887,9.863,9.189,9.515,1.138,1.246,9.893,9.127,9.534,1.118,1.245
1,364.716,9.873,9.177,9.507,1.134,1.244,9.84,9.195,9.511,1.14,1.237
1,365.699,9.811,9.165,9.532,1.116,1.237,9.858,9.168,9.51,1.147,1.232
1,365.814,9.883,9.104,9.542,1.148,1.227,9.84,9.145,9.511,1.103,1.248
1,366.499,9.858,9.133,9.563,1.104,1.202,9.856,9.139,9.535,1.126,1.219
1,368.271,9.857,9.185,9.539,1.116,1.205,9.827,9.127,9.598,1.119,1.243
1,368.472,9.806,9.156,9.563,1.143,1.25,9.828,9.146,9.594,1.138,1.208
1,368.503,9.898,9.169,9.521,1.1,1.244,9.876,9.176,9.584,1.141,1.228
1,368.753,9.804,9.127,9.509,1.132,1.212,9.883,9.157,9.565,1.147,1.238
1,369.487,9.864,9.123,9.542,1.102,1.229,9.802,9.121,9.532,1.138,1.207
1,369.552,9.804,9.168,9.548,1.11,1.227,9.83,9.105,9.587,1.11,1.228
1,369.685,9.879,9.136,9.522,1.106,1.206,9.866,9.155,9.57,1.147,1.228
1,369.764,9.805,9.182,9.522,1.106,1.238,9.868,9.156,9.505,1.129,1.245
1,370.41,9.806,9.111,9.596,1.142,1.218,9.871,9.134,9.532,1.122,1.245
1,370.821,9.897,9.123,9.529,1.136,1.215,9.823,9.152,9.569,1.133,1.233
1,371.156,9.888,9.108,9.558,1.132,1.225,9.804,9.122,9.507,1.12,1.239
1,371.367,9.859,9.186,9.518,1.133,1.203,9.833,9.127,9.557,1.12,1.222
1,371.661,9.897,9.164,9.598,1.131,1.205,9.844,9.123,9.583,1.123,1.219
1,372.269,9.823,9.179,9.526,1.11,1.232,9.842,9.153,9.507,1.102,1.216
1,373.743,9.836,9.198,9.578,1.101,1.241,9.86,9.128,9.549,1.135,1.202
1,374.877,9.868,9.132,9.578,1.124,1.213,9.808,9.155,9.599,1.142,1.211
1,375.769,9.836,9.148,9.539,1.108,1.21,9.833,9.114,9.53,1.122,1.224
1,376.163,9.856,9.173,9.538,1.148,1.202,9.895,9.105,9.534,1.13,1.248
1,376.164,9.809,9.101,9.546,1.124,1.212,9.815,9.173,9.576,1.111,1.208
1,376.364,9.824,9.139,9.528,1.141,1.243,9.817,9.139,9.535,1.108,1.204
1,377.831,9.837,9.106,9.584,1.105,1.235,9.822,9.157,9.538,1.127,1.22
1,378.18,9.811,9.101,9.552,1.143,1.232,9.807,9.133,9.573,1.11,1.203
1,378.824,9.82,9.104,9.513,1.101,1.203,9.838,9.165,9.58,1.109,1.243
1,378.903,9.825,9.182,9.538,1.122,1.243,9.889,9.147,9.513,1.125,1.243
1,378.997,9.843,9.145,9.585,1.134,1.236,9.883,9.174,9.563,1.132,1.215
1,379.136,9.887,9.164,9.569,1.122,1.24,9.823,9.126,9.542,1.11,1.237
1,379.675,9.841,9.174,9.555,1.108,1.231,9.801,9.179,9.561,1.136,1.224
1,380.394,9.875,9.186,9.546,1.124,1.226,9.815,9.169,9.558,1.116,1.25
1,380.765,9.895,9.195,9.595,1.118,1.243,9.869,9.184,9.536,1.109,1.236
1,380.922,9.811,9.161,9.569,1.121,1.225,9.889,9.132,9.589,1.115,1.243
1,380.964,9.851,9.165,9.568,1.149,1.217,9.837,9.106,9.507,1.117,1.238
1,381.075,9.83,9.183,9.551,1.139,1.207,9.883,9.133,9.564,1.107,1.235
1,381.322,9.82,9.173,9.568,1.142,1.215,9.848,9.124,9.551,1.125,1.226
1,381.418,9.834,9.195,9.575,1.127,1.207,9.803,9.11,9.581,1.132,1.21
1,382.2,9.863,9.113,9.564,1.124,1.22,9.808,9.123,9.6,1.121,1.21
1,382.247,9.855,9.17,9.574,1.123,1.226,9.881,9.133,9.58,1.143,1.209
1,383.408,9.846,9.186,9.53,1.141,1.229,9.872,9.134,9.501,1.119,1.214
1,383.443,9.889,9.163,9.588,1.12,1.238,9.838,9.179,9.51,1.144,1.22
1,385.541,9.862,9.127,9.552,1.106,1.233,9.878,9.189,9.575,1.13,1.232
1,385.605,9.835,9.139,9.536,1.132,1.203,9.845,9.1,9.578,1.101,1.214
1,386.006,9.881,9.116,9.571,1.109,1.214,9.847,9.153,9.598,1.102,1.243
1,386.028,9.836,9.129,9.544,1.147,1.243,9.855,9.183,9.592,1.111,1.241
1,386.039,9.805,9.111,9.53,1.111,1.228,9.851,9.108,9.552,1.145,1.226
1,386.368,9.892,9.172,9.519,1.13,1.208,9.886,9.18,9.579,1.109,1.244
1,389.957,9.889,9.181,9.542,1.142,1.249,9.856,9.139,9.586,1.144,1.211
1,390.011,9.861,9.124,9.565,1.123,1.204,9.874,9.144,9.563,1.103,1.231
1,390.025,9.804,9.179,9.572,1.114,1.221,9.887,9.127,9.505,1.116,1.233
1,390.403,9.854,9.187,9.582,1.142,1.223,9.825,9.131,9.576,1.133,1.248
1,390.512,9.823,9.155,9.584,1.116,1.247,9.895,9.18,9.596,1.101,1.211
1,391.24,9.834,9.126,9.597,1.115,1.243,9.847,9.169,9.527,1.107,1.22
1,391.569,9.885,9.153,9.521,1.124,1.2,9.898,9.175,9.502,1.121,1.213
1,391.975,9.823,9.108,9.518,1.144,1.217,9.815,9.134,9.582,1.131,1.225
1,393.251,9.881,9.183,9.537,1.121,1.205,9.849,9.165,9.591,1.139,1.249
1,393.443,9.853,9.186,9.556,1.109,1.208,9.859,9.175,9.561,1.127,1.237
1,394.171,9.826,9.115,9.541,1.127,1.219,9.841,9.137,9.535,1.103,1.238
1,394.597,9.883,9.163,9.577,1.125,1.223,9.831,9.197,9.532,1.118,1.227
1,394.696,9.892,9.162,9.568,1.105,1.233,9.851,9.157,9.548,1.128,1.236
1,395.173,9.842,9.146,9.525,1.104,1.244,9.849,9.162,9.527,1.137,1.204
1,395.257,9.841,9.168,9.554,1.125,1.218,9.822,9.132,9.568,1.141,1.25
1,395.367,9.837,9.195,9.521,1.122,1.24,9.806,9.108,9.503,1.124,1.207
1,395.662,9.828,9.108,9.572,1.118,1.218,9.812,9.112,9.586,1.138,1.206
1,395.766,9.802,9.126,9.563,1.133,1.221,9.836,9.167,9.567,1.11,1.244
1,395.803,9.895,9.133,9.567,1.116,1.25,9.837,9.124,9.51,1.12,1.228
1,397.445,9.808,9.133,9.546,1.133,1.236,9.807,9.173,9.501,1.109,1.21
1,397.662,9.822,9.13,9.537,1.144,1.201,9.838,9.186,9.548,1.118,1.214
1,397.753,9.825,9.124,9.545,1.116,1.24,9.884,9.111,9.524,1.114,1.211
1,398.061,9.818,9.112,9.583,1.132,1.226,9.868,9.122,9.556,1.118,1.226
1,398.214,9.894,9.114,9.566,1.119,1.227,9.857,9.146,9.526,1.12,1.224
1,398.386,9.832,9.111,9.572,1.127,1.225,9.857,9.17,9.544,1.114,1.214
1,398.633,9.865,9.117,9.569,1.13,1.221,9.889,9.137,9.593,1.121,1.247
1,399.357,9.81,9.105,9.514,1.106,1.232,9.828,9.17,9.51,1.109,1.217
1,399.872,9.885,9.156,9.546,1.139,1.209,9.851,9.161,9.597,1.126,1.247
1,399.889,9.888,9.119,9.592,1.11,1.203,9.871,9.157,9.531,1.123,1.235
1,400.669,9.831,9.151,9.512,1.103,1.206,9.857,9.105,9.591,1.127,1.227
1,400.761,9.889,9.188,9.575,1.142,1.213,9.872,9.175,9.589,1.124,1.202
1,401.101,9.867,9.144,9.533,1.118,1.243,9.883,9.156,9.546,1.137,1.228
1,401.725,9.815,9.154,9.531,1.1,1.244,9.864,9.157,9.523,1.144,1.212
1,402.673,9.87,9.142,9.6,1.105,1.228,9.845,9.131,9.5,1.14,1.249
1,402.937,9.802,9.178,9.57,1.116,1.248,9.854,9.119,9.523,1.137,1.201
1,402.977,9.883,9.17,9.508,1.124,1.241,9.858,9.102,9.561,1.123,1.225
1,403.073,9.866,9.173,9.526,1.148,1.227,9.823,9.101,9.508,1.116,1.24
1,403.114,9.827,9.176,9.543,1.103,1.208,9.808,9.135,9.561,1.124,1.234
1,403.267,9.812,9.121,9.553,1.127,1.234,9.832,9.129,9.554,1.149,1.218
1,403.355,9.808,9.145,9.532,1.107,1.224,9.8,9.162,9.598,1.139,1.239
1,403.526,9.823,9.187,9.547,1.146,1.205,9.883,9.188,9.551,1.101,1.228
1,403.663,9.879,9.116,9.516,1.139,1.229,9.874,9.117,9.518,1.106,1.22
1,404.569,9.851,9.139,9.596,1.112,1.206,9.866,9.154,9.557,1.127,1.216
1,404.953,9.861,9.145,9.546,1.139,1.215,9.82,9.174,9.59,1.143,1.235
1,404.96,9.801,9.125,9.597,1.135,1.215,9.871,9.151,9.574,1.114,1.228
1,405.416,9.816,9.179,9.59,1.136,1.25,9.872,9.167,9.599,1.111,1.229
1,405.823,9.814,9.112,9.586,1.105,1.209,9.897,9.102,9.579,1.144,1.205
1,405.841,9.832,9.136,9.524,1.134,1.212,9.829,9.113,9.575,1.101,1.243
1,406.034,9.889,9.13,9.553,1.115,1.222,9.883,9.144,9.548,1.112,1.202
1,406.148,9.829,9.173,9.537,1.103,1.244,9.859,9.18,9.58,1.122,1.237
1,408.386,9.825,9.169,9.581,1.105,1.214,9.891,9.18,9.574,1.11,1.221
1,408.632,9.836,9.136,9.537,1.125,1.248,9.895,9.19,9.522,1.105,1.223
1,409.004,9.8,9.105,9.558,1.128,1.242,9.88,9.157,9.52,1.122,1.23
1,409.421,9.898,9.115,9.592,1.103,1.24,9.828,9.183,9.599,1.135,1.209
1,410.201,9.82,9.177,9.508,1.121,1.201,9.813,9.142,9.545,1.114,1.244
1,411.446,9.832,9.155,9.59,1.116,1.234,9.868,9.151,9.529,1.13,1.247
1,411.482,9.86,9.193,9.578,1.112,1.221,9.854,9.125,9.562,1.133,1.239
1,411.555,9.882,9.126,9.565,1.117,1.238,9.835,9.125,9.51,1.119,1.244
1,411.82,9.86,9.111,9.566,1.148,1.22,9.883,9.115,9.575,1.119,1.241
1,413.048,9.823,9.158,9.561,1.114,1.21,9.868,9.155,9.574,1.122,1.235
1,414.119,9.869,9.127,9.597,1.141,1.225,9.891,9.127,9.534,1.135,1.243
1,414.191,9.813,9.104,9.584,1.103,1.242,9.853,9.191,9.548,1.107,1.214
1,414.326,9.825,9.115,9.501,1.14,1.227,9.893,9.125,9.502,1.139,1.214
1,414.454,9.879,9.104,9.572,1.137,1.206,9.875,9.196,9.598,1.101,1.232
1,414.679,9.829,9.151,9.529,1.103,1.202,9.873,9.169,9.563,1.148,1.2
1,415.219,9.873,9.185,9.525,1.112,1.245,9.872,9.106,9.598,1.12,1.245
1,416.438,9.882,9.186,9.515,1.136,1.24,9.832,9.108,9.531,1.122,1.215
1,416.482,9.808,9.107,9.519,1.125,1.227,9.816,9.166,9.519,1.144,1.213
1,416.565,9.891,9.104,9.501,1.122,1.221,9.811,9.128,9.567,1.1,1.241
1,416.968,9.801,9.19,9.512,1.124,1.228,9.862,9.126,9.518,1.116,1.246
1,418.926,9.9,9.151,9.6,1.103,1.224,9.817,9.144,9.531,1.114,1.201
1,419.153,9.809,9.172,9.578,1.129,1.208,9.883,9.132,9.542,1.13,1.214
1,419.449,9.831,9.117,9.532,1.101,1.226,9.864,9.177,9.584,1.118,1.202
1,419.783,9.821,9.107,9.503,1.137,1.241,9.844,9.124,9.542,1.119,1.201
1,420.912,9.803,9.119,9.573,1.134,1.238,9.836,9.17,9.527,1.116,1.215
1,421.879,9.831,9.14,9.501,1.12,1.228,9.829,9.115,9.524,1.139,1.244
1,422.494,9.888,9.195,9.582,1.143,1.219,9.879,9.11,9.587,1.115,1.237
1,422.616,9.849,9.105,9.501,1.117,1.246,9.866,9.132,9.565,1.118,1.229
1,422.975,9.865,9.133,9.587,1.126,1.219,9.823,9.162,9.522,1.123,1.228
1,423.694,9.829,9.176,9.554,1.14,1.221,9.846,9.162,9.546,1.132,1.225
1,423.78,9.878,9.194,9.533,1.103,1.226,9.889,9.146,9.581,1.114,1.209
1,424.312,9.858,9.165,9.522,1.146,1.241,9.873,9.163,9.527,1.141,1.21
1,424.609,9.836,9.185,9.535,1.134,1.234,9.825,9.169,9.59,1.105,1.241
1,426.166,9.835,9.174,9.598,1.144,1.2,9.832,9.133,9.563,1.101,1.215
1,426.544,9.813,9.145,9.545,1.132,1.205,9.852,9.162,9.592,1.102,1.225
1,426.847,9.841,9.155,9.502,1.109,1.242,9.801,9.165,9.598,1.124,1.22
1,427.075,9.875,9.116,9.543,1.107,1.221,9.837,9.113,9.561,1.118,1.234
1,427.192,9.809,9.184,9.58,1.117,1.222,9.846,9.123,9.597,1.15,1.238
1,428.035,9.885,9.177,9.532,1.144,1.215,9.882,9.175,9.526,1.124,1.235
1,428.67,9.868,9.177,9.533,1.116,1.25,9.824,9.152,9.509,1.11,1.24
1,429.157,9.825,9.128,9.508,1.141,1.219,9.887,9.174,9.512,1.111,1.222
1,429.328,9.898,9.156,9.586,1.142,1.238,9.838,9.14,9.529,1.147,1.207
1,429.478,9.86,9.185,9.574,1.142,1.229,9.891,9.17,9.582,1.127,1.239
1,429.482,9.825,9.191,9.522,1.105,1.238,9.861,9.102,9.589,1.135,1.22
1,429.635,9.859,9.123,9.531,1.102,1.242,9.806,9.113,9.536,1.137,1.242
1,429.834,9.855,9.165,9.508,1.118,1.211,9.862,9.109,9.542,1.122,1.235
1,432.657,9.814,9.131,9.533,1.15,1.235,9.858,9.134,9.588,1.104,1.247
1,432.75,9.887,9.156,9.591,1.111,1.232,9.834,9.153,9.59,1.131,1.243
1,433.278,9.888,9.168,9.512,1.139,1.239,9.851,9.126,9.509,1.102,1.219
1,433.618,9.886,9.109,9.594,1.142,1.238,9.819,9.175,9.554,1.134,1.239
1,433.998,9.808,9.174,9.55,1.109,1.222,9.875,9.15,9.586,1.112,1.218
1,434.533,9.801,9.109,9.519,1.127,1.205,9.874,9.116,9.546,1.15,1.235
1,435.03,9.861,9.173,9.568,1.125,1.221,9.852,9.132,9.586,1.136,1.215
1,436.178,9.856,9.193,9.563,1.149,1.208,9.826,9.16,9.56,1.125,1.218
1,436.703,9.879,9.14,9.513,1.118,1.244,9.836,9.109,9.569,1.103,1.231
1,438.007,9.88,9.157,9.508,1.137,1.233,9.826,9.161,9.541,1.121,1.229
1,438.216,9.809,9.174,9.524,1.106,1.225,9.891,9.127,9.547,1.145,1.221
1,438.838,9.858,9.131,9.531,1.104,1.235,9.856,9.196,9.543,1.137,1.215
1,439.019,9.861,9.2,9.573,1.121,1.21,9.889,9.101,9.57,1.114,1.218
1,439.077,9.842,9.129,9.532,1.117,1.208,9.862,9.177,9.527,1.113,1.215
1,440.059,9.876,9.133,9.501,1.14,1.247,9.851,9.195,9.55,1.101,1.243
1,441.378,9.818,9.149,9.531,1.128,1.218,9.811,9.101,9.503,1.135,1.219
1,441.837,9.865,9.182,9.561,1.12,1.237,9.876,9.157,9.524,1.133,1.245
1,441.993,9.855,9.173,9.524,1.107,1.225,9.895,9.164,9.509,1.118,1.228
1,443.054,9.851,9.113,9.59,1.124,1.213,9.881,9.192,9.557,1.139,1.215
1,444.546,9.855,9.157,9.575,1.11,1.205,9.84,9.133,9.582,1.135,1.228
1,445.195,9.883,9.161,9.57,1.109,1.223,9.843,9.155,9.588,1.141,1.239
1,447.022,9.881,9.154,9.513,1.137,1.209,9.887,9.188,9.509,1.133,1.237
1,449.946,9.848,9.168,9.542,1.115,1.22,9.818,9.146,9.526,1.143,1.203
1,451.64,9.894,9.155,9.585,1.125,1.241,9.848,9.117,9.532,1.107,1.215
1,452.646,9.837,9.108,9.517,1.102,1.213,9.858,9.117,9.558,1.14,1.219
1,452.707,9.847,9.119,9.59,1.139,1.22,9.813,9.145,9.572,1.133,1.218
1,453.106,9.87,9.197,9.531,1.129,1.219,9.861,9.14,9.524,1.143,1.236
1,453.621,9.846,9.186,9.532,1.136,1.236,9.86,9.112,9.516,1.122,1.205
1,454.052,9.88,9.131,9.541,1.119,1.23,9.855,9.143,9.534,1.103,1.201
1,454.06,9.88,9.168,9.517,1.144,1.203,9.878,9.177,9.547,1.103,1.229
1,454.963,9.88,9.121,9.505,1.144,1.238,9.832,9.133,9.544,1.139,1.214
1,455.035,9.837,9.14,9.592,1.14,1.237,9.82,9.106,9.57,1.124,1.203
1,456.437,9.811,9.12,9.518,1.118,1.22,9.836,9.113,9.531,1.138,1.206
1,456.703,9.878,9.135,9.529,1.134,1.207,9.805,9.123,9.578,1.142,1.248
1,456.847,9.805,9.132,9.6,1.125,1.243,9.895,9.115,9.527,1.144,1.206
1,457.293,9.801,9.162,9.568,1.116,1.226,9.843,9.124,9.56,1.139,1.242
1,457.3,9.863,9.19,9.574,1.117,1.202,9.886,9.17,9.585,1.139,1.216
1,458.785,9.855,9.157,9.564,1.124,1.222,9.816,9.166,9.578,1.102,1.226
1,459.984,9.83,9.158,9.562,1.139,1.246,9.811,9.186,9.52,1.135,1.204
1,460.484,9.838,9.125,9.574,1.142,1.248,9.806,9.129,9.554,1.1,1.231
1,460.533,9.865,9.196,9.522,1.104,1.214,9.887,9.153,9.512,1.104,1.233
1,461.648,9.881,9.111,9.588,1.139,1.249,9.823,9.107,9.524,1.111,1.201
1,462.486,9.888,9.155,9.502,1.102,1.246,9.836,9.151,9.536,1.106,1.203
1,463.102,9.819,9.155,9.538,1.124,1.224,9.869,9.148,9.525,1.109,1.245
1,463.634,9.854,9.128,9.523,1.144,1.233,9.82,9.109,9.542,1.109,1.24
1,463.845,9.818,9.108,9.597,1.127,1.201,9.875,9.188,9.521,1.118,1.226
1,464.369,9.898,9.129,9.509,1.12,1.217,9.888,9.165,9.595,1.142,1.23
1,464.677,9.83,9.108,9.525,1.127,1.221,9.892,9.181,9.564,1.136,1.211
1,464.688,9.834,9.182,9.555,1.104,1.227,9.893,9.156,9.522,1.139,1.238
1,464.812,9.807,9.128,9.514,1.124,1.234,9.846,9.124,9.578,1.143,1.209
1,464.825,9.883,9.125,9.545,1.134,1.224,9.888,9.153,9.571,1.147,1.244
1,465.61,9.844,9.151,9.512,1.127,1.218,9.851,9.178,9.534,1.102,1.229
1,466.687,9.817,9.121,9.527,1.109,1.228,9.893,9.192,9.563,1.122,1.218
1,466.869,9.809,9.105,9.534,1.126,1.242,9.854,9.109,9.524,1.142,1.221
1,467.113,9.843,9.194,9.513,1.124,1.229,9.807,9.156,9.568,1.136,1.234
1,467.258,9.84,9.146,9.52,1.125,1.227,9.839,9.132,9.548,1.117,1.234
1,467.623,9.875,9.186,9.517,1.134,1.243,9.882,9.144,9.557,1.145,1.218
1,467.847,9.851,9.192,9.524,1.135,1.226,9.866,9.109,9.529,1.129,1.242
1,468.773,9.862,9.108,9.596,1.103,1.222,9.866,9.127,9.507,1.116,1.228
1,469.456,9.823,9.138,9.6,1.109,1.211,9.839,9.178,9.513,1.138,1.22
1,470.346,9.869,9.106,9.565,1.13,1.229,9.861,9.17,9.505,1.121,1.218
1,470.484,9.874,9.162,9.542,1.116,1.246,9.802,9.122,9.598,1.102,1.241
1,471.955,9.851,9.172,9.583,1.101,1.222,9.88,9.184,9.521,1.119,1.208
1,473.44,9.822,9.159,9.559,1.142,1.205,9.88,9.15,9.559,1.138,1.23
1,474.673,9.804,9.196,9.549,1.137,1.228,9.894,9.131,9.561,1.109,1.237
1,474.778,9.867,9.151,9.568,1.125,1.203,9.876,9.19,9.513,1.128,1.216
1,475.541,9.816,9.111,9.521,1.106,1.212,9.827,9.18,9.581,1.105,1.215
1,475.878,9.873,9.14,9.512,1.105,1.245,9.879,9.115,9.563,1.13,1.242
1,475.895,9.835,9.186,9.527,1.141,1.247,9.82,9.119,9.517,1.118,1.248
1,476.062,9.837,9.132,9.553,1.133,1.21,9.888,9.157,9.507,1.125,1.245
1,476.988,9.864,9.17,9.502,1.112,1.209,9.858,9.127,9.519,1.101,1.245
1,477.0,9.879,9.11,9.519,1.126,1.219,9.809,9.184,9.519,1.12,1.213
1,477.619,9.825,9.111,9.533,1.143,1.228,9.869,9.139,9.554,1.144,1.209
1,479.104,9.808,9.159,9.533,1.124,1.246,9.812,9.112,9.551,1.138,1.212
1,479.291,9.866,9.109,9.533,1.124,1.219,9.899,9.193,9.517,1.101,1.224
1,479.436,9.898,9.176,9.581,1.133,1.232,9.874,9.108,9.548,1.1,1.219
1,479.483,9.869,9.157,9.566,1.119,1.209,9.887,9.106,9.537,1.131,1.204
1,479.617,9.876,9.168,9.508,1.121,1.237,9.802,9.168,9.589,1.13,1.237
1,480.831,9.855,9.13,9.537,1.123,1.225,9.891,9.163,9.591,1.122,1.235
1,482.292,9.865,9.153,9.507,1.108,1.228,9.878,9.167,9.506,1.13,1.249
1,482.665,9.87,9.119,9.525,1.146,1.204,9.804,9.195,9.543,1.137,1.221
1,482.681,9.847,9.124,9.503,1.122,1.202,9.818,9.151,9.583,1.129,1.229
1,482.749,9.883,9.176,9.575,1.142,1.238,9.825,9.155,9.542,1.122,1.241
1,482.792,9.845,9.147,9.58,1.124,1.245,9.873,9.129,9.501,1.138,1.247
1,482.801,9.892,9.118,9.575,1.135,1.239,9.823,9.168,9.521,1.139,1.245
1,483.815,9.85,9.184,9.585,1.136,1.235,9.854,9.146,9.575,1.108,1.217
1,485.315,9.827,9.164,9.542,1.137,1.212,9.894,9.15,9.529,1.111,1.23
1,485.998,9.801,9.156,9.584,1.149,1.209,9.864,9.199,9.513,1.124,1.22
1,486.626,9.823,9.194,9.596,1.131,1.225,9.834,9.106,9.536,1.102,1.226
1,487.466,9.839,9.184,9.584,1.14,1.238,9.865,9.19,9.541,1.133,1.237
1,487.473,9.882,9.196,9.545,1.128,1.23,9.864,9.172,9.527,1.116,1.226
1,487.633,9.848,9.197,9.563,1.134,1.21,9.803,9.102,9.572,1.139,1.231
