task_type,arrival_time,est_m1,est_m2,est_m3,est_m4,est_m5,est_m6,est_m7,est_m8,ext_m1-1,ext_m2-1,ext_m3-1,ext_m4-1,ext_m5-1,ext_m6-1,ext_m7-1,ext_m8-1
T3,0.018,0.96,1.11,103.84,1.05,111.59,9.95,0.99,10.2,1.03,1.03,114.07,1.15,106.4,10.96,1.07,11.16
T4,0.049,1.0,1.1,94.46,0.97,117.98,10.09,0.96,10.45,0.99,1.18,108.19,1.01,103.85,10.79,1.11,10.15
T1,1.051,1.18,1.04,112.6,1.03,106.14,10.74,1.16,10.6,1.14,1.1,111.98,0.96,107.16,11.14,1.12,9.77
T4,1.192,1.02,1.08,107.53,1.03,118.98,10.78,1.05,10.72,0.94,1.06,107.07,1.11,116.23,9.52,0.99,11.2
T2,1.306,1.18,0.99,112.4,1.06,110.78,10.67,1.17,11.17,1.15,1.0,107.66,1.12,96.54,10.79,1.04,10.11
T1,1.755,1.06,1.02,106.21,0.98,106.19,11.52,1.08,10.93,1.1,1.07,110.86,0.99,105.06,11.42,1.01,10.43
T2,2.129,1.07,1.08,109.78,1.1,108.62,10.84,1.01,10.07,1.15,1.1,113.56,1.01,106.16,10.74,1.16,10.22
T3,2.239,0.94,0.99,104.86,1.09,110.12,10.05,1.15,10.6,0.99,1.15,114.36,1.05,98.05,10.0,1.14,10.74
T2,2.263,1.01,1.13,102.02,1.15,97.91,10.63,1.0,10.8,1.08,1.07,113.75,1.16,105.49,10.93,1.16,10.1
T3,2.575,1.06,1.0,112.32,1.06,108.37,9.95,1.04,11.42,1.02,1.03,103.11,1.14,102.46,10.9,1.05,10.74
T2,2.77,1.05,1.1,109.68,1.0,96.45,10.04,1.18,10.85,1.02,1.12,102.41,1.11,103.73,9.86,1.15,9.66
T4,2.795,0.99,1.13,93.58,1.06,107.05,9.49,0.99,10.72,0.98,1.13,106.21,0.98,110.39,9.45,1.1,10.71
T3,2.93,0.99,0.97,106.8,1.12,111.76,11.22,0.98,10.96,1.0,1.14,100.59,1.0,94.95,10.91,1.15,10.1
T1,3.864,1.11,1.12,106.93,1.1,107.62,10.78,1.11,9.69,1.04,1.14,114.73,1.06,108.91,10.75,1.08,10.07
T1,4.064,1.09,1.08,107.32,0.96,103.65,11.58,1.17,10.62,1.18,1.03,116.99,1.05,103.58,10.68,1.01,10.9
T2,4.29,1.15,1.13,114.3,1.12,103.95,9.8,1.04,11.18,1.09,1.11,109.9,1.12,102.2,9.54,1.08,9.63
T4,4.405,1.07,1.18,107.16,0.99,113.19,10.22,1.01,10.66,1.08,1.03,105.44,0.96,115.57,9.63,1.06,10.86
T3,4.5,1.04,1.1,101.18,0.97,106.5,11.03,1.01,11.02,1.04,1.11,97.07,1.0,100.86,10.3,1.06,11.27
T3,4.892,1.01,1.12,98.2,0.98,103.59,9.84,1.04,11.42,0.94,1.11,104.75,1.09,108.96,11.26,1.02,10.53
T2,5.005,1.16,1.12,114.37,1.06,104.08,10.4,1.05,10.82,1.03,0.99,100.61,1.17,99.15,9.96,1.18,9.67
T2,5.207,1.1,0.99,106.72,1.15,106.64,9.76,1.13,10.7,1.04,0.98,102.86,1.01,110.35,10.63,1.18,10.59
T1,5.976,1.18,1.0,117.44,1.08,112.61,11.62,1.04,10.43,1.17,1.07,108.4,1.1,104.61,10.57,1.1,9.57
T3,6.893,1.09,1.0,105.72,1.1,96.84,10.88,1.06,11.15,1.06,1.08,110.37,1.12,101.16,10.58,1.13,10.36
T2,7.128,1.03,1.15,100.13,1.03,108.26,9.89,1.06,10.72,1.12,1.16,110.12,1.16,98.67,10.09,1.02,10.62
T1,7.363,1.01,1.0,106.5,0.97,99.87,11.02,1.04,10.48,1.14,1.15,106.7,1.0,110.86,11.22,1.03,9.75
T3,7.486,1.07,1.13,102.7,1.11,104.1,10.2,1.08,10.6,0.94,1.06,106.05,1.14,104.08,9.63,1.0,11.11
T4,7.766,1.07,1.07,99.93,1.1,112.3,10.96,1.0,10.33,1.1,1.09,107.67,1.04,116.33,10.78,1.09,9.96
T3,8.281,1.07,1.13,98.04,1.04,107.2,9.79,1.13,11.08,0.94,0.98,97.4,1.06,99.99,10.62,1.01,11.25
T4,8.353,1.06,1.13,100.05,1.08,103.38,10.27,1.07,10.45,0.95,1.06,95.67,0.97,116.07,9.81,1.04,11.32
T1,8.46,1.02,1.1,111.75,0.93,101.71,11.7,1.04,10.26,1.12,1.08,109.56,0.95,99.03,11.35,1.01,10.86
T3,8.723,0.98,1.1,114.1,1.1,102.76,11.04,1.07,10.05,1.02,1.09,108.67,1.07,110.59,11.36,1.02,10.55
T3,8.842,0.92,0.99,106.38,1.04,108.98,10.87,1.15,10.15,1.01,1.07,110.26,1.03,111.62,11.25,1.07,10.04
T3,8.995,0.94,1.06,99.25,1.1,102.38,9.66,1.05,10.43,1.05,1.07,105.14,1.09,94.87,11.03,1.03,9.86
T3,9.583,1.08,1.09,114.85,1.09,103.22,11.21,0.98,11.45,0.99,1.02,105.95,1.12,107.43,10.07,1.08,11.62
T4,10.132,0.95,1.14,103.8,0.95,104.0,10.86,0.96,10.97,1.08,1.18,93.58,0.94,105.7,10.55,0.99,10.72
T2,10.237,1.14,1.01,99.19,1.14,107.4,10.28,1.03,10.33,1.16,1.05,104.82,1.0,97.35,10.26,1.07,10.28
T4,10.415,1.05,1.0,94.85,0.97,105.42,10.53,1.1,10.23,0.94,1.16,95.24,1.12,116.53,10.29,0.95,9.85
T4,10.467,1.08,1.03,102.23,1.1,109.07,9.83,0.98,10.4,1.1,1.13,95.91,0.98,116.41,10.06,1.07,10.56
T3,10.9,0.96,1.05,110.84,1.09,104.77,9.83,0.98,10.94,0.97,1.11,100.7,1.14,108.58,11.42,1.14,10.75
T4,11.135,0.94,1.16,94.64,1.01,117.32,10.35,1.1,10.96,0.96,1.15,99.9,0.95,116.2,9.97,0.94,9.99
T3,11.517,0.98,1.14,106.51,1.01,110.9,11.26,1.1,11.54,0.99,1.1,99.52,1.12,98.38,10.85,0.99,11.31
T4,12.185,1.06,1.12,103.37,1.1,103.8,10.22,0.98,11.08,0.95,1.08,99.54,0.95,118.64,10.14,0.99,10.73
T3,12.415,1.04,0.99,101.67,1.15,106.04,10.68,1.02,11.64,1.02,1.08,108.1,1.08,104.05,10.18,1.07,10.83
T3,12.825,0.95,1.05,105.44,1.06,110.19,10.47,1.03,11.46,1.09,1.03,106.99,1.12,106.63,9.71,1.03,10.09
T1,12.874,1.11,1.04,101.33,0.98,104.49,10.92,1.06,10.78,1.15,1.05,101.74,1.04,113.06,11.58,1.02,9.39
T1,13.171,1.15,1.03,112.87,0.97,96.92,10.02,1.06,10.42,1.03,1.16,109.3,1.0,107.26,11.64,1.16,9.8
T1,13.2,1.1,1.02,101.99,1.06,107.68,9.94,1.12,10.17,1.14,1.11,104.36,1.1,99.71,10.91,1.01,10.54
T3,13.431,0.99,0.98,113.17,0.97,103.0,10.84,1.08,10.35,1.1,1.14,103.29,1.04,110.6,9.68,1.09,11.45
T3,13.638,1.08,1.05,113.92,1.06,104.52,10.95,1.08,10.35,1.04,1.06,98.35,1.04,96.04,10.89,1.02,10.71
T3,14.164,0.94,1.08,107.83,1.11,96.77,10.39,1.02,9.92,1.08,0.99,102.26,1.05,107.06,9.96,1.0,10.21
T1,14.21,1.15,1.08,117.14,1.02,110.42,10.27,1.13,9.9,1.07,1.03,104.72,1.08,114.52,10.16,1.0,9.89
T3,14.306,1.09,1.13,108.62,1.07,107.95,10.07,1.04,11.43,0.96,1.01,106.99,1.04,107.69,11.27,1.0,10.96
T3,14.344,1.03,1.11,100.22,1.05,111.85,10.18,1.03,11.68,1.03,1.12,102.61,1.14,95.98,10.96,1.15,10.96
T2,14.386,1.17,1.12,103.41,1.02,97.48,9.5,1.11,9.64,1.06,1.09,102.74,1.08,99.04,10.76,1.16,10.7
T3,14.429,1.04,1.0,111.24,1.07,98.03,9.84,1.06,10.03,1.01,1.04,105.8,1.05,108.99,11.01,1.14,10.85
T2,14.6,1.14,0.98,114.06,1.03,112.38,9.79,1.03,10.52,1.02,1.15,106.16,1.11,97.92,9.22,1.0,10.24
T3,14.669,0.99,1.14,113.87,1.0,107.44,11.05,1.04,10.24,0.95,1.09,111.37,0.98,94.92,9.92,1.11,10.73
T4,14.724,1.06,1.1,103.03,0.99,116.95,10.32,1.09,9.98,0.94,1.1,100.0,0.95,107.24,10.09,0.99,10.88
T3,15.457,1.09,1.06,111.37,1.1,99.24,10.05,1.04,10.04,1.04,1.02,98.38,1.14,109.43,10.69,1.13,11.03
T4,16.066,1.01,1.02,104.52,1.07,107.46,9.68,1.08,9.78,1.02,1.0,101.44,0.96,111.24,10.54,1.0,9.94
T1,16.089,1.18,1.14,100.59,0.98,101.71,10.27,1.02,10.54,1.02,1.13,117.54,0.98,103.37,10.61,1.15,10.36
T4,16.35,0.95,1.17,100.16,1.09,105.22,9.93,1.09,9.7,1.09,1.07,105.32,1.1,102.14,10.91,0.96,11.02
T3,16.522,0.99,1.09,100.24,1.03,101.02,11.03,1.14,11.64,1.08,1.01,109.19,1.06,102.15,10.51,0.98,10.41
T4,17.08,1.07,1.15,98.36,1.0,118.72,10.75,1.03,10.95,1.08,1.17,96.3,1.02,116.61,10.84,0.95,10.35
T3,17.41,1.03,1.13,105.66,1.0,98.02,11.29,1.12,10.7,0.93,1.11,108.54,1.05,109.75,9.95,1.05,10.34
T1,17.422,1.17,1.11,102.17,0.96,105.83,10.72,1.03,9.82,1.01,1.15,102.51,0.96,107.28,10.41,1.08,10.26
T1,17.443,1.15,1.14,113.55,1.05,111.16,10.41,1.01,9.49,1.11,1.04,108.48,1.01,100.68,10.1,1.13,10.36
T1,17.561,1.12,1.16,112.3,1.06,112.54,11.63,1.0,10.35,1.16,1.05,106.18,0.95,96.55,11.52,1.16,9.69
T1,17.915,1.14,1.09,117.73,1.08,98.58,10.22,1.07,9.42,1.13,1.09,113.26,0.97,110.16,10.87,1.09,10.45
T2,18.133,1.07,1.16,99.9,1.11,102.1,10.39,1.18,10.21,1.15,0.98,100.18,1.15,95.88,10.56,1.06,10.02
T4,18.171,1.01,1.11,99.98,0.97,109.24,10.86,1.06,10.0,0.95,1.02,104.33,1.0,111.35,10.85,1.12,11.05
T3,18.266,1.0,1.03,106.38,1.05,105.47,10.03,0.98,10.55,1.02,1.06,98.45,1.0,108.12,11.0,1.01,10.1
T2,18.401,1.05,1.08,102.51,1.09,108.97,10.7,1.08,11.27,1.15,1.0,102.78,1.04,99.87,10.44,1.04,9.9
T2,18.428,1.01,1.02,113.79,1.14,109.38,10.67,1.15,9.59,1.16,1.1,106.55,1.14,100.0,9.19,1.12,10.41
T4,18.517,0.95,1.18,95.99,1.03,106.73,10.63,0.99,10.49,0.98,1.08,98.67,1.0,110.61,9.85,0.95,10.01
T3,18.673,1.09,1.06,112.98,1.12,97.04,10.14,1.05,11.17,1.07,1.03,111.97,1.13,100.51,10.53,1.1,11.62
T1,19.076,1.06,1.14,101.14,1.05,97.48,11.58,1.1,10.38,1.2,1.14,100.48,1.1,110.18,10.65,1.16,10.41
T3,19.152,0.93,1.01,114.63,0.98,103.93,10.91,1.09,10.56,1.01,1.08,110.62,1.03,110.0,10.05,1.06,9.95
T3,19.666,1.0,1.08,110.36,1.15,97.42,11.41,1.03,11.0,1.08,1.03,101.14,1.1,101.63,11.25,1.15,11.36
T4,20.585,1.0,1.18,100.1,0.97,112.75,9.99,1.08,9.88,1.07,1.1,102.54,0.96,114.9,11.04,0.97,10.32
T3,20.803,1.04,1.04,107.0,1.14,110.32,11.3,1.1,11.7,0.94,0.98,105.92,1.02,103.16,10.19,1.14,11.42
T3,20.961,1.03,1.14,102.31,1.07,101.34,10.04,1.12,11.46,1.01,1.09,100.7,1.11,109.75,10.1,1.02,11.08
T1,21.054,1.17,1.03,111.12,0.99,105.36,11.54,1.01,10.86,1.11,1.01,112.01,1.03,112.29,10.52,1.11,9.37
T1,21.275,1.07,1.03,107.8,0.97,113.76,11.63,1.17,9.46,1.11,1.08,115.23,1.09,102.07,10.27,1.14,10.75
T2,21.348,1.14,1.0,97.61,1.03,111.92,10.01,1.16,11.13,1.17,1.01,104.54,1.17,109.57,10.2,1.09,11.26
T1,22.346,1.15,1.15,106.74,1.06,100.4,10.63,1.11,9.88,1.17,1.02,101.7,1.1,98.22,10.22,1.02,9.95
T3,22.516,0.95,0.99,110.72,1.11,108.91,10.76,1.09,10.48,0.99,1.12,105.93,1.02,98.76,9.64,1.11,10.27
T3,22.554,1.09,1.05,102.68,1.05,102.25,11.35,1.07,10.8,1.04,1.0,98.26,1.15,99.18,10.53,1.13,11.62
T4,22.731,0.95,1.1,106.04,0.99,106.46,9.76,1.01,11.15,1.05,1.16,98.32,1.09,114.37,10.16,1.04,11.41
T3,23.505,0.99,1.11,105.98,1.01,104.5,10.4,1.03,10.5,1.03,1.08,100.52,1.01,107.78,9.84,1.16,10.11
T1,23.549,1.08,1.08,107.58,1.03,104.15,10.03,1.03,10.85,1.08,1.02,106.64,0.96,97.8,10.3,1.1,10.59
T4,23.551,1.1,1.14,93.53,1.03,113.95,9.9,0.94,10.45,1.11,1.16,107.29,1.06,113.97,11.14,0.96,10.5
T3,23.67,1.03,1.14,107.47,1.1,105.37,11.34,0.99,10.43,1.04,1.06,105.23,1.03,97.96,10.12,1.09,9.99
T4,23.805,1.08,1.07,97.75,1.12,105.01,9.79,1.09,10.99,1.01,1.17,105.52,1.05,102.81,10.97,0.95,10.07
T2,23.895,1.07,1.04,106.41,1.16,106.26,10.42,1.17,10.61,1.17,1.08,106.4,1.09,107.37,9.54,1.18,10.58
T1,23.983,1.02,1.13,100.75,1.03,105.24,11.18,1.07,10.07,1.02,1.11,115.34,1.08,109.13,10.7,1.0,9.32
T2,24.243,1.08,1.0,103.48,1.06,105.93,9.96,1.17,9.9,1.17,1.04,111.29,1.06,102.29,9.73,1.18,9.53
T2,24.425,1.01,0.98,109.49,1.12,96.44,10.41,1.04,9.74,1.11,1.1,113.75,1.15,110.65,10.48,1.04,10.47
T2,24.928,1.13,1.05,98.7,1.03,106.64,10.16,1.13,10.9,1.18,1.11,97.29,1.14,109.43,9.3,1.16,9.52
T3,25.148,1.02,1.13,111.09,1.06,95.34,10.9,1.14,10.19,1.06,1.12,111.34,1.13,95.24,9.85,1.08,10.78
T3,25.453,1.04,1.13,105.87,1.05,112.21,10.17,1.08,11.3,1.06,1.13,99.07,1.03,98.18,10.1,1.06,10.9
T1,25.544,1.09,1.0,117.32,1.1,110.82,10.91,1.16,10.07,1.06,1.12,110.1,0.97,103.74,10.63,1.07,10.76
T2,25.643,1.05,1.15,104.19,1.08,102.86,10.56,1.01,11.13,1.18,1.04,101.3,1.14,96.53,10.09,1.1,9.93
T2,26.011,1.04,1.14,111.97,1.1,104.67,10.63,1.11,10.06,1.05,1.08,100.2,1.02,113.43,10.38,1.1,9.57
T4,26.514,1.03,1.0,106.13,1.03,109.2,10.7,1.0,11.32,1.01,1.12,108.46,0.95,105.02,11.05,0.98,10.71
T2,26.573,1.07,1.11,105.43,1.12,109.25,10.41,1.15,10.56,1.14,1.06,102.75,1.07,105.19,10.18,1.03,10.58
T3,26.932,0.97,1.0,110.6,1.03,110.17,11.1,1.09,11.64,0.98,1.03,114.14,1.09,108.28,10.48,1.12,10.5
T4,27.008,1.08,1.06,102.8,1.07,108.43,10.95,1.11,11.3,1.06,1.05,107.48,1.08,115.87,10.75,1.01,10.99
T4,27.172,1.01,1.12,107.68,1.01,110.1,9.66,1.12,10.58,1.0,1.03,95.11,1.09,108.07,10.65,1.08,9.95
T1,27.226,1.15,1.11,104.33,1.07,111.0,10.35,1.13,9.43,1.11,1.03,105.76,0.98,104.04,11.07,1.15,10.05
T3,27.271,0.92,1.02,100.74,1.14,104.53,9.92,1.11,11.67,0.93,0.98,110.79,0.98,107.53,9.72,1.04,10.91
T1,27.446,1.08,1.02,117.76,1.11,105.3,10.81,1.18,10.58,1.11,0.98,105.26,1.03,102.44,11.4,1.05,9.66
T4,27.56,1.0,1.06,98.28,0.95,109.79,10.99,1.03,11.35,1.05,1.08,95.57,1.03,101.68,10.52,1.07,9.68
T4,27.967,0.95,1.17,94.44,0.96,117.72,10.06,1.03,10.23,0.97,1.12,101.67,1.08,106.02,10.78,1.06,11.14
T3,28.325,1.1,1.09,106.55,1.0,110.27,10.37,1.09,11.52,1.07,1.1,113.01,1.04,98.71,10.27,0.98,10.73
T2,28.345,1.11,1.04,105.76,1.06,110.45,10.15,1.08,10.87,1.09,1.05,105.12,1.14,96.71,9.67,1.12,10.61
T2,29.171,1.1,1.08,100.71,1.02,99.29,10.52,1.06,10.82,1.07,1.02,102.36,1.17,102.87,9.24,1.05,10.07
T4,30.257,1.0,1.06,107.16,0.98,102.51,9.49,1.03,10.34,0.98,1.02,95.73,1.0,111.51,9.54,0.95,10.05
T4,30.268,1.08,1.12,104.46,1.11,110.67,9.52,1.04,9.79,1.07,1.17,95.66,1.09,115.78,10.49,1.07,10.67
T1,30.431,1.17,1.04,110.18,1.06,112.08,11.32,1.17,9.65,1.1,1.09,103.16,0.94,108.37,11.16,1.09,10.5
T4,30.5,0.99,1.1,104.56,1.05,103.11,10.62,1.04,10.45,1.09,1.01,107.08,1.05,106.72,10.73,1.09,10.35
T2,30.949,1.09,1.02,104.11,1.06,96.17,10.83,1.17,10.56,1.08,1.07,105.53,0.99,110.07,10.58,1.11,10.05
T1,31.078,1.1,1.03,103.49,1.09,102.84,10.53,1.03,10.06,1.05,1.09,101.48,0.96,106.89,11.38,1.06,10.39
T3,31.333,1.06,1.12,110.33,1.12,108.1,10.07,1.08,10.89,1.09,1.04,108.04,1.04,100.23,10.04,1.02,11.03
T4,32.131,1.0,1.06,106.21,1.05,102.91,10.73,1.01,10.87,1.07,1.04,98.2,1.08,106.82,10.79,1.03,10.93
T1,32.177,1.06,1.04,100.26,0.99,103.62,11.26,1.01,10.9,1.1,1.16,108.56,1.07,113.87,11.25,1.15,9.4
T1,32.414,1.04,1.08,106.44,1.0,101.08,11.45,1.07,10.13,1.07,1.05,111.77,1.0,106.81,11.38,1.09,10.06
T4,32.976,0.98,1.02,95.16,1.02,114.37,10.65,1.0,9.78,1.04,1.1,93.36,1.01,106.09,9.5,1.09,10.76
T3,33.84,0.99,1.03,114.85,1.04,106.55,10.05,1.06,10.1,1.08,1.11,96.72,1.02,101.81,9.86,0.98,10.33
T4,33.916,1.07,1.03,94.74,1.02,114.75,9.73,1.03,10.33,0.96,1.03,103.95,1.0,115.13,11.06,1.07,9.79
T3,34.02,1.0,1.03,101.59,1.0,103.32,10.62,1.15,9.91,1.05,1.08,104.66,1.0,102.18,10.2,1.05,10.53
T1,34.062,1.14,1.03,107.91,0.97,97.32,9.91,1.13,10.72,1.03,1.13,103.16,1.0,97.79,9.89,1.17,10.64
T3,34.432,1.06,1.08,106.55,0.98,107.5,10.32,1.12,11.22,0.96,1.04,104.93,1.08,99.74,11.04,1.13,10.19
T1,34.447,1.11,1.0,109.26,1.02,112.61,11.66,1.01,9.5,1.17,0.98,105.39,0.94,113.48,10.56,1.09,9.48
T3,34.526,1.06,1.06,97.29,1.02,98.71,10.46,1.02,10.63,1.06,1.08,112.05,0.98,98.82,11.36,1.05,11.02
T1,34.795,1.13,1.04,108.54,0.98,97.56,11.37,1.17,9.31,1.03,1.15,115.25,1.04,105.17,10.83,1.17,9.52
T1,35.154,1.08,1.12,109.17,1.07,111.21,10.34,1.03,9.95,1.15,1.04,100.56,0.94,113.52,10.28,1.0,9.99
T3,35.707,0.93,1.09,113.69,1.11,98.28,9.71,1.14,11.56,1.02,1.08,109.7,1.13,105.93,10.1,1.09,10.33
T2,36.734,1.01,1.0,113.95,0.99,111.66,9.88,1.05,9.9,1.0,1.08,112.74,1.01,110.89,9.38,1.16,9.71
T3,36.846,1.08,1.08,101.36,1.15,95.57,10.56,1.16,11.17,0.99,1.06,102.82,1.1,111.27,9.84,1.08,10.58
T1,36.914,1.16,1.15,117.85,0.96,98.85,11.67,1.01,10.69,1.14,1.03,99.89,1.05,100.26,10.92,1.17,9.95
T2,37.139,1.16,1.06,110.18,1.17,110.07,10.18,1.18,10.59,1.09,1.03,104.13,1.03,109.24,10.47,1.13,10.82
T2,37.234,1.18,1.01,98.57,0.99,110.62,10.73,1.04,9.77,1.1,1.09,110.48,1.05,99.69,10.32,1.01,11.13
T4,37.246,0.95,1.13,101.94,1.1,109.24,10.07,0.94,11.38,0.96,1.06,92.34,1.09,113.24,10.44,0.97,10.67
T1,37.718,1.1,1.04,117.3,1.09,97.37,10.04,1.07,9.78,1.16,0.99,103.28,1.11,104.34,11.42,1.16,10.9
T4,37.776,1.04,1.15,105.51,0.99,106.94,10.32,0.94,10.92,1.11,1.03,106.73,1.09,109.98,10.35,1.03,9.85
T4,37.836,1.07,1.03,103.44,1.01,115.14,11.11,1.03,10.47,1.06,1.15,92.82,1.11,107.63,9.45,1.09,10.0
T4,37.925,1.0,1.13,94.29,0.98,115.1,9.75,0.94,9.82,0.94,1.05,96.25,1.09,106.82,9.65,1.1,10.78
T1,37.931,1.01,0.98,113.6,0.96,112.06,11.47,1.15,10.39,1.14,0.98,114.53,1.08,103.36,11.49,1.11,9.88
T4,38.046,0.96,1.05,100.83,1.07,112.4,11.14,0.98,9.91,0.97,1.12,93.89,1.04,112.47,9.65,1.11,10.18
T2,38.721,1.14,1.02,112.49,1.12,112.91,9.59,1.11,11.18,1.09,1.08,107.88,1.11,107.48,10.27,1.14,9.56
T2,38.882,1.1,0.99,108.66,1.16,98.54,10.12,1.07,10.07,1.14,1.06,101.99,1.02,108.38,10.1,1.12,11.06
T1,39.184,1.07,1.0,102.33,0.99,107.28,10.79,1.16,10.62,1.15,1.12,103.54,1.05,96.44,10.0,1.14,9.31
T3,39.245,0.97,1.14,97.07,1.06,103.22,9.78,0.99,10.63,1.0,1.06,96.72,0.97,96.88,10.36,1.0,11.45
T3,39.61,0.98,1.14,97.61,0.98,104.96,11.03,0.98,10.42,0.97,1.05,112.7,1.0,102.76,10.55,1.08,10.34
T3,39.811,0.94,1.13,110.98,1.15,112.05,9.66,1.03,11.19,0.93,1.1,104.55,1.12,107.7,11.08,1.14,11.58
T3,39.846,0.93,0.98,113.92,1.02,99.14,10.82,1.11,9.88,1.06,1.06,97.31,1.06,97.62,11.01,1.11,10.03
T2,40.175,1.16,1.02,105.87,1.06,97.58,10.7,1.04,9.72,1.09,1.02,109.82,1.11,105.22,10.66,1.09,10.48
T1,40.205,1.15,1.02,101.62,0.97,112.44,10.64,1.05,10.57,1.07,1.06,106.84,0.94,107.87,11.7,1.14,9.9
T3,40.309,0.99,1.1,104.86,0.98,108.39,9.92,1.15,11.14,0.93,1.13,98.38,1.04,101.25,9.85,1.12,10.7
T4,40.946,1.04,1.07,95.3,0.95,105.25,11.14,0.95,10.65,1.08,1.13,99.54,1.09,114.59,11.03,0.95,11.41
T1,40.967,1.19,1.15,116.99,0.99,98.93,11.16,1.15,9.72,1.01,1.12,116.1,1.1,102.89,10.52,1.18,10.5
T1,41.817,1.16,1.16,102.52,1.09,110.86,10.08,1.1,9.54,1.16,1.05,108.53,1.04,104.51,9.93,1.13,10.11
T1,41.829,1.06,1.08,101.94,1.01,97.3,11.45,1.12,9.44,1.01,1.06,102.53,1.05,109.5,10.9,1.11,9.7
T4,42.105,1.06,1.17,98.94,1.11,113.46,11.02,1.12,10.92,1.04,1.04,104.37,1.03,114.37,10.57,0.96,10.76
T4,42.191,1.05,1.01,101.62,0.98,104.08,10.95,1.0,10.48,1.06,1.04,107.41,1.01,100.49,9.42,1.03,11.43
T4,42.195,1.07,1.12,93.0,1.09,109.66,10.32,1.07,10.32,1.03,1.13,101.6,0.96,116.08,10.64,1.01,11.18
T4,42.547,1.05,1.17,94.3,1.01,102.1,9.69,0.95,10.15,0.96,1.16,92.63,1.09,104.07,9.9,1.07,9.78
T4,43.007,1.1,1.1,98.96,0.99,100.73,9.7,0.96,10.12,0.99,1.0,99.14,1.02,114.84,11.01,1.06,11.44
T1,43.017,1.09,1.08,108.15,0.96,97.07,11.47,1.18,9.79,1.01,1.12,105.8,1.08,110.61,10.02,1.14,9.78
T2,43.279,1.11,1.03,110.28,1.07,99.38,10.85,1.13,10.63,1.05,1.06,113.74,1.15,99.55,10.34,1.01,10.71
T2,43.355,1.01,1.08,114.98,1.08,107.79,10.36,1.11,10.49,1.15,0.99,108.2,1.06,113.67,9.67,1.07,11.13
T4,43.444,1.09,1.03,94.31,1.02,101.67,9.63,1.09,10.44,1.08,1.02,102.07,1.09,115.79,9.67,1.01,9.92
T3,43.601,0.94,1.13,100.07,1.03,112.27,10.39,1.06,11.39,1.04,0.97,105.79,0.98,102.36,9.79,0.98,11.62
T1,43.782,1.18,1.15,110.92,0.97,106.72,10.33,1.06,9.86,1.07,1.07,117.73,0.98,113.35,11.32,1.14,11.05
T1,43.865,1.02,1.01,117.06,1.02,113.88,11.37,1.09,11.03,1.17,1.03,110.92,1.05,101.83,11.49,1.11,9.59
T1,43.878,1.03,1.08,106.44,1.09,106.37,9.86,1.1,10.73,1.1,0.99,114.96,1.1,103.6,10.25,1.17,9.36
T2,43.948,1.05,1.06,111.08,1.13,110.74,9.91,1.04,9.7,1.15,1.06,105.5,1.12,97.87,10.18,1.14,11.24
T1,44.204,1.02,1.1,117.63,0.98,109.4,10.11,1.11,10.68,1.17,1.02,109.95,1.06,111.08,10.11,1.11,10.6
T3,44.467,0.96,1.0,113.16,1.08,109.19,9.7,1.11,10.48,1.04,1.13,112.4,1.09,98.05,10.31,1.15,10.73
T4,45.462,1.11,1.05,93.01,1.11,111.26,10.79,1.08,10.76,1.04,1.08,107.53,1.11,101.26,9.86,1.03,11.18
T2,45.787,1.06,0.99,105.57,1.02,103.98,10.66,1.09,10.75,1.13,1.1,109.5,1.0,107.89,9.61,1.14,10.59
T2,45.945,1.14,1.08,113.75,1.17,108.07,10.14,1.04,9.9,1.02,1.14,109.78,1.01,95.8,10.22,1.11,11.0
T3,46.67,1.09,0.99,103.29,1.1,106.64,9.6,1.05,9.91,1.08,1.13,97.32,1.1,101.34,9.91,1.16,11.3
T4,46.896,0.99,1.17,94.02,1.06,118.34,10.86,1.09,11.22,0.94,1.02,99.9,1.1,113.73,10.23,0.96,11.0
T4,47.213,1.04,1.12,99.8,1.1,104.77,9.66,1.04,11.02,1.1,1.16,108.25,1.11,102.35,10.14,1.11,9.86
T4,47.283,1.0,1.07,108.23,1.02,113.58,10.56,1.06,10.92,1.01,1.15,94.94,1.11,112.3,9.48,0.97,10.17
T2,47.394,1.12,1.03,113.16,1.01,96.75,10.73,1.07,10.96,1.03,1.1,114.64,0.99,113.25,9.68,1.02,11.19
T3,47.4,1.04,1.1,99.2,1.0,105.53,9.62,1.16,10.35,0.96,1.09,105.46,1.01,104.13,9.73,0.98,11.16
T3,48.702,1.08,1.09,109.96,1.01,106.06,11.42,1.06,9.86,1.06,0.98,112.13,1.05,100.19,10.18,1.08,10.43
T4,48.796,1.08,1.04,103.03,0.96,111.98,9.46,1.06,11.12,1.08,1.11,98.66,0.96,116.26,10.39,1.11,10.2
T2,48.916,1.04,1.11,98.16,1.01,107.79,9.64,1.03,10.63,1.17,0.99,112.01,0.99,102.57,10.67,1.11,9.71
T3,49.184,1.08,0.99,114.5,1.11,106.08,10.78,1.05,9.92,0.99,1.06,103.09,1.03,110.38,10.97,1.15,11.29
T4,49.893,0.99,1.13,91.9,1.08,113.38,9.56,1.06,10.42,1.08,1.12,96.93,1.0,109.22,10.32,1.11,10.27
T2,50.04,1.08,1.14,104.22,1.01,99.11,9.56,1.14,10.46,1.11,1.16,103.47,1.11,112.38,9.19,1.06,9.99
T1,50.151,1.08,1.03,100.52,1.04,109.8,10.16,1.05,9.89,1.08,0.98,113.74,1.01,103.97,11.05,1.04,9.38
T2,50.182,1.06,1.14,114.99,1.0,102.14,10.51,1.15,9.53,1.07,1.16,102.12,1.1,99.53,10.09,1.1,10.88
T2,50.222,1.1,1.0,111.28,1.1,103.55,10.76,1.09,10.97,1.16,1.03,107.5,1.02,102.73,9.62,1.11,10.84
T1,50.406,1.09,0.99,103.92,0.99,112.88,11.28,1.11,10.39,1.13,1.02,111.29,1.02,110.96,10.49,1.06,10.12
T1,50.517,1.09,1.01,102.86,0.96,111.01,10.98,1.01,10.5,1.04,1.09,117.57,1.03,96.48,10.12,1.06,10.6
T1,50.534,1.02,1.05,109.26,1.02,99.17,10.91,1.09,9.47,1.08,1.09,116.9,0.94,112.48,11.22,1.12,9.35
T4,50.773,1.02,1.18,109.24,0.97,102.51,10.6,1.02,10.6,0.95,1.16,99.9,1.08,116.74,11.12,1.05,9.99
T1,50.952,1.19,1.02,112.12,1.03,109.47,10.6,1.18,9.93,1.01,1.02,104.71,1.01,96.94,11.36,1.13,9.9
T2,51.289,1.0,1.12,100.73,1.06,103.35,10.89,1.15,9.64,1.02,0.99,111.2,1.11,108.86,10.07,1.04,11.3
T2,51.578,1.03,1.11,110.52,1.02,112.07,10.16,1.13,10.59,1.15,1.16,102.31,1.07,110.75,10.23,1.08,10.32
T4,52.118,1.07,1.11,104.43,0.98,117.58,11.05,1.06,10.6,1.06,1.06,104.68,1.01,103.48,10.99,0.97,11.02
T1,52.603,1.04,1.09,112.61,0.97,113.06,10.35,1.11,9.46,1.02,1.16,106.14,1.07,100.19,10.74,1.14,11.04
T4,52.758,1.01,1.11,103.78,1.05,110.09,10.7,0.95,11.29,1.02,1.03,101.67,1.08,112.62,9.91,0.94,11.41
T1,52.848,1.04,1.16,117.28,0.96,98.15,11.49,1.02,11.04,1.01,1.01,113.26,0.99,109.53,11.02,1.01,10.68
T3,53.983,0.96,0.99,106.22,1.14,102.43,11.3,1.05,11.11,0.98,1.13,113.54,1.01,105.83,10.98,1.13,11.31
T3,54.481,0.94,1.04,97.23,0.98,101.72,11.41,1.14,10.12,0.96,1.07,113.69,1.1,102.18,10.21,1.08,10.11
T3,54.635,0.92,1.12,108.21,1.08,106.12,11.06,1.16,10.48,1.08,1.09,113.16,1.02,103.6,9.73,1.16,10.56
T4,55.028,1.06,1.16,95.3,1.05,104.14,11.0,1.05,11.43,0.99,1.16,97.55,1.06,100.42,9.51,1.01,11.26
T4,55.343,1.07,1.05,94.62,1.1,102.68,9.68,0.95,10.71,1.04,1.01,106.24,0.97,104.94,10.12,0.99,10.35
T1,55.575,1.04,1.01,109.56,1.01,114.65,11.26,1.01,10.46,1.06,1.1,109.35,1.0,103.0,10.28,1.09,9.48
T2,56.036,1.0,1.04,102.75,1.17,103.35,10.24,1.02,10.59,1.07,0.98,112.7,1.08,104.1,10.3,1.0,10.86
T4,56.152,0.94,1.1,94.74,0.97,118.95,9.97,0.96,10.53,0.93,1.07,105.11,1.0,109.79,9.97,0.95,10.68
T4,56.295,1.01,1.1,99.82,1.02,117.48,10.56,1.0,10.19,1.06,1.09,107.41,1.09,107.04,9.74,0.98,10.42
T2,56.799,1.12,1.08,105.4,1.08,100.69,9.48,1.1,10.66,1.17,1.13,97.47,1.03,104.08,9.64,1.02,11.15
T4,56.821,1.03,1.04,108.0,1.07,105.53,10.18,1.0,11.46,1.08,1.02,94.23,1.0,107.92,10.9,0.95,9.65
T2,56.86,1.11,1.13,103.65,1.12,96.59,9.92,1.1,9.58,1.07,1.1,111.13,1.07,100.54,9.37,1.14,9.94
T3,57.011,1.08,1.03,108.83,0.97,102.62,10.91,1.0,10.5,1.1,0.98,105.08,1.1,96.86,9.92,1.04,10.33
T3,57.073,0.99,1.12,111.71,0.98,101.72,9.67,1.0,10.1,1.09,1.06,98.26,1.01,107.67,10.24,1.04,10.74
T3,57.169,0.93,1.12,110.22,1.13,105.4,10.52,1.07,10.53,1.01,1.03,104.84,0.99,98.71,9.83,0.98,10.06
T3,57.798,1.08,0.99,103.84,1.04,103.18,11.11,1.04,11.23,1.09,1.06,97.4,1.09,112.26,9.73,1.08,10.16
T3,57.799,1.03,1.0,111.09,1.1,104.08,10.54,0.98,11.15,0.96,1.07,97.08,1.03,107.4,10.24,1.05,10.99
T2,58.059,1.15,0.99,104.53,1.05,110.45,9.49,1.03,9.52,1.17,1.1,111.1,1.02,113.34,9.59,1.02,9.57
T3,58.968,1.02,1.12,106.69,1.08,112.11,10.96,1.12,10.32,1.05,1.09,110.93,1.01,108.25,10.77,1.1,10.99
T2,59.046,1.18,1.1,114.37,1.05,112.38,10.45,1.0,9.52,1.06,1.03,97.17,1.1,99.2,10.3,1.03,10.85
T4,59.342,1.09,1.02,93.01,1.0,116.56,10.56,1.09,10.7,1.01,1.05,109.12,1.11,110.65,10.52,1.08,10.16
T3,59.448,0.97,1.03,98.8,1.13,98.76,11.11,1.06,10.4,0.93,1.08,108.34,1.08,95.39,10.84,1.04,11.46
T1,60.04,1.01,1.04,113.17,1.02,111.48,10.66,1.01,11.05,1.11,1.11,113.64,0.96,113.89,10.02,1.1,9.48
T1,60.052,1.19,1.03,114.46,0.96,108.68,10.93,1.0,10.26,1.01,1.05,99.58,0.95,103.34,10.57,1.09,10.64
T4,60.053,1.04,1.12,94.74,1.04,110.96,9.54,0.95,10.5,0.99,1.15,104.82,1.11,108.26,9.59,1.08,9.79
T3,60.694,0.94,1.11,107.48,1.05,103.59,10.26,1.14,10.47,0.97,1.12,112.92,1.05,107.9,10.26,1.08,10.15
T4,61.282,1.03,1.18,92.8,1.06,109.79,10.92,1.05,10.48,1.1,1.05,98.94,1.02,113.09,9.49,0.98,10.35
T2,61.307,1.08,1.13,112.33,1.08,112.28,10.06,1.1,10.41,1.03,1.1,101.35,1.09,107.67,9.62,1.15,9.65
T2,61.484,1.16,0.99,107.45,1.01,102.69,10.23,1.08,10.9,1.05,1.14,101.39,1.12,103.13,10.64,1.18,11.14
T1,61.588,1.08,0.98,114.24,1.07,112.3,9.89,1.1,9.29,1.03,1.02,115.64,1.05,106.19,10.68,1.17,9.32
T3,61.628,1.0,1.02,106.26,1.01,100.51,10.9,1.1,10.07,0.95,1.04,112.36,1.13,103.41,10.11,1.09,9.94
T2,62.427,1.02,1.14,98.39,1.1,103.95,10.09,1.09,11.16,1.1,1.07,113.75,1.06,97.67,9.66,1.16,10.95
T4,62.47,1.1,1.13,94.76,1.01,101.95,9.5,0.96,10.41,1.03,1.04,108.08,0.95,108.43,9.63,1.08,9.91
T1,62.745,1.19,1.1,112.67,1.07,105.83,10.78,1.02,9.8,1.17,1.08,104.95,1.08,97.04,10.85,1.12,9.36
T2,62.808,1.05,1.08,110.05,1.06,103.95,10.71,1.12,11.26,1.04,1.15,112.32,1.04,105.71,10.11,1.13,10.11
T4,63.254,0.97,1.08,100.83,1.0,109.05,10.22,1.11,10.46,1.07,1.11,100.16,0.98,102.1,10.45,1.02,11.01
T1,63.469,1.02,1.04,108.64,0.96,105.31,11.42,1.08,9.99,1.05,1.03,116.83,0.99,114.61,10.64,1.14,9.8
T1,63.783,1.19,1.02,111.12,1.03,106.58,11.42,1.11,10.87,1.18,1.05,110.6,0.99,96.65,11.44,1.0,10.37
T4,64.171,1.06,1.16,97.5,0.99,102.84,9.7,0.98,11.0,1.05,1.0,109.14,1.05,116.68,9.82,1.05,11.05
T3,64.237,1.08,1.08,111.42,1.1,96.22,10.78,1.03,10.03,1.08,0.98,99.57,1.11,103.49,10.48,1.08,11.24
T2,64.249,1.02,1.03,97.25,1.03,101.87,10.73,1.07,11.14,1.09,1.04,108.19,1.1,102.09,9.63,1.09,9.53
T4,64.266,1.1,1.14,94.4,1.07,101.3,10.3,0.99,11.35,1.09,1.01,107.71,1.1,109.22,10.06,1.09,10.44
T3,64.32,1.0,1.01,101.83,0.99,103.27,10.65,1.02,10.22,1.0,1.05,114.04,0.99,107.04,10.29,1.09,9.96
T2,64.419,1.17,1.16,100.32,1.07,111.75,9.93,1.03,10.1,1.05,1.05,111.08,0.99,98.75,9.26,1.13,9.81
T1,64.876,1.17,1.12,113.61,0.96,101.36,10.16,1.0,9.53,1.19,1.11,100.92,0.99,106.24,10.04,1.04,9.92
T4,64.921,0.97,1.14,98.06,0.95,107.51,10.35,0.98,10.4,1.09,1.1,107.35,0.99,116.78,10.24,0.98,11.04
T3,65.279,1.04,0.98,100.19,1.04,105.94,9.93,1.01,10.72,1.08,1.07,101.7,1.14,112.2,9.84,1.1,11.17
T3,66.193,0.98,1.11,104.22,1.08,107.12,9.76,1.06,11.17,1.09,1.11,109.33,1.08,110.04,9.66,0.98,11.27
T1,66.377,1.08,1.0,100.6,1.0,112.9,10.68,1.18,10.32,1.03,1.05,114.97,0.99,106.14,9.88,1.13,9.78
T3,66.629,0.92,1.14,103.24,1.06,99.78,10.22,1.06,10.57,0.95,1.06,112.02,1.07,95.43,10.98,1.16,11.23
T4,66.692,1.05,1.05,108.76,0.94,107.78,9.49,1.01,10.04,1.08,1.18,94.24,1.04,116.8,9.47,1.07,11.18
T1,67.023,1.06,1.12,106.93,0.98,104.61,10.62,1.13,10.56,1.07,1.16,106.51,1.02,97.33,10.86,1.18,10.12
T3,67.041,1.09,1.0,112.4,1.0,107.07,10.91,0.98,11.18,1.06,1.0,98.83,1.12,107.24,10.35,1.13,11.63
T3,67.056,1.0,1.14,108.65,1.06,100.86,10.7,1.13,11.34,0.93,1.06,96.68,1.01,96.3,10.62,1.08,11.72
T2,67.076,1.01,1.03,109.49,1.04,113.3,9.63,1.08,10.84,1.02,0.99,98.99,1.05,104.74,9.28,1.18,9.78
T4,67.187,1.1,1.14,98.24,1.01,118.45,10.23,0.95,10.46,1.07,1.03,100.51,1.02,104.35,9.59,0.95,10.96
T2,67.765,1.01,1.15,103.4,1.17,98.42,10.26,1.1,10.58,1.08,1.09,104.33,1.0,112.61,10.48,1.01,10.11
T4,68.417,0.98,1.13,102.07,1.11,114.13,9.62,1.08,9.98,1.01,1.03,105.3,1.1,114.76,11.14,0.95,10.03
T4,68.777,0.97,1.04,99.98,1.06,118.52,10.79,0.97,10.21,0.98,1.14,107.83,1.07,115.28,10.59,1.02,9.89
T3,68.834,0.96,1.04,109.92,1.05,95.68,10.16,1.13,11.66,1.06,1.11,105.99,1.01,100.95,9.78,0.99,10.67
T4,69.175,1.02,1.17,102.43,1.06,116.33,10.76,1.08,10.41,1.0,1.0,100.36,0.96,114.28,10.67,1.07,9.72
T2,69.556,1.12,0.99,100.17,1.15,108.94,9.98,1.14,9.76,1.02,1.13,110.9,1.16,111.16,9.19,1.18,10.45
T2,69.817,1.11,1.06,101.24,1.16,96.43,9.57,1.07,9.72,1.14,1.08,107.99,1.0,100.8,10.58,1.08,10.08
T2,69.93,1.05,1.09,103.4,0.99,99.42,9.74,1.18,10.82,1.12,1.07,106.68,1.07,113.81,9.58,1.18,10.01
T3,70.198,0.96,1.08,114.66,1.0,103.57,11.14,1.08,11.52,1.06,1.1,112.61,1.02,101.79,10.58,1.0,10.7
T3,70.629,1.08,1.01,99.14,1.1,100.82,11.18,1.09,11.54,0.98,1.07,114.25,1.06,111.86,9.65,1.15,9.92
T2,71.05,1.0,1.1,109.49,1.03,101.78,10.48,1.17,11.06,1.08,1.04,97.91,1.1,103.13,10.26,1.15,10.06
T3,71.292,1.02,1.1,97.46,0.97,102.36,11.38,1.12,11.35,0.99,1.11,113.54,1.06,104.81,10.9,0.98,10.96
T1,71.428,1.18,1.1,105.96,0.94,111.77,11.09,1.03,9.49,1.16,1.15,106.96,1.07,110.42,10.47,1.13,9.52
T4,71.612,1.1,1.14,98.56,0.99,118.61,10.25,1.11,11.44,0.94,1.07,97.74,0.96,109.19,9.83,1.09,10.86
T2,71.915,1.04,1.05,97.32,1.13,102.87,10.37,1.03,9.57,1.11,1.0,111.52,1.07,100.11,9.5,1.15,10.22
T1,72.114,1.17,1.05,106.15,1.08,99.98,10.61,1.12,9.48,1.16,1.07,102.26,0.98,100.72,10.43,1.15,9.45
T3,72.145,0.97,0.98,97.31,1.01,97.38,9.92,1.11,11.64,1.02,1.05,103.36,1.02,99.11,10.91,1.03,10.15
T3,72.472,0.97,1.05,103.29,1.14,98.37,10.64,1.02,10.84,1.06,1.06,97.33,1.11,106.06,10.93,1.04,9.94
T3,72.8,0.95,1.09,108.42,1.13,109.4,10.88,1.06,11.56,1.08,1.13,102.02,1.08,102.06,10.19,1.03,9.99
T1,73.227,1.13,1.07,105.76,1.03,111.92,10.73,1.12,10.42,1.12,1.09,104.55,1.07,97.8,10.0,1.0,10.22
T1,73.789,1.06,1.08,102.21,0.96,109.98,11.18,1.16,9.33,1.04,1.13,104.24,1.0,106.19,11.26,1.16,10.18
T2,74.002,1.13,0.99,98.47,1.08,111.6,9.19,1.07,9.65,1.0,1.14,106.7,1.09,100.94,9.64,1.13,10.59
T1,74.092,1.08,1.14,111.61,1.03,113.35,10.78,1.06,9.73,1.14,0.98,116.5,1.02,110.97,11.35,1.12,10.53
T4,74.426,0.98,1.08,95.88,1.05,109.34,10.82,0.97,9.84,0.97,1.02,108.76,1.03,112.85,9.56,1.03,10.92
T4,75.098,1.04,1.08,104.35,1.06,105.3,9.86,0.97,10.98,1.05,1.14,94.61,1.08,103.38,10.64,0.97,11.2
T4,75.206,1.1,1.05,105.5,1.07,105.19,9.63,0.96,9.87,1.04,1.05,107.66,1.06,105.46,10.19,1.05,10.87
T3,76.945,0.94,1.14,99.52,0.99,108.08,10.1,0.98,10.72,0.95,1.11,98.4,1.08,97.75,9.75,1.08,10.63
T1,76.978,1.11,1.15,107.58,1.01,104.85,11.48,1.02,9.64,1.12,1.08,102.26,1.09,97.08,11.36,1.17,9.8
T4,77.441,0.96,1.12,106.39,1.04,117.49,10.49,1.06,11.25,1.1,1.08,94.44,1.1,108.8,9.46,1.01,10.1
T3,77.537,1.0,1.06,102.98,1.13,105.03,10.26,1.03,10.04,0.98,1.04,114.5,1.03,107.67,9.73,1.08,11.72
T3,77.606,1.0,1.0,113.67,1.0,96.61,9.98,1.09,10.51,0.99,1.13,98.84,1.12,108.48,10.11,1.05,10.12
T3,78.054,0.99,0.98,109.45,1.13,110.19,10.83,1.08,10.56,0.93,1.03,109.63,1.05,102.06,9.86,1.1,10.2
T3,78.095,1.07,1.06,99.52,1.09,109.32,10.53,1.02,10.7,1.0,1.01,113.17,1.02,103.59,10.54,1.03,11.2
T3,78.119,1.09,0.99,106.9,1.02,103.73,11.16,1.14,9.94,1.06,1.13,107.75,1.1,100.95,10.82,1.06,11.66
T1,78.14,1.1,1.1,108.87,0.96,103.58,9.89,1.0,10.51,1.05,1.05,111.47,0.97,114.06,11.56,1.08,10.55
T4,78.199,1.07,1.0,95.04,0.94,113.24,9.71,1.06,10.96,1.03,1.1,95.92,1.0,113.34,10.4,1.01,9.95
T4,79.203,1.07,1.05,94.61,0.96,110.5,10.64,1.1,9.76,1.01,1.12,99.93,1.08,109.94,10.55,0.99,10.49
T1,79.218,1.08,1.0,108.52,1.03,110.52,11.65,1.14,10.92,1.14,1.03,108.92,0.99,98.08,10.36,1.06,9.49
T1,79.254,1.18,1.11,117.13,0.95,107.88,11.22,1.08,10.27,1.01,1.0,107.91,0.95,97.48,10.57,1.13,10.31
T3,79.724,1.0,1.09,102.5,1.08,95.03,9.72,1.15,10.36,0.94,1.12,112.05,1.1,112.05,10.82,0.99,11.02
T2,79.854,1.05,1.13,99.42,1.14,104.08,10.64,1.15,10.7,1.09,1.15,113.46,1.11,103.76,10.47,1.06,9.95
T2,80.176,1.09,1.07,101.99,1.14,106.72,9.71,1.14,10.72,1.13,1.15,101.92,1.08,106.46,9.76,1.04,10.35
T3,81.367,0.99,1.08,109.63,1.08,106.04,10.53,1.03,10.9,0.95,0.98,103.76,0.98,101.23,10.57,1.14,10.13
T2,81.534,1.07,1.07,103.47,1.07,97.32,9.2,1.05,9.61,1.05,1.03,103.72,1.04,97.59,10.74,1.08,10.72
T1,81.62,1.08,1.08,110.6,1.06,107.22,10.25,1.05,10.7,1.09,1.16,114.46,1.07,106.24,10.63,1.02,10.69
T3,81.68,0.99,0.98,106.32,1.09,110.76,10.65,1.15,11.32,1.07,1.14,111.34,1.15,108.9,10.53,1.01,10.4
T2,81.869,1.01,1.11,111.1,1.16,103.12,10.55,1.04,10.6,1.16,1.11,114.86,1.09,97.29,9.79,1.17,9.64
T3,81.956,1.09,1.14,103.94,1.02,102.8,10.05,1.12,10.55,0.99,1.01,102.84,1.07,96.14,10.21,1.01,11.14
T1,82.163,1.1,0.98,100.12,1.04,104.85,10.55,1.12,10.06,1.03,1.14,106.43,0.99,97.56,10.03,1.18,10.56
T3,82.255,0.95,1.08,99.07,1.0,109.18,10.72,1.07,10.66,0.99,1.14,97.44,1.06,100.61,10.09,1.02,11.11
T4,82.644,0.93,1.12,108.34,1.07,116.23,10.84,1.05,9.96,0.99,1.07,93.58,0.97,117.93,9.82,1.1,11.3
T1,82.809,1.14,1.08,105.53,1.03,108.3,10.12,1.06,9.52,1.05,1.09,112.7,1.06,97.08,10.39,1.0,10.45
T1,82.955,1.07,1.12,111.41,0.95,104.72,11.31,1.15,9.96,1.07,1.14,104.33,0.94,104.54,10.62,1.14,10.32
T2,83.164,1.13,1.09,105.39,1.06,103.4,10.05,1.14,9.92,1.0,1.11,100.61,1.01,106.58,10.93,1.05,11.26
T4,83.388,1.08,1.14,106.75,0.95,115.52,9.48,0.96,10.78,1.05,1.17,93.01,0.99,102.91,10.69,1.06,10.21
T1,83.404,1.06,1.05,101.42,1.1,97.83,10.31,1.03,9.79,1.13,1.06,117.21,1.01,114.34,10.39,1.01,10.72
T1,83.799,1.06,1.04,107.22,1.0,109.08,10.22,1.18,10.63,1.01,1.0,101.4,1.03,100.87,10.94,1.05,10.37
T2,83.84,1.03,1.15,102.78,1.0,109.55,10.83,1.01,10.72,1.13,1.12,104.39,1.13,108.5,9.36,1.03,11.22
T1,83.959,1.05,1.0,107.7,0.94,114.65,11.16,1.17,10.64,1.08,1.06,112.35,1.11,101.8,11.04,1.15,10.79
T4,84.339,1.08,1.0,103.32,1.01,116.85,10.28,0.94,10.59,1.1,1.07,103.31,1.06,102.47,10.08,0.98,9.92
T4,85.146,0.96,1.08,102.23,0.99,102.31,10.12,0.95,10.46,1.0,1.07,105.11,1.04,109.52,10.35,1.04,9.92
T1,85.548,1.05,1.12,117.86,0.94,110.58,9.9,1.02,10.8,1.04,1.13,108.71,1.08,100.05,11.33,1.14,9.82
T2,85.865,1.04,1.03,114.16,1.11,113.3,10.67,1.13,10.63,1.03,1.07,103.4,1.14,110.31,9.19,1.08,10.26
T2,86.042,1.1,1.08,106.4,1.0,106.52,10.56,1.03,10.16,1.01,1.16,100.57,1.01,111.66,10.22,1.12,9.91
T1,86.289,1.13,0.98,103.7,1.01,107.73,11.69,1.01,10.69,1.02,1.11,109.95,0.95,100.96,10.77,1.08,10.1
T3,86.694,0.95,1.11,102.77,1.08,111.63,11.0,1.04,11.66,0.94,1.09,113.65,1.12,98.03,10.07,1.0,9.99
T4,87.557,1.1,1.13,93.54,1.08,114.59,10.95,1.11,10.84,1.03,1.13,93.32,1.07,113.28,9.55,1.08,11.02
T3,87.948,0.97,1.0,99.9,1.02,100.59,10.15,1.06,10.25,0.99,0.98,103.2,1.14,111.16,11.22,1.08,11.58
T4,87.977,0.94,1.1,103.04,1.01,106.81,10.74,1.09,11.0,0.98,1.03,97.76,0.95,115.14,10.7,1.0,11.46
T4,87.991,0.97,1.05,98.28,1.02,117.93,9.78,0.95,11.32,1.07,1.08,106.7,1.11,115.38,10.42,1.09,10.15
T4,88.475,0.95,1.05,98.06,0.97,118.95,9.94,1.01,11.43,1.09,1.18,97.7,1.0,102.5,9.86,1.11,10.83
T1,88.535,1.13,1.11,99.54,0.96,108.92,11.37,1.08,10.36,1.14,1.13,107.1,0.94,106.89,10.73,1.18,9.58
T3,88.883,1.04,1.08,112.83,1.09,106.68,10.07,1.15,11.05,1.0,1.02,110.02,0.98,106.08,9.77,1.09,11.1
T4,89.098,0.98,1.0,103.29,1.09,106.87,10.93,1.03,9.76,1.08,1.17,94.31,1.04,101.91,9.7,1.02,11.18
T2,89.594,1.15,1.1,101.58,1.03,113.27,10.5,1.0,10.54,1.15,1.12,113.16,1.02,103.72,10.77,1.08,10.96
T4,89.644,0.98,1.04,99.09,0.95,104.06,9.63,1.02,10.42,0.95,1.14,107.95,1.0,104.65,10.75,1.03,11.25
T2,89.644,1.12,1.16,109.52,1.15,103.06,10.11,1.1,10.85,1.11,1.04,111.12,0.99,101.06,10.07,1.16,10.07
T4,89.648,1.03,1.02,108.65,0.96,103.38,9.64,1.03,10.24,1.02,1.04,106.63,1.08,100.49,10.1,0.98,11.26
T4,89.673,1.05,1.09,101.21,1.01,114.1,9.94,1.07,10.72,1.01,1.08,101.94,1.0,101.15,9.99,0.99,10.54
T1,90.117,1.01,1.09,114.68,1.09,111.64,11.38,1.05,9.96,1.03,1.11,107.1,1.02,101.02,9.88,1.16,10.53
T4,90.516,0.95,1.08,106.86,1.09,108.17,9.49,0.95,10.83,1.02,1.17,100.16,1.03,107.22,10.47,1.1,10.53
T4,90.724,1.06,1.11,97.81,1.07,111.67,10.89,1.08,10.19,1.01,1.05,96.29,1.11,116.8,11.03,1.06,10.36
T2,90.849,1.17,1.15,104.46,1.08,101.48,10.17,1.0,10.24,1.1,1.04,110.3,1.08,112.97,10.04,1.14,10.5
T4,91.073,1.07,1.03,107.89,1.05,111.94,10.94,1.08,10.95,0.95,1.09,101.05,0.97,105.12,9.85,1.12,10.38
T1,91.11,1.02,1.06,103.47,1.08,104.35,9.88,1.18,9.71,1.1,0.98,110.38,1.07,106.98,11.29,1.11,11.01
T1,91.179,1.06,1.1,114.2,1.0,107.41,10.29,1.11,10.59,1.15,1.1,110.43,1.02,112.89,11.0,1.15,9.8
T4,91.533,1.08,1.06,99.43,1.12,101.57,10.12,0.96,9.75,0.95,1.01,94.56,1.01,102.43,10.96,0.95,9.94
T3,91.543,1.03,1.06,96.72,1.1,97.22,11.06,1.11,11.21,1.05,1.08,110.36,1.14,94.84,10.56,1.03,11.35
T2,91.905,1.15,0.99,100.61,1.01,110.52,10.02,1.06,9.6,1.1,1.02,100.96,1.02,111.5,9.7,1.04,10.95
T4,91.931,1.06,1.1,105.53,1.0,101.8,10.94,0.98,10.03,1.05,1.16,108.21,1.0,116.84,9.62,1.04,10.02
T2,91.952,1.09,1.06,104.1,1.02,108.92,9.3,1.05,11.26,1.14,1.05,102.41,1.08,96.69,10.17,1.18,11.06
T3,92.043,1.03,1.04,104.86,1.06,106.24,10.97,1.14,11.52,1.04,1.1,98.71,0.98,105.64,10.91,1.05,10.52
T2,92.172,1.08,0.99,111.63,1.13,112.81,10.28,1.18,10.68,1.16,0.99,112.75,1.01,104.69,9.64,1.11,10.82
T3,92.259,1.06,1.03,102.31,1.14,97.5,10.13,0.98,11.54,1.08,1.06,112.97,1.04,102.03,11.29,0.99,11.32
T2,92.574,1.0,1.03,112.86,1.16,100.31,10.31,1.05,10.82,1.0,1.13,100.48,1.01,100.35,10.06,1.1,9.56
T4,92.716,0.96,1.15,95.87,0.98,108.82,10.61,1.05,9.99,0.97,1.03,97.52,1.12,104.14,10.72,0.97,10.28
T1,92.727,1.09,1.09,107.96,1.03,108.68,11.3,1.11,10.65,1.1,0.99,110.51,1.06,107.28,10.07,1.14,10.75
T4,92.781,1.04,1.16,99.09,0.95,111.22,9.89,1.02,10.74,1.01,1.0,98.83,0.98,103.19,10.68,0.95,9.89
T4,92.803,0.96,1.12,104.68,1.11,114.83,11.07,1.1,9.99,1.06,1.08,105.45,1.06,116.95,9.57,1.07,10.86
T1,93.203,1.14,1.04,115.69,1.05,101.82,10.72,1.15,10.37,1.14,1.12,111.35,1.0,112.16,11.54,1.01,10.62
T3,93.642,0.95,1.14,97.07,1.11,109.41,11.15,1.01,11.36,1.02,1.03,109.67,1.0,96.89,11.03,0.98,10.11
T1,93.839,1.06,1.0,106.35,1.0,97.89,11.0,1.1,10.13,1.16,1.04,99.56,1.11,114.46,10.98,1.17,9.87
T1,93.922,1.13,1.1,117.14,1.09,108.85,10.99,1.02,10.56,1.18,1.08,111.55,0.97,96.42,11.42,1.1,10.06
T2,93.971,1.09,1.12,104.66,1.07,103.41,10.86,1.16,9.52,1.04,1.13,113.39,1.03,113.68,9.5,1.13,9.75
T1,94.088,1.08,1.08,110.32,0.98,102.88,10.47,1.11,11.04,1.14,1.09,103.89,0.93,99.17,11.1,1.04,9.3
T3,94.242,0.92,0.99,98.84,1.06,104.11,10.79,0.98,10.96,1.03,1.13,109.94,1.12,106.26,10.03,1.04,10.46
T4,94.263,1.09,1.12,103.36,1.11,108.67,10.91,1.04,11.08,1.03,1.11,99.36,1.03,114.11,10.33,0.97,10.97
T3,94.364,1.04,0.99,109.66,1.11,112.23,10.12,1.13,10.45,0.95,1.05,111.87,0.98,112.22,10.38,1.03,10.93
T3,94.393,0.96,1.03,99.6,1.0,107.24,11.23,1.0,9.96,0.99,1.02,105.53,1.0,98.72,10.89,1.03,10.93
T2,94.425,1.13,1.1,104.65,1.01,108.92,9.23,1.18,9.96,1.17,1.16,101.13,1.02,100.07,9.65,1.08,9.65
T1,94.562,1.13,1.14,107.1,0.93,105.5,10.67,1.03,10.54,1.1,1.13,114.97,0.95,98.41,10.58,1.11,10.66
T3,94.72,0.92,1.08,112.89,1.14,103.87,10.96,1.08,9.95,1.0,1.13,113.08,1.13,109.0,10.65,1.02,11.12
T1,94.994,1.17,1.14,103.86,1.1,109.53,11.09,1.06,9.99,1.19,1.1,108.48,1.0,106.3,10.11,1.12,10.66
T1,95.043,1.12,1.12,117.78,1.1,104.64,10.29,1.08,10.3,1.12,1.0,116.7,1.02,112.54,11.38,1.03,9.79
T2,95.181,1.06,1.14,101.55,1.14,108.88,9.7,1.1,10.45,1.13,0.98,101.66,1.02,109.1,9.7,1.09,10.2
T1,95.314,1.09,1.11,105.84,1.0,102.08,11.58,1.07,10.58,1.06,0.98,102.83,1.01,106.6,10.5,1.06,10.63
T1,95.533,1.08,1.04,106.43,0.97,105.56,10.06,1.06,10.59,1.06,0.98,103.91,1.04,97.93,11.08,1.18,10.79
T2,95.619,1.08,1.01,98.47,0.99,103.73,9.2,1.11,9.62,1.03,1.14,100.8,1.11,105.87,10.44,1.1,10.27
T4,95.756,0.97,1.04,95.57,1.03,117.18,10.65,0.94,9.88,1.0,1.0,105.18,0.99,104.72,11.14,1.09,10.44
T1,96.021,1.16,1.05,109.51,0.99,99.67,11.19,1.0,10.58,1.01,1.09,112.92,1.1,108.25,11.07,1.05,9.47
T4,96.099,0.98,1.12,108.23,1.06,104.72,10.77,0.99,10.7,1.0,1.04,103.44,0.97,103.67,11.17,1.11,9.95
T2,96.342,1.13,1.04,107.13,1.08,106.26,10.58,1.17,9.99,1.11,1.04,104.36,1.08,111.8,10.06,1.14,10.43
T3,96.458,0.99,1.01,98.26,1.12,102.56,11.41,0.98,11.09,0.94,1.03,97.42,1.01,112.26,10.24,1.13,10.65
T2,96.645,1.1,1.16,105.64,1.16,103.82,10.44,1.01,10.59,1.14,1.12,112.65,1.09,102.1,9.76,1.18,10.24
T3,96.752,0.93,1.13,97.16,1.1,110.44,9.96,0.98,10.11,1.02,1.06,102.51,1.03,105.56,10.17,1.16,10.35
T3,97.327,0.95,0.98,109.38,0.98,94.89,9.99,1.0,11.05,1.05,0.98,110.98,1.07,102.38,9.98,1.15,11.09
T3,97.602,0.99,1.13,110.34,1.06,111.77,9.74,1.09,10.15,1.0,1.04,97.38,0.98,96.94,9.86,1.1,11.15
T1,97.816,1.08,1.09,103.27,1.01,110.9,10.13,1.16,9.55,1.03,1.0,105.6,1.03,105.72,10.46,1.16,9.65
T3,98.137,1.06,1.04,109.33,1.06,107.78,10.37,0.99,10.89,1.01,1.04,104.49,1.06,101.72,10.37,1.07,11.14
T2,98.554,1.17,1.16,99.14,1.12,105.48,10.78,1.06,10.0,1.1,1.14,112.83,0.99,113.92,10.56,1.06,10.56
T1,99.307,1.05,1.05,110.0,1.0,109.03,11.64,1.09,10.62,1.15,0.99,110.18,0.96,108.88,10.52,1.07,9.97
T4,99.309,1.07,1.1,91.9,0.96,117.02,10.19,1.07,10.14,1.05,1.04,102.95,0.98,111.12,10.52,1.1,11.25
T2,99.53,1.14,1.06,100.18,1.06,103.4,10.28,1.14,10.67,1.17,1.12,111.56,1.0,112.44,10.03,1.07,10.28
T2,99.893,1.16,1.01,108.82,1.03,108.95,10.28,1.12,10.26,1.05,1.1,114.52,1.14,109.51,10.51,1.05,10.73
T4,100.307,1.08,1.13,105.11,1.12,118.26,10.7,0.99,10.64,0.94,1.09,104.55,1.02,115.38,9.76,1.06,10.66
T3,100.625,0.97,1.07,104.79,0.98,108.14,10.5,1.16,11.62,0.97,0.99,104.74,0.99,101.34,9.93,1.04,10.16
T1,100.934,1.06,1.0,109.16,1.0,100.15,11.7,1.13,10.28,1.17,1.07,100.42,0.99,98.99,11.54,1.01,9.3
T3,100.952,0.99,1.06,97.28,1.08,106.08,10.18,1.13,10.11,0.93,1.13,99.92,1.08,97.13,11.34,1.08,10.18
T3,101.009,0.94,1.07,97.48,1.12,104.13,10.42,1.05,11.2,1.0,1.1,114.66,0.99,110.31,9.91,1.06,10.7
T1,101.147,1.11,1.06,112.2,1.02,101.19,11.29,1.01,9.78,1.09,1.14,111.11,1.03,111.62,11.57,1.17,9.7
T3,101.214,1.06,1.02,97.23,0.99,99.27,10.45,1.02,11.43,1.08,0.99,102.59,1.09,95.27,11.25,1.15,10.6
T3,101.35,1.0,1.05,108.19,1.06,104.45,9.78,1.15,9.86,0.99,1.0,100.14,1.1,98.61,10.95,1.08,11.24
T2,101.387,1.05,1.14,103.76,1.0,111.66,10.73,1.05,11.03,1.0,1.1,102.68,1.02,111.92,10.04,1.1,10.02
T3,101.519,1.07,1.05,110.33,1.08,108.38,10.08,1.06,11.16,1.01,1.15,113.66,1.13,97.47,9.77,1.1,10.29
T4,101.694,1.04,1.04,98.33,1.03,113.5,11.07,1.01,11.28,1.03,1.0,93.91,1.07,117.62,10.59,0.95,10.4
T1,102.222,1.11,1.15,101.48,1.03,103.24,11.26,1.1,10.61,1.1,1.1,107.1,0.96,107.93,10.8,1.08,10.28
T4,102.39,0.98,1.09,103.78,1.06,108.8,10.52,1.05,10.93,1.05,1.13,94.85,0.94,100.89,10.02,1.08,11.04
T4,102.475,1.02,1.13,101.4,1.04,111.42,10.11,1.11,11.02,1.0,1.18,93.88,1.11,109.74,10.14,1.08,10.03
T1,102.991,1.06,1.11,111.48,1.05,105.17,10.5,1.06,10.79,1.1,1.01,112.08,1.0,98.43,10.31,1.03,10.4
T4,103.157,0.95,1.0,95.92,1.06,116.18,10.63,1.05,10.94,0.97,1.02,95.04,1.07,114.78,10.4,1.02,11.03
T1,103.637,1.12,1.15,108.8,1.01,103.27,11.09,1.04,9.86,1.03,1.04,101.06,1.04,105.71,10.18,1.05,10.44
T2,103.646,1.08,1.08,106.7,1.01,106.18,9.72,1.01,10.36,1.18,1.07,110.17,1.14,104.33,10.76,1.13,9.82
T4,104.208,1.0,1.07,97.25,1.1,114.38,10.81,0.98,10.66,0.95,1.15,98.64,1.03,113.28,10.78,1.03,9.72
T3,104.253,1.03,1.14,98.45,1.12,95.43,9.95,1.08,11.07,0.92,1.1,108.28,1.02,112.22,10.81,1.11,10.69
T1,104.679,1.03,1.16,100.59,1.08,114.13,10.74,1.06,9.67,1.16,1.09,114.29,0.95,111.08,11.43,1.16,9.52
T4,104.798,1.1,1.15,103.47,1.1,104.28,10.16,0.97,10.32,1.08,1.11,94.62,1.07,108.0,9.46,1.1,11.32
T4,104.862,0.99,1.1,98.42,1.1,111.42,9.99,1.04,10.35,0.95,1.14,94.24,0.96,112.44,10.74,1.07,10.67
T2,104.983,1.07,1.1,111.65,1.01,102.87,10.38,1.02,10.36,1.09,1.03,111.46,1.06,112.61,9.72,1.09,10.8
T3,105.073,0.92,1.02,103.57,1.03,100.13,10.18,1.08,11.6,1.0,0.98,97.08,1.01,100.34,11.34,1.13,10.15
T1,105.349,1.01,1.15,104.74,1.0,108.54,9.89,1.11,9.56,1.02,0.99,110.49,0.95,111.63,9.91,1.1,9.36
T1,106.125,1.02,1.07,114.94,0.98,112.19,10.93,1.16,9.62,1.12,1.16,99.93,1.03,101.4,10.39,1.11,10.17
T4,106.194,1.04,1.09,98.75,1.05,106.81,10.26,0.97,10.71,1.05,1.12,102.04,1.1,118.09,9.9,1.06,10.21
T2,106.918,1.01,1.1,113.24,1.02,111.02,10.53,1.06,9.78,1.02,1.11,108.26,1.07,111.49,9.2,1.0,9.95
T4,107.46,1.07,1.01,100.08,1.06,105.01,10.74,1.0,9.82,1.04,1.11,106.97,1.0,102.41,10.81,1.05,9.89
T4,107.862,0.99,1.09,94.38,0.99,115.95,11.07,1.03,10.18,1.07,1.07,97.29,0.98,109.23,9.74,0.96,11.2
T4,107.928,1.1,1.12,102.63,1.11,109.08,10.94,1.03,11.41,1.02,1.0,104.43,0.96,116.11,10.19,1.1,10.02
T4,108.318,1.07,1.17,92.66,0.98,116.33,10.97,1.05,11.05,0.99,1.17,103.62,0.96,116.74,9.52,1.03,10.42
T2,108.633,1.01,1.04,115.08,1.1,109.81,10.5,1.13,9.61,1.18,1.02,104.11,1.16,103.2,9.65,1.03,9.86
T1,108.639,1.04,1.03,115.46,1.07,102.84,10.15,1.0,9.77,1.12,1.11,111.04,0.97,102.67,11.62,1.1,9.7
T1,109.247,1.19,1.09,103.23,0.95,111.96,11.57,1.1,9.86,1.1,1.12,110.57,0.98,107.22,11.02,1.08,9.52
T1,110.26,1.02,1.02,101.28,0.94,113.67,11.16,1.02,9.53,1.1,0.99,99.8,0.95,108.25,10.01,1.0,10.85
T3,110.273,1.09,1.11,108.45,1.14,101.02,10.42,0.98,10.75,1.02,1.05,102.86,1.11,107.7,10.81,1.08,9.86
T2,110.637,1.17,0.98,107.45,1.09,112.66,10.04,1.14,11.09,1.0,1.05,112.8,1.09,98.79,10.27,1.18,10.56
T2,111.119,1.04,1.05,111.14,1.02,108.79,10.66,1.13,11.22,1.1,1.06,115.05,1.13,111.93,10.51,1.0,10.18
T1,111.185,1.19,1.11,104.74,1.08,105.18,10.58,1.15,10.31,1.17,1.01,101.44,1.04,100.37,10.94,1.09,10.49
T4,111.374,1.02,1.03,99.93,1.03,113.43,10.25,0.95,11.04,1.07,1.03,95.92,1.09,109.33,10.16,1.11,10.92
T1,111.481,1.07,1.1,108.01,1.02,103.08,10.5,1.17,10.64,1.06,1.08,105.86,1.0,101.68,10.59,1.06,9.93
T3,111.561,0.99,1.06,105.29,1.12,99.59,10.39,0.99,10.95,1.04,1.08,103.08,0.97,109.83,9.86,1.05,10.13
T3,111.977,1.07,1.03,104.92,1.14,97.4,9.96,1.1,10.13,0.99,1.0,97.25,1.0,101.02,11.33,0.99,11.42
T4,112.023,1.1,1.14,104.93,1.07,106.98,11.16,0.98,10.58,1.08,1.18,104.56,1.08,117.53,9.94,1.07,9.65
T2,112.064,1.06,1.11,113.29,0.99,101.78,9.7,1.04,11.26,1.17,1.01,102.51,1.02,101.48,9.61,1.18,9.82
T4,112.322,1.07,1.02,105.37,1.07,106.7,9.51,0.94,10.12,1.02,1.04,108.94,1.04,116.08,10.56,1.08,9.9
T2,112.601,1.14,1.14,106.56,1.0,101.84,9.9,1.01,10.72,1.02,1.09,104.27,1.03,108.76,10.89,1.05,10.26
T4,112.669,1.07,1.05,98.08,1.05,107.7,9.73,0.97,10.9,1.07,1.0,103.52,1.07,118.63,9.94,0.97,9.72
T2,112.878,1.12,1.11,103.22,1.0,105.11,10.58,1.09,10.1,1.12,1.02,106.55,1.01,97.44,10.65,1.06,11.26
T1,112.904,1.08,1.04,105.6,1.07,111.91,11.42,1.1,9.44,1.01,1.15,117.33,0.97,97.07,10.62,1.04,9.44
T2,112.942,1.03,1.07,105.63,1.12,110.39,10.7,1.11,11.05,1.03,1.02,99.0,1.08,96.96,9.93,1.01,9.67
T4,113.139,1.03,1.03,108.74,1.06,116.8,11.0,0.96,11.18,1.02,1.17,105.28,1.0,117.98,9.57,0.97,10.58
T1,113.683,1.12,1.13,107.74,0.95,108.92,10.46,1.16,9.82,1.03,1.02,116.75,1.03,103.86,10.89,1.1,10.36
T1,114.028,1.08,1.07,104.36,1.09,112.34,10.61,1.14,10.91,1.05,1.0,99.88,1.0,99.71,11.12,1.16,10.95
T4,114.176,1.09,1.08,95.31,0.95,105.48,9.67,1.03,10.86,1.08,1.08,95.96,1.05,110.1,9.64,1.1,9.68
T2,114.643,1.13,1.07,105.44,1.09,110.31,9.99,1.06,11.14,1.06,1.07,109.7,1.09,102.4,9.74,1.12,9.78
T3,114.66,0.98,0.98,101.01,1.02,103.66,10.95,1.01,10.45,0.99,1.14,96.83,1.09,99.79,10.37,0.98,10.54
T2,115.127,1.14,1.01,104.36,1.14,108.32,10.2,1.05,10.14,1.13,1.06,112.01,1.04,101.4,10.91,1.03,10.64
T4,115.211,0.96,1.05,103.37,1.05,104.67,9.9,1.05,11.4,1.02,1.11,100.29,1.1,117.62,9.98,1.1,10.16
T4,115.432,0.95,1.12,98.64,1.12,102.08,10.77,0.96,9.81,1.0,1.13,101.43,1.1,113.46,10.08,1.02,10.64
T4,115.562,1.06,1.07,104.75,1.07,112.35,10.39,0.98,10.42,1.08,1.01,107.53,0.95,105.46,10.13,0.97,10.76
T4,115.577,1.1,1.04,108.65,1.11,102.84,10.48,1.09,10.28,0.99,1.05,106.14,1.04,114.17,10.63,1.03,11.17
T1,116.046,1.08,1.05,110.24,1.06,101.71,9.95,1.08,9.9,1.06,1.0,112.94,1.1,104.85,10.12,1.11,9.4
T1,116.058,1.02,1.09,116.99,1.1,107.32,11.47,1.14,9.57,1.02,1.13,114.16,1.05,110.86,11.32,1.08,9.75
T1,116.405,1.1,1.05,101.84,0.98,109.46,11.43,1.08,10.46,1.04,1.08,101.0,0.93,98.86,11.54,1.1,10.82
T2,118.982,1.16,1.08,102.46,1.07,109.89,10.28,1.11,10.36,1.07,1.1,106.42,1.0,106.91,9.53,1.16,11.21
T2,119.463,1.09,1.05,97.46,0.99,97.67,10.19,1.13,11.14,1.07,1.14,109.67,1.13,101.84,9.75,1.02,11.18
T2,120.458,1.14,1.01,114.25,1.12,106.44,10.11,1.13,9.95,1.16,1.07,113.75,1.07,102.18,10.06,1.05,9.83
T1,120.904,1.16,1.03,104.81,0.94,110.2,11.47,1.12,10.81,1.1,1.0,115.47,0.99,111.92,10.88,1.18,10.86
T2,121.044,1.13,1.05,103.1,1.13,105.08,9.51,1.09,11.14,1.0,1.09,113.29,1.15,113.51,10.08,1.1,9.57
T2,121.07,1.1,1.13,103.65,1.09,109.81,10.38,1.14,9.52,1.1,1.04,105.76,1.12,106.97,9.59,1.03,9.54
T2,121.335,1.12,1.03,101.81,1.01,101.84,9.88,1.14,11.24,1.0,1.14,105.12,1.1,106.0,9.94,1.1,10.38
T1,121.568,1.04,1.12,106.18,0.95,97.32,11.16,1.1,9.34,1.16,1.08,107.77,1.07,111.52,11.32,1.07,9.46
T1,122.445,1.03,1.0,114.45,1.07,112.3,10.95,1.07,10.39,1.04,1.08,112.79,1.06,109.58,9.97,1.04,10.12
T1,122.464,1.08,0.98,100.88,0.97,112.34,11.72,1.12,10.13,1.04,1.14,115.34,1.09,100.28,11.48,1.03,10.92
T2,122.846,1.12,1.07,115.2,1.1,111.92,9.95,1.14,9.64,1.11,1.09,110.79,1.14,99.87,10.17,1.01,9.84
T2,123.032,1.15,0.99,109.09,1.13,97.4,10.82,1.11,10.81,1.09,1.13,109.25,1.13,102.14,10.54,1.08,10.36
T2,123.568,1.18,1.03,103.66,1.04,100.3,10.33,1.0,11.14,1.05,1.07,112.95,1.1,113.92,10.23,1.1,9.71
T2,124.471,1.01,1.11,112.34,1.07,108.18,10.73,1.14,10.15,1.14,1.04,115.4,1.03,96.69,9.36,1.01,10.58
T1,124.676,1.06,1.03,99.11,0.97,113.31,10.5,1.16,10.3,1.02,1.16,110.1,1.09,102.18,10.05,1.18,9.86
T1,124.806,1.16,1.07,99.66,1.05,105.74,10.96,1.14,10.45,1.1,1.04,102.39,0.97,112.03,10.64,1.13,10.13
T1,125.817,1.18,0.98,111.24,1.08,100.26,11.71,1.05,10.31,1.11,0.98,107.38,0.93,112.36,11.06,1.03,10.62
T2,126.889,1.02,1.03,105.35,1.04,113.48,9.74,1.14,9.83,1.02,1.13,105.26,1.16,107.7,9.3,1.0,10.14
T2,127.595,1.07,0.98,113.72,1.15,111.5,10.3,1.1,10.72,1.17,1.1,100.02,1.09,110.22,10.39,1.11,10.31
T1,127.99,1.1,1.01,107.43,1.05,108.24,10.17,1.15,9.7,1.01,0.99,103.91,1.06,97.37,11.21,1.02,10.94
T2,128.172,1.03,1.13,115.28,1.02,102.25,10.54,1.08,10.64,1.06,1.1,113.14,1.11,106.51,9.66,1.01,9.74
T2,128.205,1.12,1.02,106.5,1.05,108.7,10.34,1.14,10.69,1.02,1.12,103.1,1.15,104.38,10.34,1.02,10.02
T2,128.464,1.03,1.12,102.33,1.12,109.14,10.11,1.13,9.76,1.11,1.06,97.46,1.12,101.33,9.48,1.05,10.05
T2,128.665,1.12,1.11,100.11,1.09,98.29,9.83,1.13,9.65,1.03,1.07,103.39,1.06,103.06,10.09,1.04,10.17
T2,128.942,1.03,1.11,105.35,1.01,109.33,9.68,1.13,9.57,1.11,1.03,102.44,1.04,108.69,9.42,1.09,11.14
T2,130.6,1.02,1.08,100.96,1.13,98.74,9.43,1.04,9.95,1.09,1.11,102.86,1.12,110.9,9.53,1.04,10.08
T2,131.333,1.14,1.15,102.12,0.99,95.8,10.04,1.14,9.9,1.17,1.08,106.56,0.99,112.14,10.15,1.13,11.0
T2,131.793,1.18,0.98,97.46,1.1,101.79,10.08,1.06,10.87,1.06,1.0,104.77,1.06,105.86,10.04,1.12,10.92
T2,132.413,1.06,1.14,97.86,0.99,101.08,9.62,1.16,9.87,1.02,1.08,98.99,1.12,105.48,9.63,1.16,9.95
T2,133.342,1.16,1.03,111.2,0.99,111.92,10.35,1.1,10.63,1.04,0.98,105.83,1.14,106.56,10.8,1.1,11.23
T2,134.157,1.0,1.0,107.41,1.13,104.67,10.34,1.11,9.8,1.11,1.03,104.13,1.02,111.7,10.14,1.09,10.24
T2,134.19,1.0,1.09,108.64,1.15,105.06,10.47,1.04,10.38,1.17,1.11,108.82,0.99,110.47,10.28,1.13,10.83
T2,134.7,1.05,1.01,104.77,1.09,104.46,9.5,1.13,10.04,1.0,1.08,98.01,1.03,103.53,10.25,1.17,9.52
T2,134.787,1.06,1.15,97.79,1.06,96.91,10.36,1.05,10.91,1.11,1.14,102.82,1.1,98.2,10.82,1.04,11.3
