task_type_id,arrival_time,est_m1,est_m2,est_m3,est_m4,ext_m1-1,ext_m2-1,ext_m3-1,ext_m4-1
1,2.791,2.493,1.552,5.042,0.804,1.881,1.836,3.863,0.815
2,2.916,2.597,1.967,4.974,0.915,2.206,1.584,3.642,0.936
1,2.948,2.24,1.652,4.267,0.667,2.492,1.607,4.29,0.81
2,3.387,2.629,2.009,4.75,0.822,2.231,1.765,3.714,0.923
1,4.985,2.301,1.904,4.352,0.768,2.035,1.841,4.683,0.798
2,5.503,2.51,1.998,4.372,0.972,2.013,1.528,5.001,0.791
1,6.222,2.277,1.426,4.495,0.635,2.315,1.62,4.79,0.766
2,6.431,2.552,1.656,4.248,0.787,2.428,1.762,3.77,0.753
2,7.722,2.562,1.904,3.637,1.017,2.045,1.932,4.768,0.868
2,8.083,2.404,1.545,4.964,0.779,2.048,1.801,4.614,0.773
2,8.118,2.084,1.964,5.063,0.782,2.144,1.588,4.308,0.938
1,9.949,2.422,1.863,3.657,0.738,1.91,1.403,4.312,0.658
2,11.904,2.558,1.749,3.936,0.744,2.48,1.773,4.285,0.904
2,12.366,2.36,1.949,5.127,0.83,2.26,2.036,4.641,0.947
2,12.381,1.912,1.538,3.738,0.959,2.051,2.138,3.68,0.862
2,13.606,2.587,2.073,4.137,0.747,1.901,1.904,4.661,0.83
1,14.676,1.938,1.799,3.877,0.814,2.074,1.949,3.893,0.752
2,15.771,2.435,1.543,4.756,0.998,2.138,1.7,4.719,0.738
1,18.838,2.171,1.443,4.067,0.844,1.914,1.453,4.108,0.803
1,21.387,2.057,1.706,5.099,0.769,2.08,1.469,4.29,0.762
2,21.924,2.504,1.917,4.119,0.998,1.9,1.887,4.557,0.73
1,22.325,2.341,1.818,4.304,0.724,1.896,1.651,4.311,0.631
2,22.331,2.413,1.629,4.038,0.858,2.394,2.132,5.05,0.945
2,22.612,2.126,1.928,3.777,0.843,2.636,2.025,3.886,0.806
1,23.252,2.526,1.535,4.625,0.779,2.22,1.555,5.078,0.647
1,23.85,1.879,1.815,4.04,0.676,2.226,1.836,5.037,0.837
2,24.053,2.238,1.887,4.44,0.745,2.568,1.979,4.674,0.863
2,25.557,2.213,1.64,5.121,0.863,2.641,1.664,4.22,0.808
2,25.627,2.403,1.825,3.642,0.727,2.492,1.662,3.838,0.883
2,26.327,2.644,1.585,4.062,0.998,2.409,1.726,3.789,0.912
2,26.432,2.421,1.591,3.674,0.98,2.437,1.658,4.179,0.799
2,27.45,2.151,1.733,4.357,0.863,2.169,2.089,4.805,0.914
1,29.223,1.98,1.48,4.923,0.681,2.524,1.653,4.666,0.701
2,29.386,2.589,2.138,4.123,0.841,1.897,1.738,3.683,0.988
2,33.886,2.457,2.068,5.111,0.808,2.351,1.889,3.622,0.763
1,35.183,1.881,1.689,3.625,0.843,2.279,1.836,4.716,0.619
2,35.335,2.305,1.863,5.029,1.002,2.455,1.974,4.388,0.766
1,37.34,2.592,1.847,4.446,0.69,1.878,1.715,4.54,0.764
1,38.516,1.9,1.515,4.78,0.698,2.239,1.512,4.538,0.716
1,42.844,1.961,1.844,4.104,0.678,2.455,1.682,4.841,0.633
1,44.698,1.891,1.647,4.61,0.678,2.272,1.989,4.128,0.846
2,45.409,1.932,2.104,4.957,0.839,2.499,1.665,4.219,0.895
2,45.653,2.129,2.045,4.46,0.846,2.629,1.53,4.275,0.765
2,46.683,2.202,1.519,3.932,0.756,2.631,1.702,5.098,0.82
2,46.827,2.447,1.688,4.929,0.868,1.928,1.88,3.701,0.814
2,47.219,1.951,2.132,4.245,0.815,2.011,1.798,4.187,0.769
1,48.051,2.408,1.441,4.988,0.775,2.387,1.489,4.698,0.804
2,48.249,1.881,1.949,4.142,0.984,2.437,1.614,4.549,0.87
1,50.148,2.171,1.444,3.905,0.831,2.52,1.88,4.167,0.626
1,50.759,1.858,1.707,4.611,0.636,2.145,1.646,4.364,0.799
2,51.259,2.024,1.55,4.65,0.84,2.525,2.098,3.93,0.956
2,51.791,1.87,1.801,4.864,0.925,2.222,1.768,3.744,0.83
2,58.386,2.179,2.127,3.95,0.888,1.876,1.563,3.962,0.745
2,59.027,2.16,1.823,4.983,0.998,2.243,1.571,3.918,0.9
1,60.131,2.049,1.826,4.503,0.641,2.116,1.607,4.068,0.707
1,61.537,2.146,1.569,4.486,0.719,2.296,1.653,4.974,0.705
2,62.578,2.354,1.591,4.664,0.924,2.428,1.514,4.036,0.736
1,62.994,1.945,1.746,4.346,0.63,2.496,1.958,3.672,0.81
2,64.287,2.2,1.753,4.933,0.872,2.188,2.097,3.667,0.837
1,64.862,2.483,1.861,4.177,0.834,2.446,1.559,4.195,0.798
2,64.975,2.187,1.619,3.779,0.753,2.364,1.632,3.675,0.904
1,65.2,1.99,1.841,4.828,0.765,2.358,1.438,4.107,0.612
1,70.153,1.988,1.846,5.044,0.631,2.528,1.405,4.35,0.86
2,71.042,1.893,1.854,5.057,0.895,2.438,1.897,3.779,0.96
2,71.524,2.632,1.546,4.764,0.738,2.416,1.825,3.7,0.866
1,72.977,2.284,1.806,4.833,0.759,2.216,1.478,4.967,0.618
2,73.35,1.95,1.514,4.041,0.841,2.425,1.971,3.95,1.002
2,77.596,2.55,1.787,4.881,0.937,2.008,2.115,4.142,0.961
2,78.039,2.094,1.747,4.374,0.885,2.607,1.974,4.604,0.8
2,82.828,2.22,1.769,4.504,0.911,1.918,1.612,3.624,0.994
1,84.466,2.444,1.672,4.998,0.76,1.998,1.423,4.606,0.705
2,85.929,1.904,2.027,4.051,0.923,2.137,2.133,4.145,0.926
2,86.29,2.213,2.013,3.685,0.856,1.984,1.917,4.772,0.749
1,88.392,2.185,1.691,3.65,0.726,2.493,1.662,5.033,0.692
2,88.731,1.972,1.903,4.075,0.901,2.062,1.665,3.98,0.884
2,88.937,2.073,2.09,3.848,0.944,2.421,1.864,5.069,0.742
2,89.527,2.14,1.994,3.835,0.833,2.428,1.767,4.838,0.759
2,89.612,1.89,1.512,4.936,0.771,2.542,2.141,4.152,0.826
2,91.649,2.045,1.585,3.706,0.889,2.208,1.912,5.076,0.816
2,92.189,1.866,1.967,4.767,0.746,2.384,1.889,3.978,0.753
1,93.212,2.147,1.838,4.231,0.736,2.183,1.546,5.032,0.772
2,93.398,2.052,1.63,4.396,0.989,2.115,2.113,5.056,1.016
2,94.114,2.097,1.605,4.651,0.941,2.494,1.581,4.666,0.764
2,94.857,2.044,1.861,4.973,0.924,2.097,2.113,4.179,0.933
1,95.367,2.174,1.518,4.751,0.638,2.215,1.567,4.624,0.635
1,96.914,2.362,1.729,3.863,0.84,2.315,1.586,3.979,0.62
2,98.167,2.518,1.679,4.765,0.962,2.52,1.72,5.063,0.803
2,99.587,1.983,2.141,4.894,0.822,2.462,1.544,3.812,0.818
2,102.712,2.63,1.861,4.178,0.732,2.417,1.656,3.86,0.772
2,103.606,2.466,1.904,3.77,0.958,2.623,1.596,3.975,0.809
2,103.723,2.569,2.13,4.729,0.989,2.386,2.089,4.072,0.83
2,104.335,2.2,1.951,4.872,0.94,1.93,1.557,4.146,0.893
2,104.894,2.523,1.588,4.739,0.997,2.314,1.992,4.125,0.756
2,105.753,1.882,1.908,4.075,0.771,2.236,1.824,3.812,0.839
2,106.187,2.017,1.978,3.751,1.007,2.218,1.527,4.612,0.883
2,107.947,2.263,1.854,3.962,0.884,2.146,1.544,4.229,0.857
2,108.303,2.526,1.654,5.063,0.847,1.88,2.122,4.504,0.817
2,108.628,2.285,2.137,4.919,0.819,2.1,1.671,4.427,0.883
2,108.724,2.343,1.917,4.905,0.753,2.301,1.821,4.366,0.997
2,108.799,2.514,1.825,4.85,0.736,2.14,1.949,4.119,0.753
2,109.313,2.112,2.053,4.434,0.773,1.983,1.791,3.828,0.9
2,109.432,1.892,2.075,4.156,0.877,2.509,1.834,4.972,0.74
1,111.303,2.413,1.653,4.04,0.626,2.197,1.708,4.172,0.841
2,112.197,2.026,2.076,3.69,0.755,2.529,1.991,4.087,0.75
2,112.334,2.266,1.753,4.946,0.987,2.308,1.733,4.275,0.866
2,112.381,2.306,1.935,4.235,0.885,2.185,1.852,4.312,0.938
2,112.597,2.307,1.702,4.233,0.779,2.371,1.861,4.005,0.877
2,113.374,2.13,1.987,3.803,0.72,2.046,1.739,4.511,0.733
1,114.094,1.876,1.438,3.987,0.757,2.083,1.534,4.583,0.796
2,115.853,2.537,1.702,3.77,0.946,1.877,1.974,4.613,0.987
2,118.029,2.32,1.609,3.738,0.905,2.272,1.848,3.898,0.934
2,118.175,2.198,2.108,3.707,0.949,1.965,1.913,4.247,0.837
2,118.18,2.131,1.796,4.66,0.98,2.202,1.722,4.927,0.936
1,119.754,2.53,1.75,3.763,0.751,2.274,1.523,4.967,0.662
2,120.249,2.373,2.005,4.975,0.988,2.437,1.879,4.933,0.867
2,120.33,2.537,1.526,4.894,0.958,2.272,1.839,4.399,0.84
2,120.356,2.394,2.04,4.299,0.753,2.544,1.73,4.993,0.746
2,120.893,2.222,1.517,4.131,0.797,2.16,1.579,4.195,0.737
2,122.832,2.073,1.903,4.598,0.981,1.933,1.599,3.636,0.954
2,124.159,2.234,1.906,3.777,0.814,2.229,1.884,4.338,0.74
1,125.732,2.215,1.951,4.593,0.716,2.011,1.443,4.081,0.688
2,125.88,2.024,1.74,4.392,0.736,2.276,1.605,4.231,0.872
2,127.586,2.364,1.984,4.82,0.753,2.045,1.844,4.813,0.986
2,130.216,2.361,1.636,4.283,0.959,2.514,1.723,5.092,0.809
2,130.574,2.411,1.617,3.707,0.949,2.027,1.963,4.135,0.923
1,131.499,1.97,1.883,4.96,0.719,2.087,1.791,5.032,0.695
2,132.51,1.916,1.613,4.201,0.926,2.019,1.713,3.999,1.002
2,134.345,2.502,1.869,4.816,0.91,2.188,1.944,4.666,0.971
2,136.41,2.164,1.6,3.632,0.89,1.885,2.071,3.71,0.818
2,136.736,2.421,1.618,4.194,0.799,2.417,1.688,3.869,0.873
2,138.018,2.533,1.72,3.726,0.724,2.218,1.694,4.1,0.928
2,138.925,1.904,1.582,3.637,0.9,2.185,1.658,3.921,0.981
2,139.151,2.483,1.98,4.788,0.97,2.308,1.794,4.706,0.98
2,140.377,1.883,1.992,4.869,0.986,1.922,1.953,3.772,0.85
2,140.607,2.529,1.836,4.275,0.952,2.166,1.574,4.713,0.944
1,140.823,1.885,1.549,4.454,0.858,2.524,1.672,5.003,0.788
2,141.159,2.494,1.547,4.33,1.0,2.361,1.612,5.057,0.771
2,141.754,2.512,1.649,4.98,0.758,2.439,1.821,3.792,0.737
2,143.033,2.587,1.77,4.841,0.76,1.888,1.579,4.99,0.842
2,147.443,2.397,1.575,5.05,0.809,2.426,1.953,4.235,0.979
1,147.537,2.324,1.618,4.583,0.789,2.325,1.685,4.8,0.691
2,148.438,2.278,1.898,4.177,0.766,2.079,1.65,4.062,0.911
2,148.567,2.142,1.542,4.187,0.997,1.932,1.785,4.1,0.789
2,148.818,2.079,1.858,4.383,0.856,2.226,1.641,4.614,0.745
1,148.937,2.558,1.764,3.696,0.64,1.872,1.638,4.405,0.752
2,149.208,2.073,2.042,5.035,0.949,2.059,1.789,4.556,0.898
2,149.516,2.332,1.747,3.766,0.863,2.294,1.793,3.731,0.753
2,149.738,2.05,1.982,4.001,0.977,2.556,1.828,4.01,0.867
2,151.205,2.501,1.517,4.629,0.737,2.325,1.862,4.269,0.787
1,151.317,2.622,1.41,4.663,0.711,2.308,1.89,3.942,0.788
2,152.465,2.485,1.88,4.093,0.815,2.501,2.07,4.596,0.852
1,157.354,2.329,1.883,4.891,0.691,1.995,1.853,4.277,0.707
1,158.114,2.197,1.65,4.895,0.842,2.238,1.566,4.955,0.66
2,158.901,2.074,1.547,4.614,0.724,2.386,2.132,4.695,0.75
2,159.419,2.483,1.592,4.919,0.746,2.1,1.867,4.641,0.952
2,160.466,2.619,1.732,4.044,0.778,2.016,1.735,3.904,0.719
2,162.348,2.556,2.022,4.059,0.733,2.27,1.818,5.098,0.945
2,162.932,2.08,1.604,3.721,0.998,2.569,1.935,4.833,0.96
2,163.386,2.068,2.009,4.112,0.725,1.915,1.908,3.804,1.011
2,170.086,2.408,1.787,4.557,0.771,2.408,1.705,4.22,0.907
2,170.684,2.202,1.676,3.75,0.911,2.424,1.767,4.596,0.846
1,171.459,2.248,1.982,4.867,0.621,2.397,1.605,4.327,0.61
2,174.242,2.57,2.026,4.961,0.846,2.337,1.909,4.673,0.926
2,175.383,2.442,2.015,3.731,0.959,2.017,1.923,3.848,0.898
2,175.698,2.592,2.132,3.975,0.746,2.341,1.584,3.69,0.809
2,176.184,2.629,1.671,3.779,0.941,2.1,1.892,4.22,0.934
2,176.551,2.54,1.985,5.013,0.946,2.447,1.733,4.765,0.908
2,176.613,1.969,1.543,4.017,0.765,2.499,2.054,4.723,0.774
1,176.95,2.388,1.622,3.814,0.78,2.308,1.482,3.628,0.697
2,177.087,2.58,1.868,4.543,0.77,2.011,1.645,3.789,0.924
1,177.875,2.609,1.866,3.944,0.659,1.86,1.702,4.405,0.804
2,179.033,1.897,1.596,4.86,0.84,2.549,1.686,4.651,0.928
2,179.493,2.537,1.617,4.64,0.72,1.926,2.027,5.121,0.91
2,182.15,2.196,1.815,4.674,0.907,2.414,1.512,3.692,0.923
1,183.988,2.482,1.895,3.776,0.824,1.9,1.752,4.999,0.782
2,184.841,1.883,1.52,4.597,0.888,1.893,1.591,3.763,0.759
2,186.407,2.224,1.519,4.052,0.911,2.191,2.097,4.177,0.852
2,191.096,2.52,1.823,4.663,0.867,1.992,1.824,4.456,0.822
1,192.726,1.945,1.846,3.922,0.676,2.028,1.71,4.817,0.655
1,194.185,2.231,1.558,3.783,0.757,1.886,1.931,4.024,0.742
1,194.421,2.585,1.712,4.168,0.704,1.886,1.556,4.408,0.637
2,195.563,2.316,1.941,4.325,0.926,2.172,1.77,4.361,0.83
2,196.119,2.085,1.966,4.238,0.94,2.625,1.612,4.85,0.948
2,196.716,2.255,1.83,4.229,0.833,2.249,1.68,4.292,0.75
2,198.797,1.905,1.887,4.111,0.744,2.099,1.714,4.978,0.894
2,202.664,2.381,2.047,5.001,0.83,2.287,2.071,4.731,0.91
2,202.978,2.368,1.77,3.731,0.745,2.388,1.957,4.093,0.806
2,204.881,2.183,2.008,4.664,0.826,1.912,1.888,4.248,0.856
2,205.102,2.209,1.949,4.516,0.951,1.973,1.99,4.585,0.969
2,206.535,2.177,1.811,3.903,0.822,2.2,1.765,3.783,0.883
2,209.994,2.632,1.989,4.253,0.965,1.926,1.571,4.641,0.861
2,211.202,2.341,1.991,3.978,0.913,2.492,1.799,5.087,0.91
2,213.729,2.197,1.654,4.406,0.995,1.97,1.921,4.028,0.866
2,214.914,2.612,2.09,4.571,0.89,2.388,1.598,4.909,0.76
1,215.284,2.166,1.738,3.681,0.806,2.124,1.69,4.661,0.658
2,216.687,2.015,2.007,3.744,0.822,2.122,1.554,4.803,0.947
1,216.804,1.896,1.79,4.418,0.766,1.882,1.508,3.667,0.618
1,217.07,2.478,1.464,4.864,0.741,2.347,1.786,4.632,0.843
2,217.231,2.24,1.872,4.572,0.956,2.188,1.743,3.738,0.905
2,217.864,1.88,1.533,4.83,0.958,2.525,1.888,4.137,0.911
2,218.278,2.327,2.138,3.972,0.847,2.285,1.806,3.626,0.951
2,219.608,2.038,1.601,4.581,0.789,1.965,1.869,4.388,0.964
2,219.814,1.882,2.132,4.384,0.97,2.226,2.04,4.226,0.744
2,219.892,2.462,1.998,4.543,0.933,2.599,2.101,4.123,0.961
2,221.312,2.397,1.836,5.063,0.949,2.005,2.044,4.004,0.889
1,222.95,2.315,1.44,4.303,0.632,2.298,1.874,3.753,0.826
1,224.436,1.882,1.588,4.045,0.696,2.198,1.892,3.761,0.857
2,228.348,2.469,1.869,3.912,0.773,2.557,2.113,3.642,0.833
2,231.999,2.364,1.966,4.729,0.726,2.532,1.68,3.63,1.002
2,237.536,2.633,1.966,4.795,0.753,2.497,2.13,4.222,0.997
2,240.228,2.502,1.852,4.663,0.777,2.327,1.555,4.622,0.806
2,240.238,2.378,1.887,4.936,0.785,2.295,1.999,3.972,0.727
1,241.253,1.865,1.951,4.618,0.773,1.982,1.432,4.687,0.66
2,241.259,2.259,1.827,4.406,0.955,2.368,1.678,5.029,0.821
2,243.021,2.073,1.721,4.474,0.769,2.483,2.015,3.752,0.856
2,243.191,2.562,1.544,4.877,0.771,2.157,2.127,4.222,0.793
2,244.266,1.894,2.124,4.177,0.916,2.329,1.888,4.492,0.719
2,245.788,2.537,1.553,5.068,0.83,1.97,1.544,4.117,0.753
1,246.583,2.318,1.73,4.024,0.79,2.113,1.605,4.465,0.684
2,247.143,2.063,1.548,4.677,0.78,2.556,1.655,5.074,0.999
1,250.28,2.049,1.879,4.067,0.616,1.974,1.492,4.567,0.663
1,251.51,2.419,1.821,4.661,0.65,1.996,1.475,4.751,0.81
1,254.095,2.075,1.582,3.944,0.687,2.539,1.534,4.775,0.667
2,254.506,2.22,1.879,4.446,0.769,2.329,1.659,4.739,0.753
2,254.861,2.57,2.13,4.99,0.822,2.422,1.961,4.536,0.72
2,257.153,2.197,1.733,4.723,0.719,2.361,1.532,4.039,0.822
1,257.513,2.476,1.955,3.711,0.855,2.341,1.688,4.894,0.659
2,257.536,2.319,1.544,5.013,0.719,2.614,1.565,4.149,0.989
2,258.309,2.128,1.881,4.365,0.926,1.996,1.644,4.768,0.844
2,258.317,2.181,1.912,3.848,0.841,1.888,1.862,4.56,0.921
2,258.516,2.517,1.846,3.82,0.815,2.121,1.655,4.04,0.866
2,258.615,2.51,1.697,4.06,0.814,2.361,1.879,3.987,0.954
1,259.289,2.274,1.445,3.803,0.794,1.88,1.968,4.297,0.757
1,260.757,1.986,1.601,4.312,0.798,2.198,1.919,4.538,0.702
2,262.391,2.601,1.733,4.444,0.779,2.073,1.753,3.751,0.92
2,262.533,2.182,1.933,4.515,0.933,1.966,1.824,3.744,0.84
2,262.589,2.426,1.695,4.851,0.799,2.04,1.526,4.062,0.945
2,263.525,2.547,2.111,4.589,1.004,2.513,1.957,4.702,0.959
2,266.679,2.209,1.733,4.695,0.863,2.048,1.706,4.957,0.97
2,270.966,2.51,1.982,5.127,0.805,2.581,1.598,4.243,0.816
2,271.238,2.119,1.844,3.77,0.786,1.973,1.681,4.999,0.892
1,271.42,2.608,1.676,4.457,0.729,2.456,1.687,3.796,0.814
1,274.181,1.873,1.806,4.456,0.848,2.324,1.494,3.78,0.815
2,274.844,2.281,1.754,4.321,0.893,2.631,2.07,4.82,0.799
2,275.375,2.383,2.099,3.773,0.868,2.213,1.919,4.227,0.955
2,275.958,2.329,2.122,4.135,0.867,2.013,1.903,3.972,1.008
2,276.772,2.607,1.657,5.116,0.917,2.568,1.656,4.312,0.736
1,276.984,2.351,1.859,4.052,0.746,2.379,1.565,4.029,0.695
2,278.064,2.038,1.713,3.675,0.754,2.127,1.698,3.633,0.733
2,278.393,2.075,1.681,4.795,0.813,2.631,1.844,4.56,0.721
2,280.144,2.277,2.073,3.77,0.769,2.378,2.133,5.073,0.913
2,280.247,2.397,1.986,4.258,0.748,1.922,2.054,4.905,0.797
1,280.281,1.881,1.479,4.969,0.788,1.999,1.653,4.205,0.753
1,281.861,2.126,1.844,4.873,0.719,1.949,1.968,4.707,0.834
2,282.572,2.388,1.555,4.453,1.014,2.384,1.652,4.743,0.791
2,284.153,2.017,1.912,5.077,0.813,2.523,1.533,4.44,0.753
1,287.32,2.076,1.76,3.937,0.715,1.995,1.519,4.444,0.712
2,288.81,2.614,2.063,4.085,0.968,1.937,1.588,4.65,0.826
1,289.139,2.044,1.897,4.694,0.807,2.193,1.942,3.607,0.751
2,289.437,2.099,1.589,3.797,0.953,2.281,1.845,5.127,0.921
2,291.957,2.446,1.679,4.396,0.822,2.27,1.999,4.175,0.872
1,292.36,2.015,1.603,3.763,0.703,2.475,1.697,4.53,0.619
2,293.111,2.108,1.544,4.394,0.818,2.213,1.862,4.817,0.844
2,293.515,1.905,2.121,3.763,1.002,2.016,1.926,3.626,0.765
2,294.045,2.391,1.802,4.368,0.817,2.076,2.063,3.692,0.74
2,294.802,2.332,1.658,4.038,0.843,1.898,1.557,3.92,0.759
2,294.928,2.392,1.856,4.268,0.794,2.017,2.066,4.392,0.913
2,296.42,2.256,2.037,4.25,0.785,2.137,1.722,3.838,0.976
2,298.118,2.532,1.794,4.142,0.967,2.256,1.695,4.351,0.83
1,298.304,2.6,1.654,3.624,0.854,1.993,1.826,4.021,0.616
2,298.708,2.466,1.716,4.784,0.749,2.146,1.598,4.84,0.837
2,302.419,2.298,1.866,3.82,0.93,2.016,1.884,3.657,0.899
2,303.692,2.556,1.749,4.743,0.944,2.243,1.903,3.827,0.719
2,304.308,2.188,2.127,3.626,1.007,2.021,1.958,4.478,0.944
1,304.399,2.037,1.67,4.741,0.615,2.114,1.977,3.803,0.806
2,305.971,2.022,2.036,5.001,0.805,1.95,1.903,3.737,0.808
2,307.908,2.016,1.665,4.332,1.012,2.052,1.578,4.584,0.833
1,310.696,2.472,1.732,4.965,0.616,2.24,1.703,3.904,0.655
2,310.83,2.466,2.023,4.455,0.982,2.333,1.561,4.187,0.738
2,312.676,1.979,1.776,4.729,0.722,2.197,2.056,4.877,0.852
2,313.353,2.301,1.823,4.677,0.84,2.272,1.776,3.824,0.79
2,315.422,2.075,1.873,4.623,0.964,2.457,1.965,3.864,0.779
1,315.631,2.498,1.631,4.485,0.757,2.455,1.825,4.71,0.83
2,316.966,2.569,2.06,4.585,0.963,2.531,1.747,3.731,0.866
2,318.238,2.409,1.733,4.242,0.726,2.506,1.658,4.335,0.933
2,319.904,2.183,1.592,3.813,0.786,2.499,1.733,4.398,0.737
2,320.32,2.469,1.935,4.901,0.808,2.016,1.793,3.741,0.953
2,320.674,2.447,1.975,4.838,0.913,1.95,1.737,4.357,0.9
2,321.498,2.364,1.937,4.679,0.999,1.901,2.113,4.962,0.812
2,321.8,2.269,1.941,4.028,0.808,2.464,1.596,4.279,0.92
2,321.813,2.501,1.753,5.095,0.897,2.013,1.62,5.069,0.957
2,321.916,1.972,1.733,4.974,0.932,1.89,1.626,4.989,0.89
2,322.071,2.414,2.085,3.777,1.006,2.466,1.792,4.873,0.867
1,324.878,2.175,1.952,4.021,0.625,2.351,1.631,4.252,0.859
1,326.43,2.207,1.631,4.905,0.702,2.449,1.607,4.71,0.667
2,326.723,1.904,1.697,5.037,0.837,2.36,1.999,3.804,0.967
2,328.311,2.287,2.034,4.599,0.88,2.446,1.785,3.869,0.777
2,329.318,2.231,1.858,4.948,0.771,2.625,2.078,4.564,0.946
2,330.414,2.046,1.531,4.495,1.016,1.943,1.823,4.408,0.98
2,330.447,2.134,1.867,4.388,0.966,1.972,2.027,3.624,0.793
2,330.561,2.429,1.864,4.014,0.881,2.304,2.071,5.119,0.718
2,332.225,2.176,1.658,4.695,1.009,2.636,1.773,5.004,0.913
2,333.263,2.252,1.802,5.127,0.769,2.118,1.585,4.48,0.732
1,334.58,2.408,1.836,5.043,0.764,2.507,1.514,4.456,0.783
1,335.778,2.552,1.851,4.3,0.824,2.552,1.433,4.597,0.745
2,336.111,1.912,1.758,4.589,0.821,2.479,2.121,3.892,0.821
2,336.735,2.558,1.921,3.97,0.934,2.1,1.739,4.956,0.895
1,336.762,2.333,1.689,5.072,0.686,1.919,1.593,4.052,0.844
2,336.82,2.056,1.757,4.965,0.744,1.897,1.861,5.091,0.933
2,337.122,2.404,1.762,4.501,0.737,2.577,1.891,4.984,0.914
2,340.434,2.606,1.721,4.767,0.777,2.105,1.82,4.102,0.738
2,346.111,2.577,1.633,4.901,0.937,2.582,1.797,3.911,1.005
2,346.604,2.118,1.918,4.861,0.874,2.405,2.073,4.622,0.865
2,346.759,1.935,2.012,3.635,0.892,2.2,1.799,5.016,0.816
1,346.878,2.23,1.675,4.968,0.806,2.45,1.728,4.986,0.618
2,347.425,2.079,2.035,3.75,0.951,2.394,1.687,4.472,1.002
2,348.303,2.589,1.543,4.247,0.871,2.518,2.104,3.975,0.858
2,348.644,2.256,1.984,4.894,0.745,2.615,2.133,4.196,0.846
2,349.459,1.886,1.88,4.651,0.801,2.141,1.833,4.401,0.756
1,350.284,2.223,1.601,4.874,0.668,1.948,1.73,4.48,0.807
2,351.186,2.182,1.725,3.886,0.722,2.281,1.935,3.714,0.994
1,353.968,2.319,1.643,4.075,0.633,1.919,1.972,4.26,0.838
2,353.973,2.126,1.781,4.933,0.837,2.126,1.53,4.848,0.888
2,356.037,2.469,1.871,4.627,0.92,1.888,1.691,4.359,0.754
2,357.028,2.129,1.533,3.813,0.745,2.044,2.069,4.557,0.868
2,358.223,2.177,2.063,4.075,0.738,1.997,1.961,3.701,0.775
2,358.535,2.416,2.085,3.7,0.799,1.964,2.049,4.275,0.734
2,358.738,2.238,1.658,5.016,0.87,2.296,1.831,4.93,0.93
2,359.728,1.925,1.773,5.052,0.747,1.873,1.677,4.372,0.801
2,359.834,2.39,1.796,3.893,0.969,2.571,1.569,3.95,0.728
1,360.004,1.902,1.601,3.605,0.667,2.238,1.824,4.042,0.753
2,360.125,2.362,1.519,4.864,0.928,2.243,1.676,4.641,0.938
1,362.748,1.92,1.574,4.541,0.801,2.192,1.75,4.233,0.669
1,363.045,2.483,1.513,4.867,0.847,2.053,1.404,4.429,0.752
2,363.915,2.295,2.071,4.086,0.964,2.03,1.72,4.345,0.911
1,366.303,2.083,1.473,4.614,0.664,1.907,1.742,4.857,0.79
2,367.958,1.904,1.907,4.063,0.812,2.093,1.787,4.317,0.997
1,369.562,2.174,1.87,4.307,0.659,2.354,1.473,5.049,0.825
2,370.232,2.027,1.889,4.213,0.796,2.424,1.904,4.66,0.906
2,373.299,2.088,2.095,4.995,0.823,2.003,2.071,4.14,0.938
2,374.59,2.044,1.803,4.714,0.753,2.412,1.978,3.701,0.852
2,376.346,2.351,1.682,4.72,0.732,2.114,1.699,3.915,1.003
1,376.652,2.035,1.856,4.425,0.736,2.57,1.567,4.533,0.729
2,377.652,2.483,1.719,4.85,0.83,2.639,1.531,4.149,0.81
2,378.588,2.155,1.669,4.739,0.973,2.371,2.006,4.501,0.751
2,379.558,2.293,1.943,3.939,0.819,2.626,2.029,3.67,0.988
2,379.69,2.176,1.907,3.953,0.83,2.198,1.56,4.005,0.944
2,380.356,2.566,1.786,4.739,0.738,2.321,1.999,4.228,0.862
2,381.918,1.938,1.97,4.181,0.869,2.316,1.965,4.846,0.9
2,383.027,2.617,1.91,4.58,0.815,1.948,2.141,4.919,0.967
2,383.637,2.293,2.132,4.851,0.837,2.295,1.92,4.838,0.868
2,384.316,1.912,1.949,5.076,0.94,2.298,1.652,4.645,0.758
2,386.767,2.215,1.902,3.674,0.934,2.118,1.636,4.587,0.763
2,387.62,2.479,2.088,5.028,0.941,2.09,1.964,5.088,1.002
2,388.525,2.319,1.789,4.797,0.777,1.9,1.652,4.995,0.949
2,389.23,2.264,1.585,4.111,0.798,2.364,2.07,3.828,0.947
2,390.646,2.622,1.743,3.954,0.982,2.379,1.619,3.926,0.831
1,391.743,2.19,1.87,4.055,0.66,2.142,1.547,3.904,0.772
2,391.849,2.14,1.716,4.612,0.977,2.438,1.875,4.965,0.814
2,392.824,1.889,1.923,3.954,0.941,2.048,1.587,4.56,0.808
2,394.073,2.184,1.846,3.659,1.008,2.12,1.792,3.626,0.984
2,396.504,1.882,1.793,4.842,0.778,2.514,1.571,3.626,0.728
2,396.712,2.492,2.042,4.821,0.822,1.951,1.605,4.622,0.928
1,397.577,1.925,1.809,4.721,0.655,2.521,1.958,4.327,0.664
1,398.517,1.949,1.839,4.549,0.633,1.995,1.79,4.689,0.633
2,398.702,2.615,1.747,3.946,0.953,2.415,1.614,4.989,0.871
1,398.939,2.166,1.509,3.872,0.863,2.037,1.603,5.0,0.658
2,400.959,2.122,1.901,4.453,0.813,1.99,1.998,4.944,0.907
1,401.68,2.142,1.795,3.773,0.685,2.032,1.457,3.765,0.699
2,402.063,2.436,1.875,3.675,0.929,2.625,1.966,5.029,0.906
2,402.224,2.345,1.925,4.315,0.765,2.623,1.818,4.166,0.735
2,403.293,1.959,2.124,3.987,0.81,2.401,1.648,4.623,0.933
2,403.844,2.114,1.779,3.911,0.966,2.242,1.617,4.219,0.869
1,404.271,2.542,1.846,4.069,0.842,2.378,1.51,4.967,0.764
2,404.671,1.912,1.777,4.877,0.77,2.042,1.544,4.935,0.886
1,405.867,1.937,1.674,4.491,0.775,2.22,1.451,4.585,0.627
2,406.218,2.117,1.953,3.721,0.886,2.287,1.571,3.674,0.999
2,406.601,1.886,1.757,4.044,0.949,2.247,1.697,3.772,0.819
2,406.652,2.285,1.788,3.782,0.971,2.549,1.983,4.605,0.881
2,409.725,2.495,2.064,4.739,0.971,2.226,1.619,4.238,0.895
1,410.59,2.325,1.949,4.35,0.719,2.215,1.591,4.986,0.846
2,411.087,2.333,1.754,3.631,0.777,2.51,2.144,5.057,0.975
2,413.031,1.971,1.873,4.102,1.005,2.491,1.76,4.365,0.8
2,413.074,2.295,1.836,4.05,1.002,2.438,1.861,4.464,0.882
2,413.847,2.599,1.98,4.673,0.801,1.883,1.944,4.038,0.861
2,413.93,2.052,1.856,4.038,0.799,2.213,1.615,4.56,0.952
2,414.549,2.281,1.975,5.073,0.729,2.612,1.538,4.409,0.917
1,414.61,1.99,1.442,4.896,0.684,2.333,1.535,4.62,0.802
2,415.321,2.474,1.618,5.016,1.002,2.048,1.673,3.93,0.815
2,416.353,1.984,1.898,3.804,0.885,2.462,1.599,3.77,0.904
2,416.364,2.512,1.734,3.972,0.932,2.15,1.921,4.592,0.719
2,416.659,2.05,1.891,4.572,0.912,2.51,1.935,4.638,0.753
1,416.896,1.9,1.451,4.368,0.653,2.597,1.895,4.541,0.627
2,417.482,2.591,1.52,4.444,0.881,2.059,1.705,4.014,0.927
1,417.821,1.86,1.675,4.832,0.675,1.86,1.972,3.623,0.765
2,419.001,2.301,2.07,3.948,0.816,2.27,1.946,3.679,0.74
2,419.597,2.194,1.519,4.884,0.72,2.231,1.819,4.571,0.933
1,419.724,2.176,1.766,4.165,0.843,2.571,1.459,4.564,0.627
2,421.029,1.91,1.6,4.612,0.807,1.971,2.054,4.927,0.806
2,422.901,2.416,1.626,4.884,0.775,2.564,1.779,4.805,0.828
1,424.141,2.238,1.405,4.632,0.66,2.026,1.661,3.82,0.793
1,425.441,2.359,1.609,3.932,0.722,1.94,1.663,3.884,0.64
1,426.74,2.351,1.544,4.483,0.861,2.311,1.712,4.92,0.806
2,427.022,2.109,1.578,4.578,0.719,2.311,1.52,4.253,0.815
2,427.453,2.401,1.514,4.368,0.929,2.316,1.815,4.145,0.926
1,427.584,2.309,1.492,3.875,0.692,2.31,1.682,4.486,0.768
2,428.498,2.008,1.721,5.032,0.769,2.526,1.88,4.051,0.841
2,430.002,2.268,1.643,4.292,0.881,2.072,1.749,4.285,0.797
2,432.674,2.334,1.657,4.714,1.017,2.513,2.036,4.245,0.763
2,433.089,1.897,2.032,4.836,0.933,2.008,1.599,4.251,0.8
1,434.258,2.493,1.874,4.046,0.678,2.302,1.826,5.043,0.703
2,437.946,2.401,1.563,3.85,0.943,2.163,1.845,4.255,0.822
2,438.161,2.552,1.697,3.633,0.756,2.566,1.58,4.569,0.886
2,439.545,2.141,1.985,4.647,0.765,2.298,1.904,4.586,0.988
1,440.747,1.912,1.87,4.031,0.833,2.103,1.945,4.901,0.806
2,441.025,1.922,1.959,3.681,0.787,2.416,2.045,3.904,0.756
1,444.758,2.346,1.838,3.791,0.832,2.4,1.866,3.86,0.772
2,446.503,2.103,1.849,4.861,0.931,2.502,1.821,3.789,0.968
2,447.709,2.143,2.04,4.469,0.79,2.383,2.123,4.48,0.88
2,447.711,2.269,1.956,3.82,0.977,2.037,1.801,4.446,0.969
2,448.446,2.644,1.88,4.666,0.795,2.443,1.917,4.527,0.76
2,450.392,2.209,1.645,3.875,0.867,2.144,1.82,4.3,0.998
2,450.487,2.041,1.819,4.097,0.888,2.183,1.612,4.626,0.952
2,452.524,2.085,1.903,3.788,0.809,2.092,1.935,3.635,0.848
2,452.823,2.222,2.01,3.712,0.971,2.118,1.793,4.268,0.839
2,453.359,2.36,2.095,4.919,0.937,2.361,1.987,4.59,0.886
2,457.134,2.243,1.859,4.117,0.731,2.294,2.098,5.037,0.764
2,457.378,1.865,1.868,4.285,0.933,2.346,1.546,3.831,0.76
2,460.623,1.87,1.734,4.395,0.785,2.425,1.958,4.351,0.744
2,462.358,1.912,1.621,3.725,0.9,2.639,2.119,4.592,0.963
1,463.7,2.41,1.86,3.803,0.742,2.322,1.851,4.107,0.725
2,465.226,1.876,2.126,4.144,0.873,2.442,2.046,3.912,0.829
2,465.613,2.382,1.887,5.127,0.999,1.91,1.848,4.33,0.739
2,467.363,2.386,2.026,5.011,0.962,2.427,1.614,4.625,0.777
2,468.803,2.512,1.819,4.936,0.814,2.209,1.682,3.926,0.898
1,469.587,2.163,1.432,4.327,0.797,2.327,1.641,3.797,0.781
1,470.363,2.279,1.873,5.05,0.824,2.455,1.643,4.857,0.672
2,471.865,2.334,1.888,3.761,0.874,2.55,2.027,4.394,0.934
1,472.766,2.541,1.433,3.993,0.807,2.491,1.509,4.753,0.757
2,472.847,2.247,2.087,4.902,0.906,2.556,1.673,4.673,0.752
2,473.18,1.91,1.886,5.114,0.837,2.052,2.05,4.592,0.966
1,473.58,2.173,1.528,4.916,0.675,2.276,1.458,4.379,0.616
1,476.573,2.323,1.69,4.032,0.616,2.453,1.638,4.242,0.61
1,477.951,2.521,1.461,4.916,0.751,2.302,1.728,5.05,0.631
1,478.164,2.393,1.876,4.982,0.744,2.197,1.623,4.775,0.639
2,478.535,2.131,1.627,4.927,1.002,2.252,1.69,4.838,0.747
2,480.015,2.027,1.833,4.768,0.735,2.587,1.654,4.973,0.897
2,480.402,2.565,1.719,4.51,0.832,2.492,1.546,4.56,0.96
2,480.515,2.13,1.998,4.235,0.745,2.523,1.944,3.795,0.947
2,480.587,1.951,1.903,5.013,0.847,2.054,2.107,4.295,0.809
1,481.032,2.104,1.801,3.882,0.689,2.558,1.519,4.046,0.806
2,481.951,2.296,2.117,3.691,0.727,2.311,1.743,4.399,0.931
2,485.702,2.056,2.133,3.838,0.809,1.893,1.821,4.48,0.807
2,486.562,1.88,2.054,4.801,1.002,2.624,2.075,4.252,1.014
1,486.653,2.433,1.844,3.729,0.857,2.226,1.443,4.047,0.637
2,486.902,2.229,1.662,4.768,0.722,2.566,1.801,4.658,0.809
1,487.412,1.89,1.873,4.231,0.631,2.174,1.518,4.13,0.799
2,487.451,2.362,1.748,4.3,0.771,1.996,2.108,4.612,0.812
2,489.371,2.558,1.879,4.268,0.89,2.12,1.687,4.243,0.821
2,490.892,2.341,1.529,5.034,0.722,1.923,1.525,4.951,0.83
2,491.443,2.341,1.735,4.627,0.819,2.104,1.56,5.047,0.926
1,491.817,2.421,1.579,4.714,0.712,2.34,1.921,4.042,0.788
2,492.605,1.954,1.894,4.111,0.938,2.438,1.882,3.632,0.968
2,492.794,2.259,1.881,3.624,0.73,2.134,1.618,3.744,0.983
1,494.246,2.029,1.474,4.363,0.689,2.257,1.601,4.905,0.667
2,494.388,2.318,2.138,3.679,0.932,2.604,1.819,4.142,0.959
2,495.587,2.571,1.563,4.56,0.823,2.151,1.886,3.807,0.923
2,496.365,2.117,1.889,4.3,0.787,2.475,1.798,4.345,1.007
2,496.735,2.549,1.748,4.987,0.931,2.003,1.629,4.652,0.735
1,496.823,2.242,1.622,3.65,0.697,2.1,1.801,4.699,0.638
1,496.83,2.205,1.567,5.009,0.802,2.358,1.859,5.078,0.75
2,496.908,2.135,1.536,4.692,0.949,2.429,2.12,4.269,0.909
2,499.466,2.231,1.932,4.498,0.799,2.628,1.777,4.133,0.88
2,499.782,2.361,1.846,4.231,0.859,2.35,1.655,4.62,0.94
2,501.535,2.26,1.547,4.661,0.729,2.427,1.902,3.93,0.787
2,501.66,2.442,1.753,4.128,0.837,2.513,1.66,4.59,0.911
2,503.801,2.446,2.105,4.389,0.788,2.554,2.122,3.897,0.993
1,504.443,2.405,1.868,4.412,0.711,2.509,1.76,4.128,0.779
1,504.887,2.242,1.494,3.663,0.701,2.462,1.51,4.054,0.713
2,505.492,2.141,1.547,4.229,0.786,2.589,1.658,3.911,1.014
2,505.684,2.421,1.99,4.259,0.949,2.484,1.769,4.143,0.804
2,505.769,2.333,2.009,4.398,0.941,2.268,2.025,4.495,0.908
1,506.17,2.24,1.435,4.08,0.765,2.234,1.631,4.841,0.687
2,506.901,2.144,1.655,4.516,0.899,1.929,1.91,4.661,0.899
2,507.493,2.099,2.115,4.679,0.752,2.206,1.957,3.743,0.905
2,507.744,2.15,1.66,4.111,0.765,2.577,1.955,4.472,0.818
2,508.052,2.176,2.051,5.092,0.747,2.466,1.906,4.658,0.936
2,508.491,2.176,1.76,5.035,0.957,2.238,2.036,4.365,0.805
2,511.034,2.484,1.966,4.131,0.763,2.633,2.06,4.935,0.946
1,511.61,1.857,1.528,3.65,0.749,1.982,1.806,4.033,0.833
1,512.21,2.238,1.836,4.357,0.829,2.374,1.661,3.838,0.707
2,512.522,2.601,1.824,4.37,0.758,2.422,1.836,4.044,1.007
1,513.612,2.225,1.596,3.719,0.66,2.618,1.489,3.691,0.762
2,515.101,2.173,1.68,4.142,0.758,1.89,1.806,3.925,0.999
2,515.756,2.068,1.677,4.098,0.734,2.093,1.869,4.621,0.866
2,516.983,2.066,1.561,5.05,0.914,2.571,2.012,3.835,0.754
2,517.167,1.907,1.904,4.37,0.756,2.32,1.828,5.085,0.97
2,517.569,2.368,2.082,4.256,0.969,2.391,1.899,4.905,0.92
2,522.363,2.013,2.115,3.631,0.765,2.05,2.034,4.167,0.846
2,523.174,2.51,1.609,5.076,0.93,1.944,2.126,5.112,0.797
2,523.354,2.172,1.832,3.703,0.979,2.381,1.869,4.729,0.904
1,525.355,1.922,1.654,3.797,0.803,2.179,1.758,3.619,0.689
2,528.278,1.969,1.965,5.109,0.836,2.589,1.811,3.779,0.744
1,528.448,2.257,1.687,4.625,0.673,2.474,1.862,4.411,0.784
2,529.192,2.603,1.695,4.1,0.734,2.554,1.936,4.613,0.934
2,529.444,1.982,1.854,4.361,0.808,2.08,1.832,4.119,0.726
2,530.007,2.625,1.543,4.313,0.809,2.027,1.718,4.962,0.982
2,530.512,1.886,2.078,4.014,0.846,2.207,1.853,3.737,0.753
1,530.894,1.881,1.566,4.367,0.664,2.193,1.647,4.042,0.859
2,531.86,2.509,1.948,4.335,0.771,2.26,1.632,4.975,1.01
1,533.586,2.193,1.593,4.647,0.646,1.86,1.801,4.555,0.645
2,534.569,2.119,1.681,4.767,0.744,2.182,1.721,4.661,0.823
2,534.64,1.904,1.805,4.815,0.812,2.616,1.797,4.597,0.719
1,536.656,2.483,1.462,4.683,0.696,2.103,1.464,5.032,0.689
1,537.078,2.471,1.856,4.633,0.823,1.885,1.59,4.564,0.66
2,538.284,2.371,1.927,5.029,0.948,2.615,1.768,3.885,0.863
2,538.867,2.466,1.698,4.884,0.814,2.39,1.7,4.58,0.999
2,539.736,2.187,1.598,4.902,0.837,1.867,1.935,4.894,0.881
2,540.668,2.49,1.758,4.678,0.732,2.045,1.831,4.469,0.859
2,544.547,2.511,1.565,3.918,0.799,1.867,1.845,5.119,0.771
2,544.634,2.616,1.792,4.727,0.803,2.465,1.554,4.656,0.759
2,545.205,1.98,1.635,3.827,1.007,2.079,2.104,5.074,0.796
2,546.549,2.073,1.794,4.948,0.938,2.201,1.578,4.369,0.746
1,546.599,2.286,1.776,3.797,0.79,2.261,1.961,4.357,0.749
2,548.915,2.469,1.752,4.237,0.726,2.076,2.127,4.987,0.877
2,549.173,2.329,1.706,4.142,0.821,2.134,1.932,4.504,0.952
2,552.712,2.132,2.071,4.584,0.984,2.155,1.671,4.125,0.899
2,553.792,2.479,1.967,4.542,0.731,2.612,1.943,4.117,0.763
2,554.224,2.568,2.085,4.269,1.0,2.0,1.512,4.702,0.881
1,554.374,2.358,1.467,4.945,0.621,1.951,1.716,3.672,0.857
1,555.277,1.899,1.75,3.853,0.752,2.228,1.446,3.681,0.83
2,555.534,2.182,1.909,4.275,0.895,2.477,2.058,4.768,0.791
2,555.595,2.474,2.138,3.696,0.771,2.062,1.605,3.826,0.951
1,555.846,2.315,1.48,3.961,0.668,2.339,1.547,3.846,0.829
1,556.754,2.42,1.821,4.609,0.78,2.449,1.838,4.088,0.662
1,556.952,2.409,1.905,3.987,0.801,2.138,1.471,4.751,0.773
2,557.452,2.164,2.037,4.44,0.987,2.629,2.045,3.792,0.762
2,558.681,2.565,1.875,4.311,0.742,2.182,1.776,4.793,0.823
1,559.088,2.07,1.462,3.881,0.792,2.133,1.799,4.945,0.684
2,559.177,1.883,1.609,4.396,0.744,2.048,1.599,4.642,0.749
1,560.119,2.492,1.463,4.555,0.664,2.095,1.479,4.871,0.647
2,560.256,2.238,1.853,5.101,0.833,2.198,2.017,3.976,0.815
2,561.324,2.269,1.747,4.311,0.799,2.105,1.966,4.611,0.968
1,563.954,1.999,1.451,3.76,0.859,2.198,1.982,4.663,0.626
2,564.282,2.261,1.769,4.816,0.865,2.535,2.071,3.926,0.78
2,566.616,1.904,1.565,4.943,0.949,2.014,1.892,4.584,0.913
2,570.773,2.462,1.789,4.715,0.735,1.9,1.61,3.983,0.737
2,572.088,2.104,1.512,4.97,1.015,2.605,1.827,3.649,0.913
2,577.286,2.145,2.065,3.732,1.004,2.566,1.906,4.774,0.852
2,577.481,2.23,1.75,3.785,0.996,2.03,1.92,4.44,0.955
2,578.451,2.08,2.104,4.364,0.719,2.243,1.766,4.83,0.985
2,579.484,2.579,2.097,3.733,0.9,2.004,1.708,4.885,0.97
2,579.765,2.625,1.898,5.035,0.988,2.247,1.579,4.464,0.978
2,580.068,2.405,1.702,4.572,0.89,1.971,1.948,3.741,0.837
2,580.926,2.322,1.868,4.536,0.77,2.592,1.514,4.252,0.848
2,582.94,2.118,1.716,4.957,0.772,1.904,1.982,4.511,0.916
2,583.253,2.329,1.916,4.038,0.908,2.368,1.879,4.542,0.791
2,584.438,2.132,1.987,4.178,0.902,2.131,1.848,4.809,0.781
2,585.318,2.333,1.588,5.029,0.957,2.052,1.654,4.255,0.777
1,586.077,2.248,1.531,4.923,0.786,2.476,1.552,3.989,0.675
2,587.156,2.535,1.526,4.076,0.989,2.011,1.636,4.085,0.759
2,588.344,2.268,2.026,3.984,1.012,2.641,2.066,3.721,0.952
2,588.49,2.145,2.141,4.255,0.966,2.035,1.7,4.287,0.874
2,588.59,2.132,2.009,3.639,0.852,2.509,1.528,4.195,0.949
2,588.846,2.364,1.99,3.893,0.972,2.022,1.966,5.063,0.975
1,591.496,2.592,1.716,4.817,0.782,1.858,1.432,4.78,0.807
2,591.948,2.438,1.531,3.827,0.766,2.364,1.819,4.587,0.763
2,592.583,2.333,1.6,4.83,0.96,2.318,1.793,5.056,0.91
2,593.541,2.103,1.956,4.678,0.953,2.562,1.974,4.313,0.745
2,593.794,1.928,1.626,3.713,0.805,2.042,2.13,3.659,0.748
2,594.178,2.635,1.989,4.571,0.828,2.143,2.13,4.222,0.775
2,595.839,2.624,2.081,3.763,0.934,2.438,1.686,5.085,0.738
1,597.825,2.173,1.775,4.028,0.839,1.972,1.618,4.549,0.782
2,598.079,1.912,1.589,4.245,0.766,2.313,1.665,4.162,0.866
2,599.923,1.88,1.743,4.107,0.781,2.052,1.999,4.692,0.751
2,601.011,2.462,2.099,4.37,1.01,2.147,1.793,5.121,0.988
2,602.749,1.914,1.864,5.035,0.969,2.2,2.122,4.586,0.771
2,603.882,2.223,1.652,4.462,0.799,2.584,1.735,4.198,0.795
1,604.481,2.549,1.68,3.681,0.824,2.441,1.576,3.989,0.702
2,605.135,1.888,1.807,4.351,0.735,2.279,1.794,3.94,0.982
2,606.29,2.043,1.978,4.572,0.769,2.361,1.985,4.706,0.94
2,606.62,1.926,1.889,4.578,0.901,2.324,1.53,3.681,0.995
2,607.729,2.56,1.7,4.863,0.865,2.39,1.875,3.632,0.972
1,607.791,1.996,1.44,3.98,0.825,2.12,1.61,4.556,0.707
1,608.086,2.006,1.788,3.979,0.682,2.025,1.968,4.252,0.811
1,608.371,2.309,1.985,4.941,0.66,1.865,1.838,4.988,0.695
2,609.187,2.587,1.875,4.595,0.925,2.115,2.024,4.572,0.844
2,609.768,2.197,1.713,3.925,0.893,2.051,1.588,4.585,0.885
2,610.7,2.115,1.839,4.861,0.938,1.905,1.94,3.875,0.981
1,611.042,2.246,1.98,4.132,0.651,2.549,1.776,4.405,0.791
2,613.771,2.226,1.57,5.111,0.912,2.592,2.022,3.732,0.809
2,613.862,2.324,2.064,4.46,0.76,2.298,1.983,4.765,0.744
2,614.427,2.542,2.032,3.831,0.732,2.626,1.743,3.834,0.911
2,614.772,2.139,2.023,4.555,0.924,2.641,1.904,4.997,0.773
2,615.527,2.247,1.615,4.304,0.79,2.513,1.733,4.987,0.793
1,616.299,2.094,1.659,4.078,0.801,1.986,1.895,4.051,0.788
2,619.051,1.893,2.132,4.268,0.886,2.118,2.022,4.33,0.917
1,623.993,2.158,1.459,4.784,0.802,2.407,1.765,4.611,0.839
1,624.566,2.051,1.528,4.042,0.695,2.2,1.774,5.042,0.627
2,625.026,2.313,1.636,4.666,0.739,2.592,1.98,3.921,0.771
1,625.115,2.559,1.519,4.446,0.632,1.94,1.942,4.556,0.667
2,625.159,2.329,2.104,5.092,0.866,2.055,1.999,3.919,0.72
2,629.959,2.014,1.69,3.751,0.863,2.435,1.864,4.213,0.869
2,630.641,2.485,1.628,4.325,0.806,2.197,1.764,3.622,0.941
2,630.685,2.563,1.8,3.98,0.74,2.296,2.059,4.647,1.009
2,630.718,2.202,1.839,4.087,0.938,2.518,1.627,4.331,0.803
2,631.735,2.114,1.801,4.905,0.872,2.318,1.692,4.801,0.999
2,633.604,2.577,1.571,4.365,0.82,2.276,1.598,3.835,0.809
2,634.759,2.38,1.57,3.75,0.931,2.316,1.747,4.996,0.753
2,636.905,2.225,1.625,3.721,0.818,2.187,1.719,3.892,0.999
2,637.275,2.371,1.794,4.76,0.91,2.187,1.765,4.383,0.769
1,637.37,2.126,1.584,4.782,0.742,2.126,1.824,4.725,0.678
2,642.328,2.016,2.049,4.85,0.949,2.577,1.512,4.464,0.747
2,642.403,2.26,1.609,4.46,0.778,2.485,1.695,4.118,0.848
2,644.392,2.43,1.654,3.777,0.826,2.57,1.806,3.972,0.828
2,644.744,2.427,1.84,5.092,0.797,2.276,1.975,4.801,0.843
1,645.77,2.215,1.515,4.038,0.713,2.01,1.613,3.646,0.619
1,650.087,1.881,1.793,3.937,0.856,2.175,1.765,3.628,0.675
1,651.161,2.044,1.895,4.683,0.635,2.031,1.441,4.303,0.685
2,653.246,2.644,1.598,3.683,0.926,2.197,1.989,4.777,0.912
2,653.932,2.172,1.793,3.93,0.729,2.243,1.546,4.111,0.839
2,654.141,1.89,1.641,3.972,1.016,2.601,1.565,4.252,0.777
2,654.243,2.008,1.824,5.06,0.839,1.883,2.039,4.039,0.863
1,656.809,2.513,1.789,4.34,0.637,2.331,1.478,4.279,0.738
2,658.267,1.99,1.955,3.848,0.829,2.118,1.979,4.304,0.837
1,658.74,2.334,1.621,3.665,0.711,2.476,1.974,3.922,0.736
1,659.312,2.359,1.777,3.904,0.678,2.133,1.838,4.851,0.804
1,662.716,1.987,1.86,4.608,0.841,2.479,1.439,4.851,0.765
2,664.256,2.554,1.609,5.063,1.009,2.246,1.967,4.338,0.908
1,665.457,2.429,1.565,4.917,0.823,2.608,1.463,4.108,0.644
2,665.845,1.948,1.657,4.739,0.895,1.888,2.026,3.831,0.952
2,668.392,2.169,1.628,5.098,0.977,2.642,1.658,3.708,0.923
2,668.904,2.1,1.658,3.861,0.841,2.319,1.739,4.308,0.747
2,669.108,2.329,1.953,3.885,0.863,2.628,1.547,5.043,0.983
2,669.234,1.912,2.04,4.638,0.803,2.612,1.882,3.95,0.964
2,671.194,2.424,1.983,4.036,0.725,2.506,2.059,4.455,0.927
2,671.512,2.198,2.101,4.65,0.727,1.951,1.951,4.978,0.932
2,671.87,2.333,1.581,4.877,0.766,2.429,1.875,4.773,0.837
2,672.823,1.922,1.695,3.691,0.728,2.409,1.633,4.122,0.742
2,674.182,2.1,2.005,4.803,0.969,2.297,1.802,3.984,0.912
2,675.159,2.514,1.52,4.767,0.89,2.055,2.113,4.44,0.748
2,676.523,2.587,1.626,4.255,0.84,1.893,1.626,3.77,0.991
2,676.861,2.584,1.555,3.812,0.941,2.335,1.925,3.936,0.945
2,677.439,2.181,2.137,3.708,0.996,2.055,1.861,4.826,0.743
2,679.554,2.628,1.823,4.993,0.756,1.91,1.69,4.028,0.758
2,679.627,1.915,1.989,4.474,0.934,2.263,2.029,4.014,0.753
2,679.635,2.323,1.746,4.541,0.878,1.922,1.935,3.975,0.878
2,679.835,2.279,2.125,3.71,0.905,1.876,1.579,4.564,0.839
2,680.194,2.093,1.99,4.087,0.858,2.554,2.13,5.127,0.895
1,680.833,2.493,1.517,4.724,0.631,2.27,1.765,4.542,0.702
2,682.284,1.913,1.545,4.268,0.926,2.016,2.049,4.582,0.926
2,684.219,2.541,1.983,4.972,0.952,2.04,2.078,4.98,1.014
1,684.967,2.56,1.89,5.049,0.627,2.383,1.476,4.134,0.618
2,685.141,2.021,1.517,4.977,0.796,2.058,1.823,4.774,0.819
2,685.673,2.428,2.04,4.832,0.719,2.503,1.784,4.144,0.88
2,685.688,1.914,1.953,3.864,0.748,2.016,1.732,4.805,0.964
2,686.663,2.08,1.72,5.121,0.923,2.226,1.747,5.096,0.839
2,686.894,2.119,1.789,4.388,0.76,1.912,1.563,4.541,0.978
2,686.922,2.035,1.871,4.156,0.871,1.929,1.888,4.179,0.817
1,686.968,2.455,1.413,4.402,0.724,1.853,1.601,4.945,0.727
1,687.946,2.041,1.743,4.357,0.687,2.405,1.985,5.086,0.689
2,688.768,2.535,2.13,4.944,0.998,2.438,1.736,4.746,0.963
2,689.532,1.989,1.578,3.632,0.759,2.308,1.92,3.652,0.795
1,690.28,2.279,1.79,3.698,0.863,1.915,1.817,3.902,0.674
1,690.72,1.891,1.419,4.297,0.766,1.873,1.879,4.48,0.837
2,692.028,1.873,1.641,4.641,0.73,2.072,1.695,4.25,0.987
2,692.872,2.437,1.801,4.768,0.98,2.103,1.723,4.044,0.8
2,692.96,2.117,1.691,4.677,0.903,2.45,1.966,4.462,0.867
2,693.141,2.386,1.66,3.892,0.753,2.617,2.071,4.972,0.772
2,695.516,1.98,2.036,4.225,0.934,2.422,1.903,4.283,0.901
1,695.727,2.338,1.422,3.86,0.681,1.954,1.837,3.691,0.618
2,698.278,2.604,1.651,4.151,0.755,2.348,1.738,4.743,0.747
2,699.815,2.307,1.531,3.835,0.727,2.386,1.785,4.315,0.84
1,701.234,2.331,1.917,4.993,0.678,1.879,1.663,4.347,0.63
2,701.816,2.295,1.914,4.692,0.954,2.281,1.645,4.638,0.926
2,704.58,2.427,1.795,4.179,0.753,2.31,1.815,3.774,1.009
2,704.79,2.189,1.614,3.972,0.8,2.592,1.884,4.743,0.771
2,704.991,1.895,1.863,4.195,1.012,2.095,1.783,5.103,0.729
1,705.49,2.346,1.696,4.687,0.734,2.254,1.865,3.684,0.72
2,705.952,2.011,1.732,3.831,0.749,2.071,1.609,4.37,0.885
1,707.008,2.076,1.795,3.937,0.753,2.314,1.804,4.999,0.648
2,708.279,2.022,2.13,3.653,0.839,2.558,2.123,4.893,0.835
2,708.596,2.386,1.546,4.086,0.89,1.969,2.104,4.964,0.94
1,708.976,2.389,1.855,4.052,0.79,2.096,1.847,4.175,0.623
2,709.776,2.263,1.849,3.722,0.752,2.231,2.026,4.664,0.844
2,709.895,2.14,1.759,5.077,0.736,2.479,1.805,5.1,0.899
1,710.224,2.04,1.638,4.149,0.765,2.226,1.552,3.991,0.853
2,710.468,2.577,1.873,3.807,0.795,2.16,1.52,4.243,0.792
1,710.989,1.916,1.99,4.782,0.842,2.59,1.919,3.724,0.659
2,713.334,2.577,1.73,4.466,0.752,2.57,1.887,4.245,0.845
2,715.755,2.508,1.535,3.797,0.988,2.323,2.063,4.76,0.969
2,716.319,2.172,2.13,3.893,0.947,2.479,2.032,5.035,0.722
2,716.615,2.416,1.635,4.307,0.931,2.315,1.942,4.321,0.987
2,716.807,1.868,1.999,4.111,0.849,2.293,1.757,3.962,1.014
2,717.165,2.32,1.795,3.64,0.904,2.027,1.919,5.124,0.728
1,717.919,2.101,1.406,3.617,0.611,2.472,1.737,4.075,0.831
2,718.055,2.099,1.629,4.42,0.803,2.117,1.621,4.897,0.789
1,718.622,1.976,1.905,4.726,0.668,2.162,1.882,4.622,0.751
2,720.634,2.613,1.592,4.331,0.765,2.095,2.133,3.682,0.997
2,720.653,2.051,1.571,4.032,0.843,2.196,1.753,4.087,0.938
2,722.975,1.951,2.012,4.174,0.959,2.457,1.998,4.695,0.938
2,724.396,2.527,1.8,3.631,0.895,2.272,1.964,3.898,0.79
2,726.02,1.865,1.658,4.661,0.808,2.427,2.036,3.636,0.895
2,727.563,2.285,1.739,4.237,0.989,2.429,1.844,4.492,0.91
1,728.919,2.003,1.504,5.097,0.668,2.559,1.67,4.31,0.695
2,730.453,2.368,1.718,3.888,0.952,1.961,1.582,4.226,0.976
2,731.12,2.411,1.665,4.833,0.933,2.022,1.836,3.888,0.903
2,734.098,1.91,2.13,4.292,0.96,2.03,1.746,4.97,0.769
2,735.244,2.368,1.681,5.025,0.852,2.332,2.059,4.044,0.983
2,735.369,2.185,1.671,3.647,0.98,1.912,2.044,4.957,1.003
2,735.561,2.334,1.999,5.121,1.003,1.901,1.743,4.365,0.843
2,737.443,2.056,1.673,4.589,0.866,2.182,1.787,4.088,0.731
2,739.148,2.371,1.548,5.114,0.908,2.297,1.586,3.803,0.983
2,741.514,2.17,1.561,4.773,0.987,2.188,1.935,4.142,1.011
2,742.9,1.898,2.107,4.029,0.871,2.145,1.627,5.004,0.848
2,744.011,2.155,2.067,3.819,0.888,1.969,2.133,4.434,1.008
2,745.969,1.93,1.561,4.275,0.929,2.118,1.598,5.098,0.91
2,747.359,2.213,1.512,4.032,0.794,2.548,1.959,3.785,0.747
1,749.485,2.521,1.565,4.108,0.618,2.494,1.644,4.013,0.784
2,751.416,2.633,1.963,4.462,0.781,2.256,2.022,4.51,0.799
2,752.193,2.373,1.932,4.868,0.895,2.382,1.92,3.992,0.795
2,752.239,2.135,1.956,5.091,0.813,2.097,2.121,4.627,0.991
2,752.248,1.914,1.664,4.177,0.797,2.283,1.769,3.86,0.977
2,754.566,2.428,1.612,4.446,0.762,2.473,1.883,4.58,0.825
2,757.015,2.611,2.063,4.891,0.732,1.954,1.708,4.905,0.908
1,757.442,2.298,1.969,4.529,0.633,2.429,1.579,4.994,0.821
2,758.141,1.966,1.823,4.321,0.748,2.333,2.121,4.645,0.813
2,758.426,2.562,2.078,4.37,0.746,2.416,2.071,3.761,0.954
2,758.52,2.631,1.986,3.987,0.911,2.132,1.847,5.116,0.788
2,759.944,2.601,1.587,3.654,0.822,1.89,1.941,4.846,0.797
1,760.25,2.234,1.448,4.325,0.68,2.2,1.572,4.817,0.703
2,765.297,2.313,1.947,4.943,0.738,2.191,1.852,4.174,0.858
2,765.551,1.912,1.943,3.741,0.928,1.948,2.053,3.751,0.987
1,765.683,2.59,1.556,4.901,0.633,2.531,1.985,3.778,0.863
2,765.687,2.501,1.52,3.64,0.736,2.582,1.995,3.7,0.991
1,765.973,1.912,1.815,3.832,0.837,2.15,1.827,4.616,0.642
2,766.587,2.279,1.753,4.784,0.88,2.563,1.643,3.692,0.818
2,766.889,2.297,1.973,3.888,0.819,1.912,1.664,3.955,0.846
2,766.922,2.505,1.721,4.242,0.912,2.442,1.658,4.209,0.796
2,769.769,2.316,2.132,4.572,0.797,2.044,1.94,4.739,0.792
1,772.763,2.257,1.497,5.037,0.649,2.384,1.804,3.961,0.812
2,774.146,2.549,1.654,4.963,0.798,2.319,1.557,3.652,0.972
2,774.222,2.361,1.898,4.063,0.952,2.394,2.105,3.782,1.002
1,774.986,2.07,1.597,4.575,0.863,1.879,1.916,3.891,0.809
2,775.661,2.401,1.554,3.954,0.75,2.592,1.854,4.098,0.769
2,777.19,2.301,1.947,4.37,0.931,2.629,1.526,4.145,0.736
2,778.469,2.055,1.571,3.776,0.754,2.624,2.047,3.827,0.906
1,778.484,2.502,1.591,4.19,0.627,2.024,1.552,3.644,0.824
1,780.658,1.877,1.715,3.638,0.677,2.167,1.691,3.698,0.835
2,780.916,1.9,1.821,3.785,0.903,2.624,1.721,3.692,0.817
2,782.114,2.187,1.768,4.527,0.816,2.597,1.908,4.958,0.872
2,784.178,2.114,1.92,4.297,0.852,2.229,1.619,4.86,0.9
2,786.275,2.079,1.626,3.919,0.799,1.911,1.604,3.789,0.756
2,788.606,2.339,1.823,3.886,0.941,2.176,1.826,3.642,0.969
2,789.027,1.878,1.96,4.848,1.018,1.893,1.935,4.383,0.846
1,789.061,2.252,1.704,3.624,0.787,2.315,1.958,4.465,0.707
2,791.006,2.592,1.802,4.062,0.936,2.32,1.575,4.356,0.965
1,791.207,2.059,1.51,3.664,0.794,2.059,1.858,3.756,0.737
1,791.394,2.552,1.652,3.659,0.703,2.102,1.685,4.986,0.732
2,793.565,2.128,1.548,4.222,0.856,1.893,1.527,5.092,0.89
2,794.02,2.373,1.75,4.498,0.968,2.514,1.589,4.76,0.9
1,794.154,2.468,1.688,4.737,0.784,2.346,1.886,3.997,0.612
2,796.066,1.911,1.785,3.985,0.951,2.382,2.104,3.768,0.813
2,796.543,2.629,1.682,4.816,0.814,2.411,1.834,3.709,0.919
2,798.887,2.017,2.0,4.044,0.729,2.377,1.612,3.635,0.812
2,798.98,2.137,1.879,4.283,0.729,2.361,1.621,3.827,0.944
2,801.895,2.504,1.543,4.604,0.811,2.094,2.117,3.649,0.846
2,805.055,1.956,1.943,4.771,0.988,2.182,1.801,3.987,0.961
1,805.845,1.877,1.469,4.267,0.703,2.474,1.859,3.816,0.773
1,805.858,2.434,1.479,4.176,0.862,2.124,1.783,4.741,0.742
2,806.498,2.04,1.889,4.1,0.808,1.9,1.725,4.995,0.719
2,806.936,2.408,1.972,3.785,0.92,2.541,1.889,4.692,0.982
2,807.205,2.502,1.63,4.723,0.961,1.925,1.809,3.893,0.763
2,807.921,2.446,2.071,3.763,0.89,2.316,1.579,4.268,0.958
2,808.644,2.466,1.585,3.632,1.002,2.438,1.844,4.311,0.837
1,809.538,1.857,1.441,4.909,0.719,1.949,1.973,4.081,0.739
1,810.879,2.358,1.737,3.605,0.773,2.1,1.582,4.25,0.654
2,810.944,2.207,1.861,4.686,0.88,2.45,2.13,3.707,0.993
1,818.233,2.194,1.544,4.444,0.688,2.197,1.413,4.696,0.759
1,818.308,2.427,1.601,4.596,0.786,1.881,1.644,4.115,0.642
2,818.962,2.156,1.964,4.746,0.843,1.901,1.907,4.844,0.96
2,820.751,2.577,1.758,4.368,0.764,2.517,1.83,4.585,0.749
1,822.557,1.914,1.861,4.038,0.751,1.889,1.838,4.724,0.684
2,822.657,2.319,2.0,4.472,0.846,1.93,1.916,3.659,0.85
2,822.725,2.405,1.957,4.331,0.954,2.63,1.528,4.886,0.953
1,824.4,1.919,1.779,4.556,0.687,2.4,1.445,4.936,0.786
2,824.559,1.883,2.06,3.733,0.803,1.876,2.122,4.275,0.86
1,827.443,2.187,1.656,3.778,0.738,2.483,1.947,4.223,0.64
2,828.637,2.011,1.52,3.978,0.815,1.894,1.951,4.511,0.964
1,828.647,2.388,1.494,3.884,0.807,2.163,1.803,4.907,0.848
2,828.749,2.264,2.047,4.62,0.91,2.537,2.132,4.356,0.76
1,830.107,1.903,1.62,3.685,0.702,2.175,1.415,4.823,0.776
2,831.45,2.222,1.599,3.803,0.732,1.98,1.892,3.94,0.972
2,831.721,2.118,2.047,5.063,0.774,2.079,1.589,3.763,0.998
2,831.937,2.19,1.82,4.996,1.007,1.891,2.112,4.964,0.99
2,834.035,2.164,2.126,4.987,0.722,2.22,2.074,4.258,0.912
1,834.288,2.513,1.598,4.974,0.683,2.566,1.846,4.085,0.846
2,836.831,1.912,1.754,4.078,0.873,1.952,2.078,3.864,0.904
2,839.054,2.044,1.546,3.966,0.794,2.427,1.614,4.962,0.967
2,839.496,2.438,1.557,4.335,0.914,1.95,1.861,4.222,0.873
2,841.318,2.643,1.765,4.133,0.798,1.93,1.589,3.775,0.767
2,843.846,2.079,1.956,5.092,0.8,2.007,1.602,3.675,0.72
1,845.482,1.881,1.79,4.871,0.646,1.999,1.405,4.258,0.845
2,845.826,2.481,1.914,3.626,0.799,2.161,1.532,4.631,0.961
2,846.113,2.313,1.694,3.934,0.888,2.316,1.556,3.848,0.83
2,846.274,2.073,1.604,3.82,0.73,1.888,2.07,4.325,0.791
2,846.96,2.008,2.07,4.999,0.838,2.479,2.073,3.66,0.78
1,848.024,1.996,1.933,4.412,0.729,1.936,1.656,4.791,0.618
2,851.252,1.922,2.04,4.384,0.899,2.605,1.884,3.985,0.88
2,851.582,1.881,1.735,4.446,0.765,2.192,1.861,3.77,0.982
2,851.942,2.332,1.914,3.985,0.969,1.868,1.6,4.175,0.797
2,852.292,2.135,1.832,4.673,1.005,2.565,1.626,3.95,0.737
2,853.376,2.626,1.947,4.344,0.837,2.271,1.964,4.809,0.791
2,854.276,2.558,2.036,4.591,0.822,2.418,1.849,4.75,0.772
2,854.396,2.207,1.581,4.768,0.774,2.059,1.777,4.311,0.863
2,857.542,2.003,1.871,4.742,0.867,1.875,1.958,3.671,0.943
2,858.746,2.048,2.027,4.861,0.895,2.36,1.906,4.614,0.771
2,859.458,2.188,2.007,4.304,0.941,2.022,1.868,5.056,0.873
2,860.174,2.118,1.769,4.584,0.84,1.883,1.838,4.631,0.868
2,860.666,1.97,1.723,3.785,0.771,1.948,1.764,4.031,0.954
2,861.493,2.508,1.562,4.664,0.961,2.473,2.125,4.809,0.813
1,862.009,2.388,1.496,4.17,0.848,2.142,1.534,3.854,0.852
2,862.788,2.011,1.772,4.585,0.956,2.508,1.948,4.181,0.885
2,867.422,2.253,1.695,4.394,0.874,2.14,1.98,3.888,0.87
2,868.497,2.285,1.535,3.978,0.959,1.918,1.758,5.1,0.847
2,869.136,2.228,1.944,4.686,0.844,2.369,1.542,4.344,0.809
1,870.1,2.414,1.735,4.81,0.614,2.402,1.755,4.11,0.765
2,870.247,2.513,2.091,4.768,0.944,2.137,1.655,4.252,0.953
2,870.985,2.329,1.66,4.866,0.867,2.378,1.858,4.677,0.923
2,872.546,2.025,1.514,4.24,0.98,2.118,1.658,4.004,0.804
2,873.225,2.483,1.904,3.64,0.719,2.633,2.047,4.851,0.733
2,875.168,2.246,1.69,5.119,1.002,2.394,1.971,4.996,0.793
2,875.556,2.126,1.795,4.187,0.946,2.19,1.792,3.632,0.88
2,877.015,2.197,1.599,4.589,0.977,2.625,1.557,4.446,0.81
2,877.32,2.258,1.736,4.933,0.995,2.348,2.075,4.958,0.903
1,878.071,2.029,1.727,4.357,0.74,2.192,1.655,4.917,0.619
2,879.783,2.207,1.671,4.135,0.97,2.225,1.807,4.357,0.745
2,879.832,2.238,1.781,4.837,0.955,2.277,2.028,4.848,0.9
1,880.292,1.963,1.791,5.049,0.815,2.163,1.858,3.652,0.668
1,880.362,2.532,1.799,3.724,0.736,2.061,1.653,3.706,0.861
2,880.509,1.935,1.801,4.746,0.934,2.34,1.665,4.956,0.964
1,882.874,2.272,1.708,4.199,0.785,1.906,1.757,4.583,0.649
2,883.847,2.604,1.684,4.768,0.83,2.263,1.658,3.628,0.912
2,884.094,2.529,1.644,4.166,0.75,2.093,1.612,4.729,0.785
1,887.374,1.983,1.961,3.61,0.776,2.511,1.88,4.503,0.713
1,889.642,2.503,1.567,4.379,0.642,2.228,1.448,3.846,0.696
2,890.35,2.571,1.917,4.304,0.995,2.298,1.845,4.455,0.965
2,890.386,2.238,1.903,5.052,0.789,2.436,1.813,3.652,0.963
2,890.782,2.409,2.028,4.756,1.014,1.9,2.035,4.79,0.726
1,890.831,2.1,1.457,4.596,0.765,2.455,1.68,4.725,0.826
1,892.268,2.464,1.773,4.43,0.764,1.914,1.779,4.301,0.831
2,893.579,1.9,1.547,4.187,0.775,2.147,1.873,4.22,0.892
2,896.919,2.005,1.995,4.245,0.797,2.247,1.933,4.703,0.969
2,897.382,1.872,1.889,3.741,0.768,2.629,1.528,4.356,1.017
2,898.976,2.34,2.081,3.86,0.934,2.055,1.516,4.715,0.914
2,899.89,2.022,2.104,4.419,0.923,2.631,1.913,4.963,0.953
2,900.336,2.044,1.95,4.588,0.833,2.438,1.815,4.515,0.829
1,901.465,2.482,1.463,3.64,0.659,2.476,1.718,4.62,0.643
1,901.768,2.528,1.441,3.711,0.821,2.126,1.41,3.733,0.685
2,902.772,1.982,2.053,4.956,0.977,1.948,1.799,3.622,0.752
1,902.992,2.391,1.847,4.165,0.861,2.095,1.776,3.605,0.65
2,903.482,2.022,2.028,4.572,0.732,2.258,1.836,4.978,0.836
2,903.832,2.604,1.52,4.957,0.775,2.251,1.698,3.913,0.805
2,904.114,2.23,1.917,5.092,0.834,2.188,1.777,4.365,0.844
2,904.394,2.059,1.982,3.893,0.766,2.046,2.125,3.785,0.95
2,905.556,1.87,1.889,4.686,1.006,2.424,1.538,3.918,0.833
2,905.599,2.19,1.776,4.085,0.97,2.596,1.919,4.285,0.837
1,906.833,2.163,1.598,4.765,0.617,2.597,1.801,4.442,0.618
2,908.686,2.408,1.764,4.818,0.78,2.201,1.654,4.389,0.752
2,911.233,2.082,1.656,4.258,0.803,2.607,1.844,4.929,0.758
2,911.329,2.277,1.546,5.127,0.852,2.253,1.78,4.96,0.915
2,913.026,2.028,1.656,3.74,0.952,2.253,2.084,3.776,0.719
1,913.355,2.143,1.439,3.941,0.767,2.491,1.432,4.967,0.619
2,914.521,1.881,1.919,3.69,0.824,2.022,1.775,4.504,0.846
2,914.882,2.256,1.768,4.119,0.803,2.164,1.733,3.685,0.868
2,916.285,1.964,1.716,3.922,0.894,1.97,1.588,4.388,0.857
2,916.494,2.554,1.888,3.652,0.828,2.079,1.737,4.651,0.809
2,917.073,2.502,1.708,4.137,0.722,2.192,1.733,4.522,0.925
2,917.339,1.92,1.886,4.194,0.886,2.213,2.001,3.835,0.749
2,919.674,2.109,1.679,3.738,0.988,2.231,1.583,3.964,0.928
2,919.87,2.134,1.726,3.639,0.949,2.597,1.514,3.999,1.005
2,921.114,2.447,2.04,3.635,0.977,2.51,1.63,5.098,0.747
1,921.599,1.965,1.706,4.186,0.648,2.167,1.579,4.083,0.845
2,921.723,2.39,1.866,5.025,0.95,1.938,1.783,4.623,0.808
2,922.68,2.187,1.661,4.051,0.866,1.891,1.543,4.462,0.975
2,924.89,2.624,1.699,3.936,0.741,2.135,1.904,5.025,0.838
1,926.146,2.1,1.554,4.981,0.746,2.22,1.565,4.89,0.852
1,927.581,2.056,1.848,4.8,0.703,2.096,1.505,4.689,0.692
2,927.997,2.319,1.984,4.075,0.83,1.915,2.127,4.307,0.746
1,928.162,2.327,1.702,4.441,0.854,2.328,1.728,4.632,0.832
2,928.49,2.209,2.097,3.635,0.791,2.544,1.982,3.772,0.97
1,928.799,2.117,1.97,4.43,0.691,2.282,1.861,4.688,0.715
2,929.421,2.415,1.841,4.346,0.91,2.269,1.739,4.568,0.956
2,929.745,2.231,1.998,4.292,0.999,2.4,2.002,3.936,0.997
2,930.066,2.542,1.528,3.667,1.017,2.319,1.804,4.614,0.832
2,931.376,1.871,1.764,4.359,0.763,2.305,1.964,4.661,0.899
2,934.266,1.959,1.579,4.563,0.766,2.386,1.959,4.901,0.975
2,937.533,2.314,1.964,3.946,0.907,2.035,1.836,3.96,0.976
1,938.154,1.868,1.728,3.775,0.61,2.026,1.582,4.186,0.702
2,940.059,2.04,1.98,4.897,0.927,2.492,2.105,4.743,1.003
1,940.235,2.171,1.418,4.357,0.695,2.528,1.509,4.888,0.763
1,942.844,1.88,1.939,5.014,0.75,2.479,1.978,4.536,0.722
1,943.345,1.891,1.801,3.937,0.73,1.989,1.942,4.508,0.752
2,943.951,2.632,1.83,4.033,0.868,2.132,1.694,4.178,0.961
2,946.732,2.056,1.753,5.1,0.886,2.027,1.795,4.5,0.747
2,946.881,1.888,2.121,4.527,0.834,2.301,1.904,4.64,0.718
2,947.952,2.398,1.953,4.622,0.965,2.512,1.819,4.118,0.953
1,949.179,2.029,1.543,4.874,0.618,2.186,1.615,4.523,0.618
2,949.392,2.481,1.657,4.162,0.808,2.247,2.123,3.657,0.966
2,950.153,2.443,2.124,5.091,0.746,1.866,1.591,5.114,0.756
2,950.203,2.136,1.619,3.985,0.738,2.063,1.52,4.581,0.866
1,950.563,2.242,1.911,4.478,0.814,2.406,1.518,4.219,0.676
2,950.821,2.537,2.037,3.838,0.737,1.943,1.598,4.062,0.899
2,951.768,2.306,1.914,3.86,0.982,2.424,1.906,4.629,0.763
2,952.044,2.241,1.815,4.04,0.722,2.531,1.637,4.838,0.766
2,953.436,2.209,1.54,3.897,0.854,2.158,1.555,5.127,0.741
1,954.37,1.912,1.444,4.564,0.848,2.623,1.651,4.706,0.633
2,956.257,2.615,1.556,3.761,0.982,2.238,1.801,4.472,0.83
2,958.554,1.959,1.792,4.087,0.842,2.056,2.042,4.785,1.007
1,958.826,1.86,1.959,3.648,0.858,2.612,1.662,4.044,0.785
2,959.496,2.074,2.089,4.742,0.926,1.969,1.546,4.504,0.776
1,960.653,1.879,1.92,4.132,0.798,2.373,1.654,4.219,0.757
1,961.042,2.455,1.554,3.822,0.656,1.94,1.656,4.505,0.807
2,962.188,2.115,1.96,4.474,0.851,2.202,1.764,4.085,0.944
2,964.996,2.309,1.913,3.828,0.988,2.226,2.047,4.112,0.905
2,966.081,2.386,2.025,5.098,0.721,2.466,1.824,4.128,0.996
2,967.662,2.469,1.991,4.739,0.993,2.194,1.516,4.269,0.745
2,969.037,2.099,1.753,4.086,0.965,2.136,1.968,4.252,0.753
2,969.21,2.03,1.733,4.638,0.934,2.505,1.967,3.775,0.768
2,969.43,2.388,1.637,4.307,0.873,2.141,1.591,4.59,0.839
2,970.025,2.084,1.999,4.245,0.881,2.607,1.96,4.176,0.917
2,971.969,2.127,1.72,4.941,0.928,2.378,1.77,3.788,0.731
2,973.145,2.348,1.887,4.04,1.015,1.9,1.978,3.992,0.768
2,974.974,2.508,1.902,3.948,0.954,2.094,1.735,3.953,0.97
2,978.281,2.503,1.644,5.016,0.844,2.016,2.036,3.927,0.871
2,978.47,1.87,1.528,3.777,0.98,1.914,1.718,4.01,0.856
2,978.908,2.514,1.55,4.087,0.769,2.582,2.032,5.085,0.797
2,980.456,2.308,1.818,3.922,0.72,2.253,1.695,5.091,0.949
2,980.704,2.182,2.047,3.639,0.828,1.944,1.919,3.848,1.01
2,983.086,2.35,2.069,4.365,0.813,2.163,1.609,4.06,0.917
2,987.449,2.272,1.66,3.796,0.938,2.421,1.88,4.642,0.994
1,993.723,2.056,1.622,4.824,0.695,2.454,1.752,3.696,0.659
2,995.123,2.517,1.652,4.99,1.005,2.109,1.769,4.713,0.745
2,995.149,2.209,1.881,4.266,1.008,1.886,2.112,4.233,0.845
2,997.041,2.073,1.788,5.048,0.988,2.525,1.68,4.359,0.751
2,998.137,2.285,2.057,3.922,0.758,2.256,1.949,4.929,0.832
2,998.705,2.625,1.748,4.846,0.756,2.093,1.788,4.369,0.799
2,999.828,2.14,1.966,4.446,0.839,2.276,2.088,4.597,0.899
2,1000.276,2.404,2.005,3.637,0.998,2.143,1.831,4.767,0.817
2,1001.657,2.272,1.519,3.893,0.909,1.912,1.97,3.63,0.743
2,1002.199,2.179,1.752,3.627,0.747,2.412,1.526,4.841,0.856
2,1002.763,2.442,2.06,4.768,0.864,2.446,1.858,4.259,0.734
2,1004.543,2.555,2.065,4.039,0.892,2.442,1.662,4.267,0.995
2,1005.066,2.268,1.571,4.679,0.736,2.31,2.017,5.032,0.886
2,1005.11,1.945,2.071,4.869,0.874,1.882,1.889,4.56,0.804
2,1008.193,2.014,2.108,4.304,0.961,2.639,1.697,4.226,0.736
2,1008.959,2.314,1.514,3.897,0.785,1.961,1.695,3.985,0.903
1,1009.254,2.195,1.702,4.713,0.753,1.878,1.44,4.87,0.627
2,1009.379,2.243,1.902,3.834,0.998,1.894,1.516,3.997,0.852
1,1010.574,2.167,1.668,4.622,0.688,2.482,1.667,4.196,0.804
2,1012.56,2.181,1.99,4.04,0.763,1.943,1.949,4.661,0.829
2,1015.674,2.172,1.582,3.852,0.815,2.277,1.799,4.346,0.968
2,1016.698,2.625,2.122,4.25,0.831,2.498,1.908,3.669,0.821
2,1017.258,2.22,2.027,4.62,0.967,1.923,1.519,3.756,0.924
2,1019.209,2.516,1.63,4.462,0.815,2.375,1.648,4.394,0.829
2,1020.346,2.008,1.615,3.706,0.747,2.151,2.109,3.93,0.882
2,1021.402,1.9,1.762,3.939,0.917,1.885,1.747,4.115,0.911
2,1021.844,2.251,1.992,4.356,0.888,1.912,1.793,4.625,1.002
2,1022.317,1.97,1.908,4.586,0.745,2.276,1.546,4.902,0.891
2,1023.349,2.035,1.98,3.886,0.839,2.383,1.74,4.987,0.92
1,1023.5,2.373,1.473,3.72,0.698,1.853,1.696,4.961,0.664
2,1028.498,1.951,2.014,3.854,0.84,1.951,1.619,4.395,0.991
2,1028.731,2.01,2.015,4.514,0.785,2.063,1.581,4.033,0.871
1,1029.485,1.953,1.754,4.115,0.617,2.207,1.888,4.119,0.811
2,1030.258,2.391,1.654,4.384,0.965,1.902,1.891,4.344,0.837
2,1030.839,1.922,1.808,4.995,0.987,2.1,1.546,3.987,0.961
2,1032.457,2.097,2.009,5.115,0.91,2.228,1.553,4.5,0.802
2,1033.145,2.462,1.52,3.828,0.792,2.554,1.903,4.152,1.0
2,1033.872,2.066,2.059,4.673,0.729,2.043,1.989,3.709,0.76
2,1034.413,2.192,1.846,4.251,0.883,2.188,1.705,5.056,0.911
2,1034.512,2.085,1.917,3.708,1.013,2.059,1.735,4.295,0.991
2,1039.782,2.348,1.715,4.365,0.829,1.873,2.013,5.03,0.796
2,1040.728,1.91,1.728,4.325,0.758,2.361,1.74,4.338,0.834
2,1041.159,1.873,1.662,4.894,0.818,2.497,2.082,4.433,0.88
2,1042.101,2.209,1.813,3.922,0.866,2.044,2.094,4.338,0.968
1,1042.12,1.872,1.42,3.688,0.661,2.552,1.471,4.067,0.696
1,1043.032,2.571,1.766,4.694,0.704,2.446,1.544,4.978,0.748
1,1043.082,2.35,1.463,4.44,0.684,2.146,1.609,3.803,0.829
2,1043.12,2.513,2.049,4.275,0.758,2.25,2.013,4.508,0.816
2,1044.454,2.285,2.099,3.864,0.745,2.361,1.937,4.085,0.858
2,1045.886,1.935,1.776,4.441,0.772,1.99,2.057,4.98,0.8
2,1049.166,1.943,1.609,4.041,0.843,2.412,2.047,3.795,0.863
2,1049.274,1.888,1.871,4.06,0.797,2.631,1.725,4.024,0.795
2,1051.139,2.088,1.722,4.841,0.771,2.416,1.925,4.742,0.747
2,1051.154,2.394,1.99,4.598,0.928,2.462,1.861,4.327,0.866
2,1052.031,2.544,1.725,5.131,0.774,2.645,2.104,4.474,0.818
1,1064.578,2.567,1.422,4.88,0.696,2.101,1.732,4.357,0.687
1,1068.29,2.082,1.779,4.43,0.631,2.321,1.489,3.848,0.854
1,1070.926,1.986,1.574,3.896,0.848,1.854,1.543,3.986,0.852
1,1071.585,2.582,1.707,3.674,0.682,2.421,1.572,4.609,0.638
